date,skew,put_index
1990-01-02,126.0900,
1990-01-03,123.3400,
1990-01-04,122.6200,
1990-01-05,121.2700,
1990-01-08,124.1200,
1990-01-09,119.8200,
1990-01-10,120.8200,
1990-01-11,107.4800,
1990-01-12,116.7800,
1990-01-15,116.1600,
1990-01-16,120.6200,
1990-01-17,123.0300,
1990-01-18,131.1400,
1990-01-19,129.3100,
1990-01-22,118.9500,
1990-01-23,117.9400,
1990-01-24,128.7500,
1990-01-25,124.3300,
1990-01-26,122.7600,
1990-01-29,124.6000,
1990-01-30,120.9100,
1990-01-31,128.2200,
1990-02-01,129.5300,
1990-02-02,132.5300,
1990-02-05,121.2200,
1990-02-06,120.3000,
1990-02-07,123.3500,
1990-02-08,124.8700,
1990-02-09,126.0600,
1990-02-12,126.9900,
1990-02-13,133.0600,
1990-02-14,131.5500,
1990-02-15,139.0700,
1990-02-16,136.6100,
1990-02-20,126.4700,
1990-02-21,129.1700,
1990-02-22,124.8000,
1990-02-23,125.8200,
1990-02-26,130.6900,
1990-02-27,131.4500,
1990-02-28,123.1000,
1990-03-01,123.9600,
1990-03-02,126.4400,
1990-03-05,124.2400,
1990-03-06,124.8600,
1990-03-07,121.0800,
1990-03-08,124.4600,
1990-03-09,125.6000,
1990-03-12,129.6900,
1990-03-13,128.0700,
1990-03-14,131.8200,
1990-03-15,133.0200,
1990-03-16,136.7300,
1990-03-19,138.6900,
1990-03-20,134.2000,
1990-03-21,132.5800,
1990-03-22,129.8000,
1990-03-23,130.7600,
1990-03-26,129.9000,
1990-03-27,135.3300,
1990-03-28,133.5100,
1990-03-29,131.2000,
1990-03-30,111.3300,
1990-04-02,126.4600,
1990-04-03,117.6300,
1990-04-04,114.1300,
1990-04-05,114.4200,
1990-04-06,114.9100,
1990-04-09,117.6000,
1990-04-10,119.0900,
1990-04-11,108.8700,
1990-04-12,121.5200,
1990-04-16,126.0500,
1990-04-17,131.2400,
1990-04-18,122.7400,
1990-04-19,120.7700,
1990-04-20,120.8800,
1990-04-23,120.0300,
1990-04-24,124.5600,
1990-04-25,127.0300,
1990-04-26,124.5100,
1990-04-27,118.8400,
1990-04-30,110.4900,
1990-05-01,111.9900,
1990-05-02,128.4900,
1990-05-03,114.2700,
1990-05-04,116.3500,
1990-05-07,117.2200,
1990-05-08,117.8300,
1990-05-09,117.2700,
1990-05-10,119.5000,
1990-05-11,119.5100,
1990-05-14,123.1200,
1990-05-15,125.1000,
1990-05-16,125.7000,
1990-05-17,121.9500,
1990-05-18,124.6800,
1990-05-21,127.3500,
1990-05-22,124.8800,
1990-05-23,118.8000,
1990-05-24,117.3000,
1990-05-25,111.9300,
1990-05-29,122.1800,
1990-05-30,119.8800,
1990-05-31,120.2100,
1990-06-01,119.3300,
1990-06-04,122.7800,
1990-06-05,121.2200,
1990-06-06,121.4500,
1990-06-07,123.9900,
1990-06-08,122.1300,
1990-06-11,132.1400,
1990-06-12,132.6100,
1990-06-13,131.5100,
1990-06-14,132.4500,
1990-06-15,138.3100,
1990-06-18,133.3100,
1990-06-19,136.2100,
1990-06-20,139.1200,
1990-06-21,142.5700,
1990-06-22,139.6200,
1990-06-25,106.8000,
1990-06-26,104.6500,
1990-06-27,106.5400,
1990-06-28,107.4200,
1990-06-29,107.3100,
1990-07-02,108.1600,
1990-07-03,107.6200,
1990-07-05,105.0800,
1990-07-06,107.2700,
1990-07-09,106.5000,
1990-07-10,105.1900,
1990-07-11,107.8400,
1990-07-12,109.7100,
1990-07-13,109.3300,
1990-07-16,108.6500,
1990-07-17,107.6500,
1990-07-18,133.7500,
1990-07-19,137.9400,
1990-07-20,109.7100,
1990-07-23,127.1300,
1990-07-24,127.6100,
1990-07-25,130.8500,
1990-07-26,131.0000,
1990-07-27,127.6200,
1990-07-30,132.4400,
1990-07-31,132.0700,
1990-08-01,131.0100,
1990-08-02,110.0800,
1990-08-03,119.6000,
1990-08-06,114.6500,
1990-08-07,119.0900,
1990-08-08,125.1900,
1990-08-09,128.9000,
1990-08-10,123.0100,
1990-08-13,119.3400,
1990-08-14,120.5200,
1990-08-15,120.0400,
1990-08-16,117.1800,
1990-08-17,117.3600,
1990-08-20,118.3600,
1990-08-21,114.5200,
1990-08-22,112.4900,
1990-08-23,110.9200,
1990-08-24,113.4200,
1990-08-27,117.6900,
1990-08-28,117.9000,
1990-08-29,118.6300,
1990-08-30,116.7400,
1990-08-31,119.4800,
1990-09-04,119.9200,
1990-09-05,119.8800,
1990-09-06,116.9800,
1990-09-07,117.8200,
1990-09-10,118.7700,
1990-09-11,119.1600,
1990-09-12,118.2800,
1990-09-13,116.9100,
1990-09-14,119.0300,
1990-09-17,116.8000,
1990-09-18,117.4900,
1990-09-19,116.4800,
1990-09-20,115.8800,
1990-09-21,118.2200,
1990-09-24,111.3000,
1990-09-25,115.7200,
1990-09-26,114.7600,
1990-09-27,112.8500,
1990-09-28,113.2400,
1990-10-01,116.5600,
1990-10-02,116.8100,
1990-10-03,115.6000,
1990-10-04,116.1600,
1990-10-05,117.2300,
1990-10-08,116.4900,
1990-10-09,112.8000,
1990-10-10,110.6500,
1990-10-11,109.7800,
1990-10-12,111.9200,
1990-10-15,112.3500,
1990-10-16,111.0700,
1990-10-17,111.7400,
1990-10-18,114.6500,
1990-10-19,117.5600,
1990-10-22,116.1100,
1990-10-23,115.1300,
1990-10-24,116.1700,
1990-10-25,114.7500,
1990-10-26,111.7900,
1990-10-29,112.3500,
1990-10-30,113.4200,
1990-10-31,113.9700,
1990-11-01,112.5300,
1990-11-02,115.2900,
1990-11-05,114.4800,
1990-11-06,114.4700,
1990-11-07,114.5900,
1990-11-08,114.6600,
1990-11-09,117.1100,
1990-11-12,115.5700,
1990-11-13,116.1000,
1990-11-14,117.0200,
1990-11-15,116.9700,
1990-11-16,119.9700,
1990-11-19,121.2800,
1990-11-20,118.2800,
1990-11-21,119.2800,
1990-11-23,116.3700,
1990-11-26,118.3300,
1990-11-27,119.4500,
1990-11-28,120.1500,
1990-11-29,117.7100,
1990-11-30,122.6500,
1990-12-03,122.2400,
1990-12-04,124.3700,
1990-12-05,127.3800,
1990-12-06,126.3100,
1990-12-07,124.4300,
1990-12-10,125.1000,
1990-12-11,125.9800,
1990-12-12,128.5700,
1990-12-13,122.5700,
1990-12-14,122.1400,
1990-12-17,120.4500,
1990-12-18,123.9900,
1990-12-19,126.3100,
1990-12-20,122.3500,
1990-12-21,129.6100,
1990-12-24,121.2900,
1990-12-26,127.3000,
1990-12-27,124.7900,
1990-12-28,127.5900,
1990-12-31,126.5700,
1991-01-02,121.3500,
1991-01-03,122.7600,
1991-01-04,121.9500,
1991-01-07,118.1200,
1991-01-08,116.7600,
1991-01-09,114.2600,
1991-01-10,117.2800,
1991-01-11,114.5800,
1991-01-14,112.3800,
1991-01-15,112.7100,
1991-01-16,115.8500,
1991-01-17,121.7200,
1991-01-18,125.6100,
1991-01-21,122.4100,
1991-01-22,117.9400,
1991-01-23,118.1500,
1991-01-24,121.9000,
1991-01-25,124.2000,
1991-01-28,122.9100,
1991-01-29,122.5300,
1991-01-30,127.4400,
1991-01-31,121.6500,
1991-02-01,121.2500,
1991-02-04,123.2100,
1991-02-05,123.9200,
1991-02-06,121.1000,
1991-02-07,121.2400,
1991-02-08,121.0500,
1991-02-11,121.5300,
1991-02-12,121.1900,
1991-02-13,123.6900,
1991-02-14,120.5800,
1991-02-15,118.9400,
1991-02-19,112.3800,
1991-02-20,114.9600,
1991-02-21,113.8200,
1991-02-22,114.9200,
1991-02-25,114.7600,
1991-02-26,108.5700,
1991-02-27,117.3800,
1991-02-28,116.3700,
1991-03-01,116.3600,
1991-03-04,117.9300,
1991-03-05,122.8900,
1991-03-06,119.4000,
1991-03-07,118.5600,
1991-03-08,118.5100,
1991-03-11,123.9200,
1991-03-12,125.6600,
1991-03-13,131.9400,
1991-03-14,101.7900,
1991-03-15,102.7300,
1991-03-18,103.5300,
1991-03-19,101.2300,
1991-03-20,102.8100,
1991-03-21,101.3100,
1991-03-22,103.4000,
1991-03-25,104.0700,
1991-03-26,106.6500,
1991-03-27,103.5300,
1991-03-28,105.6700,
1991-04-01,105.7500,
1991-04-02,109.3500,
1991-04-03,108.8200,
1991-04-04,109.3500,
1991-04-05,108.5100,
1991-04-08,104.1200,
1991-04-09,109.0500,
1991-04-10,109.5600,
1991-04-11,105.7400,
1991-04-12,116.6400,
1991-04-15,118.6600,
1991-04-16,122.7100,
1991-04-17,123.4200,
1991-04-18,106.5700,
1991-04-19,105.7000,
1991-04-22,105.8200,
1991-04-23,106.6800,
1991-04-24,107.0900,
1991-04-25,107.9000,
1991-04-26,108.5100,
1991-04-29,108.5700,
1991-04-30,109.0600,
1991-05-01,110.9000,
1991-05-02,111.4300,
1991-05-03,110.5800,
1991-05-06,112.8600,
1991-05-07,111.5300,
1991-05-08,113.9600,
1991-05-09,114.0100,
1991-05-10,113.6600,
1991-05-13,117.4200,
1991-05-14,115.6900,
1991-05-15,116.9800,
1991-05-16,117.0700,
1991-05-17,117.3200,
1991-05-20,116.4200,
1991-05-21,116.6100,
1991-05-22,116.2900,
1991-05-23,115.9800,
1991-05-24,116.1900,
1991-05-28,122.3300,
1991-05-29,120.9600,
1991-05-30,116.1100,
1991-05-31,117.2000,
1991-06-03,115.6200,
1991-06-04,114.5100,
1991-06-05,111.7600,
1991-06-06,112.2800,
1991-06-07,113.5200,
1991-06-10,112.3700,
1991-06-11,113.4500,
1991-06-12,115.1100,
1991-06-13,116.3600,
1991-06-14,121.0800,
1991-06-17,116.0700,
1991-06-18,116.7100,
1991-06-19,118.7000,
1991-06-20,119.7200,
1991-06-21,124.8600,
1991-06-24,115.9600,
1991-06-25,117.0000,
1991-06-26,116.3600,
1991-06-27,118.2900,
1991-06-28,114.9800,
1991-07-01,112.4900,
1991-07-02,112.5600,
1991-07-03,110.5600,
1991-07-05,118.1800,
1991-07-08,120.9700,
1991-07-09,113.8700,
1991-07-10,113.3600,
1991-07-11,116.5300,
1991-07-12,119.1400,
1991-07-15,122.0700,
1991-07-16,119.8100,
1991-07-17,119.2500,
1991-07-18,121.0700,
1991-07-19,123.0600,
1991-07-22,123.0200,
1991-07-23,120.0800,
1991-07-24,110.4500,
1991-07-25,111.6100,
1991-07-26,111.7600,
1991-07-29,114.3000,
1991-07-30,112.3100,
1991-07-31,111.5000,
1991-08-01,107.7100,
1991-08-02,109.7600,
1991-08-05,109.0200,
1991-08-06,108.9200,
1991-08-07,109.9200,
1991-08-08,109.6200,
1991-08-09,108.8400,
1991-08-12,109.6000,
1991-08-13,111.2600,
1991-08-14,110.7000,
1991-08-15,110.8600,
1991-08-16,112.4800,
1991-08-19,119.3700,
1991-08-20,117.2300,
1991-08-21,114.0300,
1991-08-22,110.4100,
1991-08-23,111.1700,
1991-08-26,112.7400,
1991-08-27,113.3200,
1991-08-28,114.6000,
1991-08-29,114.6900,
1991-08-30,115.3600,
1991-09-03,114.6200,
1991-09-04,114.1400,
1991-09-05,114.6100,
1991-09-06,114.5000,
1991-09-09,114.7800,
1991-09-10,114.5900,
1991-09-11,114.7200,
1991-09-12,115.2400,
1991-09-13,115.2500,
1991-09-16,109.1800,
1991-09-17,116.3600,
1991-09-18,117.8500,
1991-09-19,107.9900,
1991-09-20,120.9900,
1991-09-23,108.5000,
1991-09-24,109.7800,
1991-09-25,110.8200,
1991-09-26,108.8900,
1991-09-27,108.3600,
1991-09-30,112.1300,
1991-10-01,112.6500,
1991-10-02,111.5800,
1991-10-03,105.7100,
1991-10-04,103.9300,
1991-10-07,109.8000,
1991-10-08,111.1700,
1991-10-09,109.4400,
1991-10-10,103.8200,
1991-10-11,104.6600,
1991-10-14,107.2600,
1991-10-15,106.9900,
1991-10-16,106.1700,
1991-10-17,107.8100,
1991-10-18,110.2800,
1991-10-21,108.9700,
1991-10-22,107.6800,
1991-10-23,108.4200,
1991-10-24,107.0000,
1991-10-25,107.4500,
1991-10-28,107.9600,
1991-10-29,109.1400,
1991-10-30,110.2000,
1991-10-31,109.6300,
1991-11-01,110.1900,
1991-11-04,110.8700,
1991-11-05,110.1100,
1991-11-06,110.9100,
1991-11-07,110.4000,
1991-11-08,110.3700,
1991-11-11,109.4500,
1991-11-12,109.9100,
1991-11-13,109.8100,
1991-11-14,110.2300,
1991-11-15,114.7700,
1991-11-18,116.4600,
1991-11-19,119.7900,
1991-11-20,115.5700,
1991-11-21,114.3800,
1991-11-22,111.7600,
1991-11-25,115.3700,
1991-11-26,117.4200,
1991-11-27,115.3800,
1991-11-29,110.2200,
1991-12-02,115.3900,
1991-12-03,114.4300,
1991-12-04,114.9700,
1991-12-05,113.2800,
1991-12-06,115.4900,
1991-12-09,113.9400,
1991-12-10,113.1600,
1991-12-11,113.3900,
1991-12-12,115.9400,
1991-12-13,116.1100,
1991-12-16,116.9600,
1991-12-17,118.8800,
1991-12-18,119.4600,
1991-12-19,120.3500,
1991-12-20,122.3900,
1991-12-23,125.9000,
1991-12-24,127.0300,
1991-12-26,115.1900,
1991-12-27,114.2300,
1991-12-30,114.2500,
1991-12-31,113.5500,
1992-01-02,116.0600,
1992-01-03,116.2800,
1992-01-06,115.6700,
1992-01-07,116.3500,
1992-01-08,115.5300,
1992-01-09,116.4800,
1992-01-10,116.8200,
1992-01-13,118.2000,
1992-01-14,121.4600,
1992-01-15,121.9800,
1992-01-16,110.8500,
1992-01-17,109.7000,
1992-01-20,110.9000,
1992-01-21,110.2000,
1992-01-22,111.8000,
1992-01-23,109.7800,
1992-01-24,110.2900,
1992-01-27,110.3400,
1992-01-28,110.6600,
1992-01-29,110.7300,
1992-01-30,111.6700,
1992-01-31,110.9300,
1992-02-03,112.1600,
1992-02-04,112.8500,
1992-02-05,112.6500,
1992-02-06,113.7700,
1992-02-07,112.3000,
1992-02-10,113.6800,
1992-02-11,112.8500,
1992-02-12,112.0200,
1992-02-13,113.7100,
1992-02-14,112.8400,
1992-02-18,113.3900,
1992-02-19,110.7600,
1992-02-20,111.0200,
1992-02-21,114.4700,
1992-02-24,111.1000,
1992-02-25,110.6900,
1992-02-26,110.0700,
1992-02-27,112.6700,
1992-02-28,109.0600,
1992-03-02,108.3300,
1992-03-03,112.4800,
1992-03-04,106.0600,
1992-03-05,111.8500,
1992-03-06,110.9200,
1992-03-09,111.2300,
1992-03-10,112.8000,
1992-03-11,112.0000,
1992-03-12,112.3500,
1992-03-13,114.8400,
1992-03-16,118.5700,
1992-03-17,107.2900,
1992-03-18,107.7200,
1992-03-19,107.8500,
1992-03-20,109.3600,
1992-03-23,108.7900,
1992-03-24,106.7900,
1992-03-25,106.6500,
1992-03-26,106.6100,
1992-03-27,107.2700,
1992-03-30,109.4300,
1992-03-31,109.8600,
1992-04-01,112.5600,
1992-04-02,110.5600,
1992-04-03,111.5100,
1992-04-06,108.9300,
1992-04-07,111.2400,
1992-04-08,110.6700,
1992-04-09,115.8800,
1992-04-10,117.1000,
1992-04-13,108.3600,
1992-04-14,108.6200,
1992-04-15,111.7900,
1992-04-16,112.0800,
1992-04-20,110.8800,
1992-04-21,111.2600,
1992-04-22,109.4100,
1992-04-23,110.6200,
1992-04-24,109.7200,
1992-04-27,110.4000,
1992-04-28,110.9100,
1992-04-29,112.4900,
1992-04-30,113.2400,
1992-05-01,113.2500,
1992-05-04,114.5100,
1992-05-05,114.5600,
1992-05-06,112.8100,
1992-05-07,111.4800,
1992-05-08,113.0600,
1992-05-11,112.9600,
1992-05-12,116.5200,
1992-05-13,114.2800,
1992-05-14,112.9600,
1992-05-15,112.8800,
1992-05-18,115.7200,
1992-05-19,114.4300,
1992-05-20,114.2000,
1992-05-21,113.4400,
1992-05-22,112.2300,
1992-05-26,114.7100,
1992-05-27,110.9000,
1992-05-28,111.2700,
1992-05-29,109.4700,
1992-06-01,111.8200,
1992-06-02,110.7200,
1992-06-03,109.6200,
1992-06-04,108.9600,
1992-06-05,110.0700,
1992-06-08,109.6400,
1992-06-09,107.8500,
1992-06-10,108.5800,
1992-06-11,108.0200,
1992-06-12,108.3900,
1992-06-15,106.1000,
1992-06-16,107.8500,
1992-06-17,104.3400,
1992-06-18,105.0500,
1992-06-19,107.8500,
1992-06-22,108.1800,
1992-06-23,109.1400,
1992-06-24,108.4100,
1992-06-25,106.6800,
1992-06-26,108.2800,
1992-06-29,111.7400,
1992-06-30,111.8800,
1992-07-01,110.3400,
1992-07-02,112.0500,
1992-07-06,115.5200,
1992-07-07,109.3600,
1992-07-08,109.7900,
1992-07-09,111.1200,
1992-07-10,111.7000,
1992-07-13,111.0400,
1992-07-14,112.6700,
1992-07-15,111.1500,
1992-07-16,112.5300,
1992-07-17,112.9400,
1992-07-20,111.4400,
1992-07-21,109.7800,
1992-07-22,111.8100,
1992-07-23,111.8600,
1992-07-24,113.3100,
1992-07-27,112.7000,
1992-07-28,112.9500,
1992-07-29,111.8500,
1992-07-30,110.9500,
1992-07-31,111.5500,
1992-08-03,113.4400,
1992-08-04,114.1500,
1992-08-05,112.0000,
1992-08-06,112.2700,
1992-08-07,113.0800,
1992-08-10,113.9700,
1992-08-11,112.9000,
1992-08-12,114.1500,
1992-08-13,112.2500,
1992-08-14,112.7800,
1992-08-17,114.9600,
1992-08-18,110.0000,
1992-08-19,110.5700,
1992-08-20,111.5300,
1992-08-21,114.3300,
1992-08-24,109.4900,
1992-08-25,109.4400,
1992-08-26,111.2000,
1992-08-27,110.2600,
1992-08-28,110.9900,
1992-08-31,112.1700,
1992-09-01,111.5300,
1992-09-02,110.6900,
1992-09-03,111.5400,
1992-09-04,110.7000,
1992-09-08,110.5400,
1992-09-09,109.6600,
1992-09-10,113.5700,
1992-09-11,114.0000,
1992-09-14,116.3400,
1992-09-15,112.6900,
1992-09-16,111.5600,
1992-09-17,110.8500,
1992-09-18,117.2000,
1992-09-21,113.9600,
1992-09-22,113.5000,
1992-09-23,114.2900,
1992-09-24,115.8800,
1992-09-25,114.2500,
1992-09-28,116.1800,
1992-09-29,116.3100,
1992-09-30,115.1600,
1992-10-01,113.9700,
1992-10-02,111.3500,
1992-10-05,111.3500,
1992-10-06,109.5200,
1992-10-07,109.2500,
1992-10-08,112.2100,
1992-10-09,112.1400,
1992-10-12,112.4000,
1992-10-13,113.7500,
1992-10-14,114.5800,
1992-10-15,115.1300,
1992-10-16,114.6600,
1992-10-19,117.3500,
1992-10-20,115.0400,
1992-10-21,115.9100,
1992-10-22,113.5600,
1992-10-23,113.5100,
1992-10-26,115.5100,
1992-10-27,114.5100,
1992-10-28,110.2400,
1992-10-29,111.2500,
1992-10-30,110.2800,
1992-11-02,111.2600,
1992-11-03,111.6200,
1992-11-04,111.2800,
1992-11-05,112.7700,
1992-11-06,112.6300,
1992-11-09,113.3900,
1992-11-10,113.6600,
1992-11-11,114.2200,
1992-11-12,115.6300,
1992-11-13,116.2100,
1992-11-16,114.3100,
1992-11-17,113.8600,
1992-11-18,117.0300,
1992-11-19,114.1500,
1992-11-20,115.3800,
1992-11-23,110.3800,
1992-11-24,112.8100,
1992-11-25,111.6900,
1992-11-27,110.5300,
1992-11-30,112.1000,
1992-12-01,112.9900,
1992-12-02,111.6400,
1992-12-03,112.1100,
1992-12-04,112.2200,
1992-12-07,113.1200,
1992-12-08,113.3300,
1992-12-09,111.3800,
1992-12-10,114.2400,
1992-12-11,113.4500,
1992-12-14,110.7700,
1992-12-15,109.8500,
1992-12-16,109.5300,
1992-12-17,110.5300,
1992-12-18,114.8400,
1992-12-21,112.9300,
1992-12-22,113.8800,
1992-12-23,110.5900,
1992-12-24,110.2400,
1992-12-28,111.0100,
1992-12-29,110.9700,
1992-12-30,112.2200,
1992-12-31,110.8300,
1993-01-04,109.1600,
1993-01-05,111.7100,
1993-01-06,112.4200,
1993-01-07,111.9400,
1993-01-08,113.2300,
1993-01-11,111.0700,
1993-01-12,111.2000,
1993-01-13,111.9300,
1993-01-14,112.8100,
1993-01-15,115.0700,
1993-01-18,114.2600,
1993-01-19,113.2500,
1993-01-20,113.1200,
1993-01-21,115.3300,
1993-01-22,113.7500,
1993-01-25,115.4700,
1993-01-26,114.4000,
1993-01-27,114.2400,
1993-01-28,114.2000,
1993-01-29,113.9000,
1993-02-01,117.8400,
1993-02-02,115.4600,
1993-02-03,116.0600,
1993-02-04,115.8100,
1993-02-05,115.0900,
1993-02-08,117.1200,
1993-02-09,115.6700,
1993-02-10,116.6200,
1993-02-11,116.2400,
1993-02-12,116.4900,
1993-02-16,112.7500,
1993-02-17,113.9700,
1993-02-18,114.6900,
1993-02-19,116.4400,
1993-02-22,116.3200,
1993-02-23,116.2000,
1993-02-24,118.2000,
1993-02-25,115.6600,
1993-02-26,117.1100,
1993-03-01,114.1600,
1993-03-02,118.9300,
1993-03-03,125.2800,
1993-03-04,115.2900,
1993-03-05,114.7400,
1993-03-08,113.7800,
1993-03-09,115.9100,
1993-03-10,116.7500,
1993-03-11,115.2000,
1993-03-12,116.3700,
1993-03-15,114.1400,
1993-03-16,113.7200,
1993-03-17,110.6100,
1993-03-18,114.0500,
1993-03-19,111.1500,
1993-03-22,111.9000,
1993-03-23,112.8100,
1993-03-24,112.0600,
1993-03-25,112.5900,
1993-03-26,112.8200,
1993-03-29,113.2200,
1993-03-30,111.5100,
1993-03-31,110.8300,
1993-04-01,110.9600,
1993-04-02,110.6000,
1993-04-05,110.4600,
1993-04-06,110.0100,
1993-04-07,111.1400,
1993-04-08,111.8800,
1993-04-12,112.5500,
1993-04-13,113.0800,
1993-04-14,112.4400,
1993-04-15,112.4700,
1993-04-16,112.9000,
1993-04-19,110.8300,
1993-04-20,113.1600,
1993-04-21,111.5400,
1993-04-22,110.1900,
1993-04-23,109.8000,
1993-04-26,110.6700,
1993-04-27,113.4100,
1993-04-28,112.1800,
1993-04-29,114.6500,
1993-04-30,112.3300,
1993-05-03,112.1100,
1993-05-04,109.9700,
1993-05-05,111.1000,
1993-05-06,111.6800,
1993-05-07,113.3200,
1993-05-10,112.9900,
1993-05-11,112.7600,
1993-05-12,114.8300,
1993-05-13,112.9400,
1993-05-14,116.0300,
1993-05-17,115.0700,
1993-05-18,115.4200,
1993-05-19,117.5800,
1993-05-20,120.2700,
1993-05-21,118.0200,
1993-05-24,117.7600,
1993-05-25,118.5600,
1993-05-26,117.1000,
1993-05-27,115.0600,
1993-05-28,122.0400,
1993-06-01,120.7700,
1993-06-02,115.3800,
1993-06-03,114.6200,
1993-06-04,114.5900,
1993-06-07,111.2200,
1993-06-08,119.4800,
1993-06-09,111.4700,
1993-06-10,121.2800,
1993-06-11,113.3200,
1993-06-14,111.8400,
1993-06-15,110.1300,
1993-06-16,111.8900,
1993-06-17,112.3400,
1993-06-18,111.0500,
1993-06-21,113.8300,
1993-06-22,109.1300,
1993-06-23,112.1300,
1993-06-24,115.2600,
1993-06-25,111.5300,
1993-06-28,112.5200,
1993-06-29,110.0700,
1993-06-30,110.5500,
1993-07-01,109.1400,
1993-07-02,108.6300,
1993-07-06,108.4300,
1993-07-07,109.4600,
1993-07-08,110.4700,
1993-07-09,111.3000,
1993-07-12,110.2500,
1993-07-13,110.0700,
1993-07-14,110.4400,
1993-07-15,111.6900,
1993-07-16,112.4500,
1993-07-19,111.2700,
1993-07-20,110.1600,
1993-07-21,111.1200,
1993-07-22,110.2200,
1993-07-23,113.0300,
1993-07-26,112.1000,
1993-07-27,111.4900,
1993-07-28,111.1500,
1993-07-29,110.8700,
1993-07-30,112.8900,
1993-08-02,111.9300,
1993-08-03,110.9800,
1993-08-04,110.7400,
1993-08-05,110.0500,
1993-08-06,113.2400,
1993-08-09,111.5900,
1993-08-10,111.3500,
1993-08-11,112.0700,
1993-08-12,113.4900,
1993-08-13,116.7300,
1993-08-16,111.1400,
1993-08-17,113.8800,
1993-08-18,113.0800,
1993-08-19,113.8100,
1993-08-20,115.0500,
1993-08-23,114.2400,
1993-08-24,115.1700,
1993-08-25,116.0500,
1993-08-26,112.8500,
1993-08-27,114.5000,
1993-08-30,115.2900,
1993-08-31,114.2800,
1993-09-01,116.1000,
1993-09-02,115.0100,
1993-09-03,115.8200,
1993-09-07,114.1000,
1993-09-08,116.1600,
1993-09-09,116.0200,
1993-09-10,115.9000,
1993-09-13,113.7800,
1993-09-14,117.3900,
1993-09-15,119.1100,
1993-09-16,118.4600,
1993-09-17,118.4000,
1993-09-20,117.6200,
1993-09-21,118.1400,
1993-09-22,116.4600,
1993-09-23,120.3900,
1993-09-24,118.2600,
1993-09-27,119.7300,
1993-09-28,115.5800,
1993-09-29,115.4000,
1993-09-30,114.9700,
1993-10-01,117.1300,
1993-10-04,117.6900,
1993-10-05,116.9900,
1993-10-06,116.1600,
1993-10-07,116.0900,
1993-10-08,116.5700,
1993-10-11,116.2600,
1993-10-12,118.2400,
1993-10-13,117.9600,
1993-10-14,119.8500,
1993-10-15,114.1200,
1993-10-18,113.5000,
1993-10-19,112.9200,
1993-10-20,113.5900,
1993-10-21,113.5400,
1993-10-22,113.0200,
1993-10-25,115.3900,
1993-10-26,115.2100,
1993-10-27,114.9200,
1993-10-28,115.0700,
1993-10-29,113.7300,
1993-11-01,114.5400,
1993-11-02,114.1800,
1993-11-03,113.6900,
1993-11-04,114.6400,
1993-11-05,116.0700,
1993-11-08,115.7300,
1993-11-09,113.9400,
1993-11-10,115.8200,
1993-11-11,116.2000,
1993-11-12,116.1300,
1993-11-15,117.5000,
1993-11-16,121.4700,
1993-11-17,117.0500,
1993-11-18,117.7800,
1993-11-19,116.8100,
1993-11-22,117.4600,
1993-11-23,118.8600,
1993-11-24,119.1600,
1993-11-26,120.8500,
1993-11-29,117.2400,
1993-11-30,118.4500,
1993-12-01,119.1700,
1993-12-02,120.7100,
1993-12-03,121.4800,
1993-12-06,117.2900,
1993-12-07,117.3500,
1993-12-08,115.2300,
1993-12-09,115.4700,
1993-12-10,117.0400,
1993-12-13,121.0600,
1993-12-14,115.5700,
1993-12-15,116.0800,
1993-12-16,116.7500,
1993-12-17,119.2800,
1993-12-20,115.6900,
1993-12-21,118.7900,
1993-12-22,117.1000,
1993-12-23,113.4300,
1993-12-27,114.0700,
1993-12-28,115.7800,
1993-12-29,113.1100,
1993-12-30,114.2600,
1993-12-31,114.1600,
1994-01-03,115.8900,
1994-01-04,118.4200,
1994-01-05,117.1200,
1994-01-06,116.0800,
1994-01-07,116.6700,
1994-01-10,118.5000,
1994-01-11,120.5300,
1994-01-12,119.1700,
1994-01-13,119.4300,
1994-01-14,121.8500,
1994-01-17,119.4100,
1994-01-18,120.2500,
1994-01-19,115.5300,
1994-01-20,114.3700,
1994-01-21,114.3600,
1994-01-24,117.4700,
1994-01-25,116.2100,
1994-01-26,117.6900,
1994-01-27,116.2800,
1994-01-28,115.4200,
1994-01-31,115.4400,
1994-02-01,117.1800,
1994-02-02,115.9600,
1994-02-03,117.5600,
1994-02-04,117.8700,
1994-02-07,120.2000,
1994-02-08,119.0100,
1994-02-09,117.1600,
1994-02-10,115.1600,
1994-02-11,119.6300,
1994-02-14,116.5900,
1994-02-15,116.8600,
1994-02-16,117.0000,
1994-02-17,116.5200,
1994-02-18,117.9100,
1994-02-22,119.0800,
1994-02-23,119.1000,
1994-02-24,118.4700,
1994-02-25,119.5900,
1994-02-28,116.3500,
1994-03-01,117.7100,
1994-03-02,119.3800,
1994-03-03,117.3200,
1994-03-04,118.0700,
1994-03-07,119.6400,
1994-03-08,120.7800,
1994-03-09,114.5500,
1994-03-10,119.7800,
1994-03-11,123.3600,
1994-03-14,115.4100,
1994-03-15,114.5400,
1994-03-16,117.9200,
1994-03-17,118.8500,
1994-03-18,118.1100,
1994-03-21,117.4000,
1994-03-22,118.6200,
1994-03-23,117.8600,
1994-03-24,116.2800,
1994-03-25,114.5700,
1994-03-28,118.3800,
1994-03-29,113.5200,
1994-03-30,114.0700,
1994-03-31,123.0000,
1994-04-04,121.0300,
1994-04-05,118.4600,
1994-04-06,117.3600,
1994-04-07,120.1300,
1994-04-08,119.1800,
1994-04-11,123.1800,
1994-04-12,121.5000,
1994-04-13,122.3900,
1994-04-14,122.7000,
1994-04-15,122.0700,
1994-04-18,121.8400,
1994-04-19,121.9500,
1994-04-20,121.0800,
1994-04-21,119.3400,
1994-04-22,119.1900,
1994-04-25,124.0300,
1994-04-26,123.1900,
1994-04-28,118.1600,
1994-04-29,118.0400,
1994-05-02,118.9200,
1994-05-03,120.7200,
1994-05-04,119.3700,
1994-05-05,116.8600,
1994-05-06,119.1500,
1994-05-09,116.4600,
1994-05-10,117.6500,
1994-05-11,117.6300,
1994-05-12,117.7600,
1994-05-13,117.9000,
1994-05-16,117.0500,
1994-05-17,120.5800,
1994-05-18,122.3100,
1994-05-19,115.0000,
1994-05-20,116.2900,
1994-05-23,116.4600,
1994-05-24,116.9100,
1994-05-25,119.1700,
1994-05-26,119.6600,
1994-05-27,121.0800,
1994-05-31,122.1000,
1994-06-01,116.9400,
1994-06-02,120.1800,
1994-06-03,120.8900,
1994-06-06,120.6500,
1994-06-07,118.7000,
1994-06-08,120.0300,
1994-06-09,122.1800,
1994-06-10,123.2400,
1994-06-13,126.2800,
1994-06-14,117.3600,
1994-06-15,116.6600,
1994-06-16,120.3500,
1994-06-17,116.7800,
1994-06-20,115.8000,
1994-06-21,115.1500,
1994-06-22,122.9800,
1994-06-23,115.2100,
1994-06-24,112.3200,
1994-06-27,122.7600,
1994-06-28,114.9600,
1994-06-29,115.7700,
1994-06-30,116.3400,
1994-07-01,115.4700,
1994-07-05,112.4400,
1994-07-06,112.4300,
1994-07-07,114.2900,
1994-07-08,114.8400,
1994-07-11,116.5900,
1994-07-12,116.6400,
1994-07-13,117.9000,
1994-07-14,119.3700,
1994-07-15,114.5000,
1994-07-18,115.4300,
1994-07-19,115.1000,
1994-07-20,115.9000,
1994-07-21,117.7000,
1994-07-22,116.2100,
1994-07-25,118.6800,
1994-07-26,117.5700,
1994-07-27,116.7600,
1994-07-28,119.3500,
1994-07-29,117.6200,
1994-08-01,117.2000,
1994-08-02,115.7000,
1994-08-03,114.7800,
1994-08-04,114.6200,
1994-08-05,115.0900,
1994-08-08,114.5500,
1994-08-09,116.4200,
1994-08-10,116.8700,
1994-08-11,114.7400,
1994-08-12,119.1900,
1994-08-15,119.0700,
1994-08-16,118.5200,
1994-08-17,118.1100,
1994-08-18,119.5200,
1994-08-19,120.3200,
1994-08-22,118.8000,
1994-08-23,118.5000,
1994-08-24,118.8200,
1994-08-25,116.3300,
1994-08-26,112.3500,
1994-08-29,120.8500,
1994-08-30,115.1400,
1994-08-31,112.1900,
1994-09-01,114.0100,
1994-09-02,115.1200,
1994-09-06,115.5100,
1994-09-07,116.5100,
1994-09-08,116.5700,
1994-09-09,117.3400,
1994-09-12,116.2300,
1994-09-13,117.5600,
1994-09-14,117.8800,
1994-09-15,123.2900,
1994-09-16,119.9400,
1994-09-19,117.6500,
1994-09-20,118.1000,
1994-09-21,116.1000,
1994-09-22,114.9800,
1994-09-23,114.7900,
1994-09-26,114.5300,
1994-09-27,113.0300,
1994-09-28,114.3800,
1994-09-29,113.5700,
1994-09-30,113.8100,
1994-10-03,115.8100,
1994-10-04,113.6000,
1994-10-05,115.9300,
1994-10-06,116.5700,
1994-10-07,114.3900,
1994-10-10,117.6000,
1994-10-11,115.8500,
1994-10-12,116.6100,
1994-10-13,118.8200,
1994-10-14,116.9300,
1994-10-17,116.3800,
1994-10-18,116.5600,
1994-10-19,117.5300,
1994-10-20,116.8300,
1994-10-21,116.1000,
1994-10-24,115.1600,
1994-10-25,115.2800,
1994-10-26,114.9100,
1994-10-27,115.5600,
1994-10-28,116.9400,
1994-10-31,113.8700,
1994-11-01,115.9600,
1994-11-02,113.4800,
1994-11-03,115.6300,
1994-11-04,113.4600,
1994-11-07,115.1000,
1994-11-08,114.0300,
1994-11-09,113.9700,
1994-11-10,114.5100,
1994-11-11,113.8000,
1994-11-14,116.2300,
1994-11-15,116.5000,
1994-11-16,115.5400,
1994-11-17,113.8000,
1994-11-18,115.4600,
1994-11-21,112.4400,
1994-11-22,108.4700,
1994-11-23,114.4300,
1994-11-25,113.3400,
1994-11-28,114.6500,
1994-11-29,113.4200,
1994-11-30,112.9900,
1994-12-01,113.8900,
1994-12-02,115.7300,
1994-12-05,115.3000,
1994-12-06,114.2500,
1994-12-07,113.7300,
1994-12-08,114.7400,
1994-12-09,115.0600,
1994-12-12,113.8400,
1994-12-13,114.7600,
1994-12-14,116.7500,
1994-12-15,117.6600,
1994-12-16,115.6300,
1994-12-19,121.0200,
1994-12-20,116.6200,
1994-12-21,117.7000,
1994-12-22,117.8800,
1994-12-23,118.4000,
1994-12-27,117.5800,
1994-12-28,119.1300,
1994-12-29,116.8900,
1994-12-30,115.5300,
1995-01-03,116.7600,
1995-01-04,118.0400,
1995-01-05,116.9400,
1995-01-06,117.3800,
1995-01-09,115.9300,
1995-01-10,118.6700,
1995-01-11,116.0700,
1995-01-12,115.1200,
1995-01-13,115.5000,
1995-01-16,117.6600,
1995-01-17,117.5200,
1995-01-18,118.6500,
1995-01-19,116.7600,
1995-01-20,116.5500,
1995-01-23,118.8300,
1995-01-24,117.5000,
1995-01-25,117.6100,
1995-01-26,116.5600,
1995-01-27,114.2300,
1995-01-30,115.8900,
1995-01-31,115.4300,
1995-02-01,115.7200,
1995-02-02,115.9400,
1995-02-03,115.1900,
1995-02-06,114.2600,
1995-02-07,114.3000,
1995-02-08,111.1000,
1995-02-09,112.6900,
1995-02-10,113.0400,
1995-02-13,114.1600,
1995-02-14,114.0500,
1995-02-15,113.9200,
1995-02-16,114.9500,
1995-02-17,114.6800,
1995-02-21,114.9800,
1995-02-22,113.8700,
1995-02-23,113.4700,
1995-02-24,113.2100,
1995-02-27,114.7300,
1995-02-28,113.0500,
1995-03-01,112.4000,
1995-03-02,112.0400,
1995-03-03,110.6600,
1995-03-06,112.3600,
1995-03-07,122.2400,
1995-03-08,119.0800,
1995-03-09,119.9400,
1995-03-10,114.3200,
1995-03-13,116.5000,
1995-03-14,110.3200,
1995-03-15,108.7400,
1995-03-16,110.1300,
1995-03-17,111.1800,
1995-03-20,112.0900,
1995-03-21,112.1200,
1995-03-22,112.7600,
1995-03-23,113.9000,
1995-03-24,115.6200,
1995-03-27,116.1500,
1995-03-28,116.3100,
1995-03-29,115.6800,
1995-03-30,116.2700,
1995-03-31,115.8800,
1995-04-03,116.1300,
1995-04-04,117.0100,
1995-04-05,116.8700,
1995-04-06,116.6300,
1995-04-07,115.6400,
1995-04-10,116.6000,
1995-04-11,114.6800,
1995-04-12,116.5400,
1995-04-13,121.1700,
1995-04-17,113.6200,
1995-04-18,115.2700,
1995-04-19,117.8500,
1995-04-20,115.2900,
1995-04-21,117.7400,
1995-04-24,116.7300,
1995-04-25,114.2300,
1995-04-26,113.1800,
1995-04-27,112.4700,
1995-04-28,115.5300,
1995-05-01,113.8800,
1995-05-02,113.6200,
1995-05-03,115.4300,
1995-05-04,117.0200,
1995-05-05,118.1300,
1995-05-08,115.0600,
1995-05-09,114.9700,
1995-05-10,115.5200,
1995-05-11,115.4000,
1995-05-12,116.9500,
1995-05-15,116.2200,
1995-05-16,115.6200,
1995-05-17,116.8300,
1995-05-18,116.0400,
1995-05-19,117.9200,
1995-05-22,114.0700,
1995-05-23,113.3600,
1995-05-24,112.9200,
1995-05-25,115.0300,
1995-05-26,114.5300,
1995-05-30,112.9100,
1995-05-31,110.6000,
1995-06-01,111.8000,
1995-06-02,114.0300,
1995-06-05,112.3400,
1995-06-06,112.5400,
1995-06-07,112.8400,
1995-06-08,111.9400,
1995-06-09,114.4300,
1995-06-12,116.4100,
1995-06-13,115.5300,
1995-06-14,113.2700,
1995-06-15,114.0400,
1995-06-16,111.9800,
1995-06-19,110.3700,
1995-06-20,111.2700,
1995-06-21,108.0400,
1995-06-22,107.6400,
1995-06-23,109.4200,
1995-06-26,109.2300,
1995-06-27,108.0100,
1995-06-28,108.9700,
1995-06-29,110.9900,
1995-06-30,108.9400,
1995-07-03,111.7000,
1995-07-05,110.5300,
1995-07-06,109.3600,
1995-07-07,111.2100,
1995-07-10,108.9900,
1995-07-11,108.8400,
1995-07-12,108.2300,
1995-07-13,107.7900,
1995-07-14,107.3900,
1995-07-17,107.2300,
1995-07-18,106.9400,
1995-07-19,107.9800,
1995-07-20,108.3000,
1995-07-21,108.4200,
1995-07-24,109.7400,
1995-07-25,109.1100,
1995-07-26,108.7100,
1995-07-27,112.3900,
1995-07-28,113.0600,
1995-07-31,109.5100,
1995-08-01,111.2800,
1995-08-02,109.2500,
1995-08-03,110.8400,
1995-08-04,110.9100,
1995-08-07,109.1100,
1995-08-08,111.0800,
1995-08-09,109.1300,
1995-08-10,110.6600,
1995-08-11,112.6400,
1995-08-14,113.8000,
1995-08-15,111.8500,
1995-08-16,113.6000,
1995-08-17,112.4900,
1995-08-18,113.7800,
1995-08-21,114.1700,
1995-08-22,114.5000,
1995-08-23,113.5900,
1995-08-24,114.6800,
1995-08-25,114.3400,
1995-08-28,113.0600,
1995-08-29,114.4400,
1995-08-30,114.2200,
1995-08-31,112.5100,
1995-09-01,113.6200,
1995-09-05,112.0900,
1995-09-06,114.5700,
1995-09-07,113.6000,
1995-09-08,115.0200,
1995-09-11,115.8100,
1995-09-12,116.3600,
1995-09-13,117.4100,
1995-09-14,117.2300,
1995-09-15,119.0400,
1995-09-18,119.5300,
1995-09-19,119.2100,
1995-09-20,118.9900,
1995-09-21,116.1500,
1995-09-22,118.6300,
1995-09-25,117.4000,
1995-09-26,117.3600,
1995-09-27,119.3900,
1995-09-28,117.9100,
1995-09-29,115.3500,
1995-10-02,117.4800,
1995-10-03,118.9900,
1995-10-04,118.2900,
1995-10-05,118.5600,
1995-10-06,118.2000,
1995-10-09,117.5200,
1995-10-10,119.1500,
1995-10-11,118.8400,
1995-10-12,119.9500,
1995-10-13,118.0000,
1995-10-16,119.4700,
1995-10-17,121.6400,
1995-10-18,120.1100,
1995-10-19,121.6800,
1995-10-20,119.7200,
1995-10-23,117.7800,
1995-10-24,117.0900,
1995-10-25,116.3600,
1995-10-26,115.4300,
1995-10-27,116.8300,
1995-10-30,114.1000,
1995-10-31,112.6400,
1995-11-01,113.5600,
1995-11-02,113.3800,
1995-11-03,111.6100,
1995-11-06,113.1600,
1995-11-07,112.3200,
1995-11-08,112.7500,
1995-11-09,112.4500,
1995-11-10,114.3600,
1995-11-13,113.6000,
1995-11-14,112.7800,
1995-11-15,112.4800,
1995-11-16,113.2000,
1995-11-17,115.3800,
1995-11-20,115.0600,
1995-11-21,115.8200,
1995-11-22,116.6600,
1995-11-24,115.9600,
1995-11-27,117.5000,
1995-11-28,119.0600,
1995-11-29,118.6200,
1995-11-30,117.2900,
1995-12-01,116.6500,
1995-12-04,116.2800,
1995-12-05,120.1800,
1995-12-06,121.8500,
1995-12-07,120.5300,
1995-12-08,119.6800,
1995-12-11,119.5700,
1995-12-12,118.4400,
1995-12-13,118.2900,
1995-12-14,115.9900,
1995-12-15,118.7600,
1995-12-18,117.8300,
1995-12-19,115.0200,
1995-12-20,115.0700,
1995-12-21,114.2800,
1995-12-22,113.6700,
1995-12-26,114.0400,
1995-12-27,113.4600,
1995-12-28,113.1100,
1995-12-29,112.0000,
1996-01-02,113.2100,
1996-01-03,113.1200,
1996-01-04,112.2700,
1996-01-05,113.2600,
1996-01-08,112.9300,
1996-01-09,111.1900,
1996-01-10,116.0000,
1996-01-11,113.7400,
1996-01-12,115.0900,
1996-01-15,116.0000,
1996-01-16,115.9600,
1996-01-17,113.3600,
1996-01-18,113.2600,
1996-01-19,114.0300,
1996-01-22,113.6800,
1996-01-23,114.3400,
1996-01-24,110.7700,
1996-01-25,112.4600,
1996-01-26,113.2700,
1996-01-29,110.7400,
1996-01-30,112.1200,
1996-01-31,113.7500,
1996-02-01,113.0000,
1996-02-02,115.1900,
1996-02-05,115.8100,
1996-02-06,112.9600,
1996-02-07,117.0100,
1996-02-08,116.9800,
1996-02-09,115.6400,
1996-02-12,113.6100,
1996-02-13,113.1000,
1996-02-14,109.4100,
1996-02-15,109.5400,
1996-02-16,110.1000,
1996-02-20,111.5700,
1996-02-21,109.9700,
1996-02-22,108.8100,
1996-02-23,110.0700,
1996-02-26,109.3300,
1996-02-27,108.9400,
1996-02-28,109.1200,
1996-02-29,107.1100,
1996-03-01,109.3000,
1996-03-04,108.9400,
1996-03-05,110.4800,
1996-03-06,111.4200,
1996-03-07,110.2500,
1996-03-08,111.1500,
1996-03-11,114.2900,
1996-03-12,110.3500,
1996-03-13,113.4700,
1996-03-14,114.3700,
1996-03-15,114.4700,
1996-03-18,112.2900,
1996-03-19,113.2400,
1996-03-20,113.2400,
1996-03-21,111.6900,
1996-03-22,113.8400,
1996-03-25,113.2800,
1996-03-26,113.8100,
1996-03-27,111.8200,
1996-03-28,112.9700,
1996-03-29,114.2600,
1996-04-01,115.6500,
1996-04-02,114.1100,
1996-04-03,114.7500,
1996-04-04,114.4500,
1996-04-08,117.6100,
1996-04-09,114.4100,
1996-04-10,113.0600,
1996-04-11,112.9500,
1996-04-12,114.4000,
1996-04-15,114.5100,
1996-04-16,114.4400,
1996-04-17,114.3800,
1996-04-18,113.7900,
1996-04-19,116.1100,
1996-04-22,117.1000,
1996-04-23,113.1200,
1996-04-24,112.9000,
1996-04-25,112.6800,
1996-04-26,112.9400,
1996-04-29,113.0700,
1996-04-30,113.9600,
1996-05-01,112.7500,
1996-05-02,114.8200,
1996-05-03,114.9700,
1996-05-06,113.7100,
1996-05-07,111.8700,
1996-05-08,113.2000,
1996-05-09,112.0300,
1996-05-10,113.4300,
1996-05-13,115.8000,
1996-05-14,114.6000,
1996-05-15,113.9100,
1996-05-16,115.0800,
1996-05-17,113.1600,
1996-05-20,113.1700,
1996-05-21,114.2100,
1996-05-22,114.8300,
1996-05-23,113.5700,
1996-05-24,113.8200,
1996-05-28,112.0500,
1996-05-29,112.8600,
1996-05-30,113.1700,
1996-05-31,111.7100,
1996-06-03,112.5900,
1996-06-04,112.1800,
1996-06-05,112.5900,
1996-06-06,111.7400,
1996-06-07,111.7900,
1996-06-10,111.0900,
1996-06-11,112.4400,
1996-06-12,112.0100,
1996-06-13,112.1100,
1996-06-14,111.3800,
1996-06-17,112.5500,
1996-06-18,110.9500,
1996-06-19,112.6600,
1996-06-20,112.5800,
1996-06-21,112.4400,
1996-06-24,110.7600,
1996-06-25,110.4600,
1996-06-26,110.2600,
1996-06-27,109.0200,
1996-06-28,108.3000,
1996-07-01,108.9700,
1996-07-02,109.6700,
1996-07-03,108.9700,
1996-07-05,109.4500,
1996-07-08,108.2300,
1996-07-09,107.9200,
1996-07-10,110.8200,
1996-07-11,111.2400,
1996-07-12,110.8800,
1996-07-15,109.0200,
1996-07-16,109.2600,
1996-07-17,110.9300,
1996-07-18,113.2300,
1996-07-19,112.9000,
1996-07-22,112.9300,
1996-07-23,110.9200,
1996-07-24,111.8000,
1996-07-25,113.9400,
1996-07-26,114.6700,
1996-07-29,113.2100,
1996-07-30,114.5400,
1996-07-31,116.6100,
1996-08-01,116.2100,
1996-08-02,114.1300,309.5900
1996-08-05,114.4300,309.5700
1996-08-06,114.5500,309.9900
1996-08-07,114.6900,310.1700
1996-08-08,113.9200,310.3500
1996-08-09,112.5700,310.4300
1996-08-12,114.2100,310.6800
1996-08-13,114.0800,310.6600
1996-08-14,114.7200,310.8600
1996-08-15,114.3300,310.9300
1996-08-16,114.5700,310.9600
1996-08-19,114.8300,311.3000
1996-08-20,113.3000,311.4900
1996-08-21,114.6300,311.7200
1996-08-22,113.0400,312.8400
1996-08-23,113.7800,312.2500
1996-08-26,113.0600,311.5800
1996-08-27,113.4800,312.2800
1996-08-28,112.9300,312.1500
1996-08-29,113.3600,310.2600
1996-08-30,114.3200,308.3900
1996-09-03,115.1800,309.7600
1996-09-04,115.3300,310.0500
1996-09-05,115.9000,307.4100
1996-09-06,115.8500,311.0300
1996-09-09,114.3200,313.5500
1996-09-10,115.1400,313.8600
1996-09-11,115.3400,314.6800
1996-09-12,115.4400,315.4400
1996-09-13,115.3900,316.5600
1996-09-16,113.2500,316.8000
1996-09-17,115.5500,316.8400
1996-09-18,114.0700,316.9500
1996-09-19,113.7300,317.0800
1996-09-20,115.2600,317.3200
1996-09-23,115.7400,317.4500
1996-09-24,116.0600,317.5600
1996-09-25,116.6500,317.5100
1996-09-26,115.4300,317.7400
1996-09-27,115.8100,317.9000
1996-09-30,114.8000,318.0900
1996-10-01,115.6700,318.5500
1996-10-02,116.1000,319.2800
1996-10-03,115.8200,319.2900
1996-10-04,115.8100,320.5200
1996-10-07,116.4800,320.8100
1996-10-08,116.5200,320.6700
1996-10-09,114.9900,320.6300
1996-10-10,114.6500,320.6800
1996-10-11,114.0700,321.3100
1996-10-14,113.0600,321.5200
1996-10-15,114.2500,321.5400
1996-10-16,114.4500,321.6700
1996-10-17,113.5700,321.7800
1996-10-18,113.6900,322.5300
1996-10-21,113.9900,322.4100
1996-10-22,113.8900,321.8200
1996-10-23,114.1200,322.1200
1996-10-24,112.6100,321.0700
1996-10-25,113.5600,320.7700
1996-10-28,112.9300,320.3200
1996-10-29,113.4900,321.3600
1996-10-30,113.4500,321.2300
1996-10-31,112.5400,322.5200
1996-11-01,112.5400,322.2800
1996-11-04,112.8800,323.5200
1996-11-05,113.7000,324.7500
1996-11-06,114.0300,326.1000
1996-11-07,114.7900,326.1600
1996-11-08,116.9200,326.5900
1996-11-11,113.4800,326.8400
1996-11-12,114.4800,326.9300
1996-11-13,114.8100,327.0500
1996-11-14,115.4400,327.1300
1996-11-15,115.9200,326.2900
1996-11-18,114.9500,326.2800
1996-11-19,115.8600,327.4800
1996-11-20,115.0000,327.4200
1996-11-21,115.5300,327.5200
1996-11-22,114.7200,328.8100
1996-11-25,113.6200,329.5600
1996-11-26,114.0800,329.3900
1996-11-27,112.1900,329.5700
1996-11-29,112.1100,329.8900
1996-12-02,113.0300,330.2800
1996-12-03,111.6700,328.8700
1996-12-04,112.1300,329.4500
1996-12-05,111.9400,329.1900
1996-12-06,113.7900,328.3600
1996-12-09,111.7800,330.9200
1996-12-10,111.4100,330.6600
1996-12-11,112.4000,329.5200
1996-12-12,111.3200,326.1700
1996-12-13,113.9400,326.8600
1996-12-16,114.3900,323.5400
1996-12-17,113.5400,326.7100
1996-12-18,113.9900,328.7200
1996-12-19,112.9700,332.9200
1996-12-20,114.9100,333.0700
1996-12-23,113.4200,333.1200
1996-12-24,116.3300,334.0200
1996-12-26,114.1300,334.9700
1996-12-27,114.2900,335.0200
1996-12-30,114.7000,334.9300
1996-12-31,113.0200,332.9300
1997-01-02,114.8200,332.4600
1997-01-03,113.7700,335.3500
1997-01-06,112.2100,335.2100
1997-01-07,113.4500,336.4800
1997-01-08,113.0600,335.5900
1997-01-09,112.9300,336.6600
1997-01-10,114.2000,337.7300
1997-01-13,109.5500,338.2500
1997-01-14,112.5600,338.8900
1997-01-15,112.2300,339.0400
1997-01-16,112.9100,339.2000
1997-01-17,110.8400,339.7700
1997-01-20,111.3200,340.3100
1997-01-21,111.7600,341.6000
1997-01-22,112.7600,342.2900
1997-01-23,112.4700,340.5700
1997-01-24,110.7200,339.6000
1997-01-27,111.1400,338.5400
1997-01-28,111.7100,338.5600
1997-01-29,111.1500,340.5200
1997-01-30,111.3600,342.6300
1997-01-31,110.4900,
1997-02-03,110.6100,
1997-02-04,110.2800,343.9400
1997-02-05,111.1800,341.9900
1997-02-06,110.8400,343.1600
1997-02-07,110.5700,344.8700
1997-02-10,110.0900,344.4600
1997-02-11,110.3100,345.2100
1997-02-12,109.6900,346.0700
1997-02-13,110.7500,346.4100
1997-02-14,111.3100,346.5800
1997-02-18,110.7500,346.8600
1997-02-19,110.4800,346.9800
1997-02-20,110.2600,347.1000
1997-02-21,111.4800,346.7200
1997-02-24,111.6000,348.9100
1997-02-25,111.3200,349.3200
1997-02-26,109.0500,348.1800
1997-02-27,108.9300,346.1500
1997-02-28,109.2600,345.3700
1997-03-03,108.4900,346.7600
1997-03-04,108.6700,346.0400
1997-03-05,108.9100,349.2400
1997-03-06,109.1300,348.3500
1997-03-07,108.7300,350.1500
1997-03-10,108.9800,352.1800
1997-03-11,108.9900,352.0600
1997-03-12,108.4300,351.1900
1997-03-13,107.8700,348.0300
1997-03-14,107.6200,349.8500
1997-03-17,109.3300,351.0000
1997-03-18,108.6100,349.3300
1997-03-19,108.7600,347.9900
1997-03-20,108.6000,346.2100
1997-03-21,108.4500,348.5400
1997-03-24,108.9900,350.1600
1997-03-25,108.8300,350.3800
1997-03-26,108.9100,350.8800
1997-03-27,108.3500,346.6700
1997-03-31,106.9800,341.8700
1997-04-01,107.9600,343.2900
1997-04-02,107.4700,339.1900
1997-04-03,107.8000,339.4700
1997-04-04,108.0800,342.9800
1997-04-07,107.3500,345.2300
1997-04-08,108.3400,347.1500
1997-04-09,108.6100,344.5900
1997-04-10,107.9400,343.6700
1997-04-11,106.5300,334.3500
1997-04-14,107.3200,337.6200
1997-04-15,108.8200,342.8400
1997-04-16,108.9100,347.0900
1997-04-17,110.4200,345.7200
1997-04-18,110.3600,347.0600
1997-04-21,111.3900,345.9800
1997-04-22,113.0900,348.7600
1997-04-23,112.5500,348.4600
1997-04-24,112.1600,348.2800
1997-04-25,112.2000,347.2800
1997-04-28,111.3900,348.9400
1997-04-29,111.5700,351.4300
1997-04-30,111.9300,351.7200
1997-05-01,111.5500,351.7900
1997-05-02,110.6200,352.6600
1997-05-05,110.6800,352.9800
1997-05-06,111.0000,352.9700
1997-05-07,108.3900,352.9900
1997-05-08,107.5000,353.2000
1997-05-09,107.1900,353.3200
1997-05-12,106.2300,353.5400
1997-05-13,107.2200,353.6000
1997-05-14,106.3600,353.6700
1997-05-15,106.5500,353.7200
1997-05-16,107.0800,351.5500
1997-05-19,108.0400,352.7900
1997-05-20,106.8500,355.0700
1997-05-21,106.5100,354.8500
1997-05-22,105.6200,354.6300
1997-05-23,105.1300,356.9100
1997-05-27,105.0300,357.2700
1997-05-28,105.9300,357.2700
1997-05-29,105.0800,356.8600
1997-05-30,104.8900,357.7500
1997-06-02,104.8900,357.7400
1997-06-03,104.8500,357.5800
1997-06-04,104.8400,357.0300
1997-06-05,105.1100,357.5400
1997-06-06,105.9700,360.2000
1997-06-09,106.6600,360.7600
1997-06-10,107.6500,361.2200
1997-06-11,108.4000,361.5100
1997-06-12,111.6400,361.8600
1997-06-13,110.6100,362.0500
1997-06-16,110.7700,362.2700
1997-06-17,107.3300,362.3500
1997-06-18,107.2700,362.4600
1997-06-19,107.5100,362.5100
1997-06-20,106.1800,362.3900
1997-06-23,104.3100,357.2000
1997-06-24,106.2500,362.6300
1997-06-25,105.9400,361.0200
1997-06-26,105.8800,359.9900
1997-06-27,106.6200,361.3900
1997-06-30,105.8100,360.7200
1997-07-01,107.4500,362.7300
1997-07-02,108.1800,365.5200
1997-07-03,109.1300,367.7700
1997-07-07,107.7900,367.6500
1997-07-08,108.5500,368.4500
1997-07-09,107.8000,367.1800
1997-07-10,108.6600,368.1900
1997-07-11,108.8100,368.9200
1997-07-14,109.2300,369.4300
1997-07-15,111.0600,369.8700
1997-07-16,108.6700,370.0200
1997-07-17,108.0900,370.0900
1997-07-18,106.7400,369.1000
1997-07-21,107.3500,369.1500
1997-07-22,110.7900,373.5600
1997-07-23,109.4900,373.9800
1997-07-24,109.1900,374.7600
1997-07-25,110.1500,374.8100
1997-07-28,109.4200,374.8700
1997-07-29,109.5300,375.5400
1997-07-30,111.2300,376.6600
1997-07-31,111.8800,376.9500
1997-08-01,110.1000,376.4800
1997-08-04,109.0700,377.6000
1997-08-05,107.6800,378.1200
1997-08-06,107.6500,378.5100
1997-08-07,108.0400,378.5100
1997-08-08,108.4100,377.2700
1997-08-11,107.5400,378.3600
1997-08-12,109.3500,377.6900
1997-08-13,109.6400,377.8000
1997-08-14,109.1100,379.1200
1997-08-15,108.1600,375.4600
1997-08-18,111.3500,379.2000
1997-08-19,110.2900,381.8700
1997-08-20,110.6700,384.3300
1997-08-21,109.8500,381.6700
1997-08-22,112.2500,381.4000
1997-08-25,109.5700,381.7800
1997-08-26,108.6000,380.0800
1997-08-27,109.3700,381.1000
1997-08-28,109.1100,378.9100
1997-08-29,109.2400,378.3800
1997-09-02,109.6600,384.9000
1997-09-03,108.1200,384.7400
1997-09-04,108.6800,385.3900
1997-09-05,108.9000,385.8200
1997-09-08,108.2200,387.0500
1997-09-09,108.9900,387.8600
1997-09-10,109.6300,385.6400
1997-09-11,110.1800,384.5500
1997-09-12,111.0400,387.6000
1997-09-15,110.1800,387.6600
1997-09-16,111.9700,390.2500
1997-09-17,112.0600,390.4800
1997-09-18,112.3900,390.6400
1997-09-19,115.5200,391.5900
1997-09-22,116.0200,393.2200
1997-09-23,115.5400,393.0100
1997-09-24,114.5400,391.7400
1997-09-25,113.6300,390.6300
1997-09-26,113.0400,392.4900
1997-09-29,113.0300,394.5200
1997-09-30,112.5100,393.3100
1997-10-01,114.5900,395.1600
1997-10-02,115.4200,395.9100
1997-10-03,115.2800,397.0300
1997-10-06,114.5900,398.1800
1997-10-07,114.7700,399.2700
1997-10-08,113.8400,398.8800
1997-10-09,113.6700,398.9900
1997-10-10,115.2600,398.9900
1997-10-13,113.3400,399.7000
1997-10-14,113.3400,400.1000
1997-10-15,112.2200,400.1800
1997-10-16,113.0700,400.3500
1997-10-17,111.9900,399.7400
1997-10-20,112.4200,402.5600
1997-10-21,112.7800,405.3100
1997-10-22,110.3500,405.0200
1997-10-23,114.0100,401.4300
1997-10-24,111.9100,400.0700
1997-10-27,104.0900,376.8500
1997-10-28,117.9600,393.7200
1997-10-29,122.3400,394.1600
1997-10-30,119.8300,388.7800
1997-10-31,120.8200,392.7000
1997-11-03,125.4800,400.4400
1997-11-04,125.1100,400.7200
1997-11-05,125.3200,400.9200
1997-11-06,123.3700,401.0800
1997-11-07,122.0100,397.3600
1997-11-10,123.6000,396.5600
1997-11-11,123.4800,397.9800
1997-11-12,121.4700,392.4300
1997-11-13,122.4100,396.9000
1997-11-14,121.6200,402.1500
1997-11-17,125.3400,407.5300
1997-11-18,122.3500,
1997-11-19,125.8000,408.9500
1997-11-20,125.4700,411.2300
1997-11-21,125.7200,411.5200
1997-11-24,123.8100,407.8500
1997-11-25,124.5800,409.5600
1997-11-26,120.4800,410.5000
1997-11-28,120.5800,411.0100
1997-12-01,119.9100,416.2800
1997-12-02,119.5400,415.9500
1997-12-03,119.6000,417.7200
1997-12-04,119.9700,417.2600
1997-12-05,119.7900,419.0500
1997-12-08,120.5500,419.4500
1997-12-09,121.2000,419.4600
1997-12-10,121.5600,418.6600
1997-12-11,134.3200,415.1500
1997-12-12,135.0400,415.5700
1997-12-15,120.0700,419.0200
1997-12-16,121.1800,420.1200
1997-12-17,121.9300,420.3000
1997-12-18,119.8400,419.3700
1997-12-19,120.0000,418.2800
1997-12-22,119.4700,420.1600
1997-12-23,118.0700,417.4600
1997-12-24,117.4300,416.9400
1997-12-26,117.2300,418.6500
1997-12-29,118.9100,422.6000
1997-12-30,119.6200,424.9700
1997-12-31,119.6200,425.0900
1998-01-02,121.9900,425.8700
1998-01-05,120.8400,426.4000
1998-01-06,119.6100,425.8600
1998-01-07,119.7300,426.0900
1998-01-08,118.2700,425.8400
1998-01-09,124.2800,420.9700
1998-01-12,115.3900,425.2100
1998-01-13,116.9000,427.7800
1998-01-14,118.9900,428.3900
1998-01-15,118.6100,428.5100
1998-01-16,120.7200,428.1700
1998-01-20,120.6100,431.6500
1998-01-21,121.8900,430.5100
1998-01-22,120.8200,429.3200
1998-01-23,121.6000,428.7500
1998-01-26,121.6800,429.2200
1998-01-27,122.5600,432.0900
1998-01-28,123.2200,433.2100
1998-01-29,122.7400,434.3900
1998-01-30,123.6000,434.3700
1998-02-02,121.0100,436.5000
1998-02-03,119.1600,437.1600
1998-02-04,116.6700,437.4000
1998-02-05,119.0000,437.2300
1998-02-06,114.4800,437.9100
1998-02-09,116.9000,438.1700
1998-02-10,118.2800,438.6000
1998-02-11,119.1900,438.7800
1998-02-12,119.1000,438.9300
1998-02-13,121.2500,438.9600
1998-02-17,119.2300,439.3400
1998-02-18,121.0400,439.4800
1998-02-19,120.8000,439.5800
1998-02-20,122.1900,440.5900
1998-02-23,120.4700,441.6500
1998-02-24,116.5800,440.8400
1998-02-25,119.4600,442.8200
1998-02-26,117.7800,443.7000
1998-02-27,118.3600,443.9900
1998-03-02,116.6200,444.0900
1998-03-03,117.5300,444.7900
1998-03-04,116.1900,444.4700
1998-03-05,117.1300,442.9400
1998-03-06,116.1400,445.7400
1998-03-09,115.0500,445.8800
1998-03-10,116.8200,446.9000
1998-03-11,117.6900,447.2900
1998-03-12,120.6000,447.4900
1998-03-13,119.9500,447.4500
1998-03-16,119.1100,447.9800
1998-03-17,119.4800,448.1100
1998-03-18,120.6000,448.3100
1998-03-19,122.0100,448.4200
1998-03-20,122.0700,449.3800
1998-03-23,122.2900,448.9000
1998-03-24,122.0500,450.2700
1998-03-25,120.6200,449.1300
1998-03-26,118.5500,449.3000
1998-03-27,118.3100,448.5300
1998-03-30,119.5300,448.4100
1998-03-31,119.0000,450.0200
1998-04-01,120.3500,451.5200
1998-04-02,119.1700,453.2700
1998-04-03,120.1700,453.8000
1998-04-06,116.8700,454.1500
1998-04-07,117.9900,453.3300
1998-04-08,119.1600,453.0300
1998-04-09,119.3100,454.9300
1998-04-13,118.8300,455.5000
1998-04-14,119.0600,456.3500
1998-04-15,119.8000,456.7800
1998-04-16,118.2900,456.8700
1998-04-17,120.1300,458.9700
1998-04-20,119.5000,460.0100
1998-04-21,118.7800,460.8900
1998-04-22,120.3000,461.8800
1998-04-23,118.7400,460.2300
1998-04-24,118.1400,457.9500
1998-04-27,120.6600,452.2500
1998-04-28,117.9900,453.7400
1998-04-29,117.5300,456.2000
1998-04-30,119.4000,460.7200
1998-05-01,121.8800,463.2100
1998-05-04,117.7600,463.6200
1998-05-05,117.5500,462.4800
1998-05-06,118.1500,460.2800
1998-05-07,116.7600,458.0800
1998-05-08,118.7200,462.8800
1998-05-11,120.1900,463.5100
1998-05-12,124.1100,465.4200
1998-05-13,125.3000,466.6300
1998-05-14,125.5600,467.4300
1998-05-15,123.7900,465.5200
1998-05-18,125.6700,465.4500
1998-05-19,124.7800,466.7500
1998-05-20,123.0500,468.8100
1998-05-21,122.3600,468.4200
1998-05-22,122.4900,468.1900
1998-05-26,118.5500,463.9500
1998-05-27,122.6400,464.2900
1998-05-28,120.2000,466.0700
1998-05-29,118.2700,464.6400
1998-06-01,119.3100,464.9400
1998-06-02,118.5500,465.8700
1998-06-03,116.7800,462.2300
1998-06-04,118.8200,467.2900
1998-06-05,119.7500,472.4600
1998-06-08,119.0100,473.1700
1998-06-09,120.3400,473.9100
1998-06-10,119.6900,472.8000
1998-06-11,119.6700,467.8500
1998-06-12,122.1600,470.0300
1998-06-15,119.8900,462.1300
1998-06-16,120.1200,466.6000
1998-06-17,122.9700,474.5000
1998-06-18,123.0900,475.2100
1998-06-19,122.7200,474.3200
1998-06-22,121.8800,475.8200
1998-06-23,123.3000,478.7800
1998-06-24,121.7800,480.3700
1998-06-25,123.0100,480.2400
1998-06-26,124.8000,480.9700
1998-06-29,123.2200,481.8900
1998-06-30,,481.7100
1998-07-01,125.8200,483.1900
1998-07-02,129.9700,483.3800
1998-07-06,120.4300,484.1100
1998-07-07,122.5500,484.1500
1998-07-08,122.2500,484.6000
1998-07-09,124.0000,484.6300
1998-07-10,118.7900,484.8200
1998-07-13,118.1900,485.1200
1998-07-14,122.4000,485.2800
1998-07-15,122.8800,485.4000
1998-07-16,117.8000,485.4700
1998-07-17,118.4000,485.2900
1998-07-20,119.1800,485.2300
1998-07-21,122.9100,480.7900
1998-07-22,124.6400,480.8600
1998-07-23,120.9100,474.0100
1998-07-24,120.7800,474.2900
1998-07-27,120.6700,476.5200
1998-07-28,123.1300,471.5300
1998-07-29,120.5500,469.5600
1998-07-30,124.3000,475.8600
1998-07-31,121.2100,467.3400
1998-08-03,120.7000,465.6000
1998-08-04,118.7200,448.9500
1998-08-05,121.1700,452.4300
1998-08-06,121.6200,456.4300
1998-08-07,122.9800,456.3400
1998-08-10,121.2100,454.3000
1998-08-11,122.7700,447.6600
1998-08-12,121.2300,454.3300
1998-08-13,121.5900,450.6800
1998-08-14,122.7900,445.1400
1998-08-17,124.1000,454.1000
1998-08-18,128.2300,461.5600
1998-08-19,125.6200,460.5300
1998-08-20,124.9200,457.5100
1998-08-21,125.0800,455.3800
1998-08-24,126.7100,457.4400
1998-08-25,127.1300,458.7400
1998-08-26,125.0700,457.9200
1998-08-27,118.8800,447.9000
1998-08-28,118.2500,444.8900
1998-08-31,118.8400,419.3500
1998-09-01,124.3300,435.3000
1998-09-02,122.9100,433.3300
1998-09-03,122.7300,430.1500
1998-09-04,123.4800,427.1900
1998-09-08,127.2000,446.6900
1998-09-09,126.6500,441.1400
1998-09-10,122.0600,429.9900
1998-09-11,126.6700,442.7600
1998-09-14,136.2900,451.6300
1998-09-15,134.6700,456.0900
1998-09-16,134.6100,459.1300
1998-09-17,129.4000,447.5600
1998-09-18,128.3000,447.9700
1998-09-21,127.3600,449.4300
1998-09-22,118.2900,451.9600
1998-09-23,122.8700,457.6400
1998-09-24,119.8000,455.1700
1998-09-25,119.0700,455.6300
1998-09-28,119.3200,456.5700
1998-09-29,121.2100,457.3800
1998-09-30,117.5700,451.6600
1998-10-01,114.5400,444.7300
1998-10-02,115.1500,450.2600
1998-10-05,113.7300,447.0500
1998-10-06,113.0800,447.0600
1998-10-07,118.8300,442.9200
1998-10-08,118.0000,439.3000
1998-10-09,119.2800,449.8900
1998-10-12,130.4700,455.6900
1998-10-13,130.5200,456.3000
1998-10-14,133.2700,459.4200
1998-10-15,136.0100,464.6900
1998-10-16,146.2200,462.7900
1998-10-19,120.4700,466.2800
1998-10-20,120.4600,466.9700
1998-10-21,122.1200,468.1500
1998-10-22,123.4700,470.5800
1998-10-23,122.4800,469.0500
1998-10-26,124.8700,471.1200
1998-10-27,124.2900,470.0200
1998-10-28,125.3300,470.8500
1998-10-29,130.2900,475.1900
1998-10-30,129.9800,476.8500
1998-11-02,136.8100,478.8100
1998-11-03,126.9200,478.7600
1998-11-04,128.5000,479.3300
1998-11-05,126.8300,480.5400
1998-11-06,129.3900,480.9700
1998-11-09,126.0300,480.7900
1998-11-10,122.9600,481.0900
1998-11-11,124.0900,481.1500
1998-11-12,122.4300,481.3000
1998-11-13,123.8600,481.8900
1998-11-16,126.2000,482.5600
1998-11-17,127.3600,482.8200
1998-11-18,125.0300,482.9700
1998-11-19,135.1500,483.0800
1998-11-20,131.8400,483.8700
1998-11-23,128.3900,487.7800
1998-11-24,121.3800,487.0400
1998-11-25,129.3900,488.0400
1998-11-27,122.4300,489.0600
1998-11-30,121.5200,484.8700
1998-12-01,120.7300,487.3800
1998-12-02,122.3000,486.8600
1998-12-03,119.2900,482.1200
1998-12-04,120.7900,488.4700
1998-12-07,120.5800,490.8000
1998-12-08,120.1600,490.3100
1998-12-09,121.6800,490.9200
1998-12-10,120.3000,488.7700
1998-12-11,120.4900,488.9700
1998-12-14,118.0800,483.3700
1998-12-15,120.6700,490.6700
1998-12-16,119.3800,491.2600
1998-12-17,121.0000,494.0000
1998-12-18,123.3300,496.6900
1998-12-21,127.7300,499.7300
1998-12-22,128.7000,500.6600
1998-12-23,123.9300,503.3100
1998-12-24,120.6500,503.1500
1998-12-28,125.0200,503.3700
1998-12-29,121.9000,504.4900
1998-12-30,119.7800,504.0600
1998-12-31,124.4600,503.9100
1999-01-04,118.2800,504.4800
1999-01-05,118.9300,505.6200
1999-01-06,116.5500,506.3300
1999-01-07,119.2200,506.3500
1999-01-08,121.0200,506.5100
1999-01-11,120.2100,506.5300
1999-01-12,119.5000,506.5900
1999-01-13,117.6100,506.6200
1999-01-14,115.8300,506.7700
1999-01-15,120.4300,508.8700
1999-01-19,119.2200,511.8000
1999-01-20,120.1900,512.8200
1999-01-21,117.6200,509.1400
1999-01-22,119.3200,507.6200
1999-01-25,118.6200,510.6800
1999-01-26,120.0200,514.4900
1999-01-27,116.2500,513.0500
1999-01-28,118.4600,516.6500
1999-01-29,119.2300,518.6200
1999-02-01,118.7500,518.8300
1999-02-02,117.3700,518.0700
1999-02-03,116.1000,519.3900
1999-02-04,115.2500,516.5900
1999-02-05,115.5100,515.8500
1999-02-08,114.6000,517.5400
1999-02-09,113.3500,513.5100
1999-02-10,114.9100,516.1700
1999-02-11,117.6300,521.7700
1999-02-12,116.2900,519.2900
1999-02-16,115.4500,522.2000
1999-02-17,114.5500,520.6000
1999-02-18,115.1500,524.2300
1999-02-19,115.4000,525.1300
1999-02-22,117.0600,531.9400
1999-02-23,117.1100,531.5700
1999-02-24,116.1500,529.2200
1999-02-25,115.6300,528.4400
1999-02-26,114.8800,527.4100
1999-03-01,115.3800,527.9900
1999-03-02,114.4800,526.5200
1999-03-03,114.6100,527.3100
1999-03-04,115.2900,531.6500
1999-03-05,115.8300,536.2800
1999-03-08,116.4200,537.3600
1999-03-09,115.5300,537.5300
1999-03-10,115.4300,538.2000
1999-03-11,114.4900,539.0100
1999-03-12,113.9500,539.0500
1999-03-15,115.4800,539.6400
1999-03-16,114.5200,539.8300
1999-03-17,114.6300,539.9200
1999-03-18,114.4700,540.0400
1999-03-19,114.9700,536.1300
1999-03-22,114.4200,536.3900
1999-03-23,112.5900,526.5200
1999-03-24,112.7600,528.3700
1999-03-25,114.7700,535.8600
1999-03-26,114.7200,534.8200
1999-03-29,114.7300,541.7600
1999-03-30,115.2400,540.6200
1999-03-31,114.0200,536.3200
1999-04-01,112.3500,539.7000
1999-04-05,114.7500,547.0700
1999-04-06,114.6000,546.2500
1999-04-07,113.7700,548.3200
1999-04-08,113.1900,550.5900
1999-04-09,115.9000,551.1900
1999-04-12,112.8600,552.2900
1999-04-13,112.5200,552.0900
1999-04-14,112.5400,550.6400
1999-04-15,113.0700,552.7600
1999-04-16,113.8600,553.3600
1999-04-19,113.2000,547.4600
1999-04-20,112.8400,551.1800
1999-04-21,114.9900,556.4900
1999-04-22,115.3800,559.5600
1999-04-23,115.8400,559.3000
1999-04-26,115.6100,560.6000
1999-04-27,116.8200,561.0500
1999-04-28,116.0100,559.8700
1999-04-29,115.5700,559.3400
1999-04-30,116.2500,558.2400
1999-05-03,116.6000,561.8000
1999-05-04,116.6000,559.6400
1999-05-05,117.5300,561.6700
1999-05-06,116.8600,559.7200
1999-05-07,116.9000,562.0300
1999-05-10,116.5700,562.0800
1999-05-11,116.7600,563.8400
1999-05-12,117.1200,564.4000
1999-05-13,117.6900,565.1200
1999-05-14,116.7700,563.6100
1999-05-17,115.6200,564.9400
1999-05-18,118.4300,565.3700
1999-05-19,117.9500,566.5800
1999-05-20,118.8600,566.8800
1999-05-21,118.4300,565.9600
1999-05-24,116.9400,560.3400
1999-05-25,117.5500,554.3500
1999-05-26,118.2500,560.5900
1999-05-27,117.3900,554.3300
1999-05-28,117.9800,561.6600
1999-06-01,114.5700,560.4200
1999-06-02,116.3300,561.1500
1999-06-03,116.0600,562.7000
1999-06-04,116.2600,571.2800
1999-06-07,116.8500,573.6000
1999-06-08,116.9300,570.4300
1999-06-09,116.6100,570.8300
1999-06-10,115.4700,566.7000
1999-06-11,115.4500,563.2800
1999-06-14,114.5900,564.3200
1999-06-15,116.2600,567.6100
1999-06-16,117.2500,577.2900
1999-06-17,118.4100,580.3100
1999-06-18,119.4700,581.7700
1999-06-21,119.0900,583.4400
1999-06-22,118.7400,582.0600
1999-06-23,119.4400,581.8600
1999-06-24,118.3600,578.2400
1999-06-25,118.4800,579.5700
1999-06-28,119.0400,582.9000
1999-06-29,118.0800,585.6600
1999-06-30,120.1200,588.3000
1999-07-01,120.8000,589.5200
1999-07-02,120.4400,590.3200
1999-07-06,119.2700,590.6700
1999-07-07,120.4600,591.1100
1999-07-08,119.0800,591.2700
1999-07-09,119.1400,591.7100
1999-07-12,122.1000,592.0100
1999-07-13,119.3900,592.1000
1999-07-14,118.4500,592.3000
1999-07-15,119.9000,592.4700
1999-07-16,122.2000,594.1200
1999-07-19,122.4000,592.5700
1999-07-20,121.1300,584.7300
1999-07-21,119.4800,585.4500
1999-07-22,119.2900,580.2500
1999-07-23,118.8500,579.2500
1999-07-26,118.2300,576.3500
1999-07-27,115.0400,582.4600
1999-07-28,117.8500,583.6600
1999-07-29,119.6000,575.5500
1999-07-30,119.2800,570.4000
1999-08-02,120.0900,570.6300
1999-08-03,120.0100,568.1700
1999-08-04,118.5700,560.9800
1999-08-05,119.8300,564.5000
1999-08-06,121.4100,559.1400
1999-08-09,119.5400,558.7200
1999-08-10,118.5900,551.7900
1999-08-11,120.6900,560.4800
1999-08-12,121.6900,558.9400
1999-08-13,128.4000,572.1100
1999-08-16,122.1600,573.7900
1999-08-17,122.6900,579.4100
1999-08-18,119.8200,574.1500
1999-08-19,119.7400,570.7800
1999-08-20,122.9800,573.2700
1999-08-23,117.8300,578.0200
1999-08-24,119.0200,578.4300
1999-08-25,119.0200,581.1000
1999-08-26,118.6000,579.4400
1999-08-27,118.2500,578.0600
1999-08-30,116.6500,573.4300
1999-08-31,117.6400,573.6200
1999-09-01,117.4800,576.7600
1999-09-02,119.2800,573.8300
1999-09-03,122.8700,582.0700
1999-09-07,120.7300,581.5500
1999-09-08,119.3200,580.8000
1999-09-09,119.6100,582.1400
1999-09-10,119.9400,583.8200
1999-09-13,118.7300,583.7200
1999-09-14,117.6600,582.9700
1999-09-15,118.2300,579.6300
1999-09-16,119.6800,581.5200
1999-09-17,119.1100,585.7000
1999-09-20,118.3300,586.4700
1999-09-21,117.5800,580.2500
1999-09-22,118.2000,581.6300
1999-09-23,116.0000,572.4400
1999-09-24,115.6400,572.4700
1999-09-27,117.2900,575.5800
1999-09-28,116.7600,575.3800
1999-09-29,116.7100,570.7100
1999-09-30,115.8500,576.6600
1999-10-01,117.0700,577.1400
1999-10-04,117.2400,584.5800
1999-10-05,117.1100,584.7400
1999-10-06,118.3400,591.0900
1999-10-07,120.3600,589.5900
1999-10-08,120.9100,594.8600
1999-10-11,118.3800,596.0000
1999-10-12,120.2200,591.1600
1999-10-13,115.6600,579.8300
1999-10-14,116.5300,579.7400
1999-10-15,116.1400,569.5200
1999-10-18,115.7700,572.7000
1999-10-19,116.9000,574.7200
1999-10-20,118.5900,580.8100
1999-10-21,120.3100,580.4800
1999-10-22,120.8500,583.8500
1999-10-25,119.9400,582.8500
1999-10-26,118.1200,581.5100
1999-10-27,119.1500,583.5900
1999-10-28,121.8200,587.7900
1999-10-29,124.0800,588.2300
1999-11-01,123.7000,588.6900
1999-11-02,121.9900,588.2400
1999-11-03,122.3200,588.8500
1999-11-04,122.2200,589.1600
1999-11-05,127.0600,589.7100
1999-11-08,122.3000,590.2900
1999-11-09,122.0600,590.2500
1999-11-10,122.1400,590.5700
1999-11-11,120.6800,590.7600
1999-11-12,126.0400,590.9900
1999-11-15,124.3300,591.2500
1999-11-16,125.2300,591.3600
1999-11-17,124.1400,591.4900
1999-11-18,125.3300,591.5800
1999-11-19,127.9600,592.1000
1999-11-22,123.9300,592.4100
1999-11-23,121.3000,589.4600
1999-11-24,121.1800,592.1000
1999-11-26,121.6500,590.5700
1999-11-29,120.3700,590.2400
1999-11-30,118.9600,586.4900
1999-12-01,119.0700,589.4500
1999-12-02,117.3300,592.0400
1999-12-03,115.4700,597.5600
1999-12-06,117.3600,596.9100
1999-12-07,116.5300,595.8300
1999-12-08,115.2000,593.6700
1999-12-09,114.4200,595.0400
1999-12-10,114.1600,598.2900
1999-12-13,117.9500,598.9500
1999-12-14,117.5000,596.2100
1999-12-15,116.9200,599.3900
1999-12-16,117.0700,601.8200
1999-12-17,118.0700,601.7200
1999-12-20,116.6200,599.8100
1999-12-21,118.5500,603.4800
1999-12-22,117.7400,604.4000
1999-12-23,120.7200,608.1200
1999-12-27,117.8300,607.9000
1999-12-28,119.1400,608.6900
1999-12-29,119.4500,609.1600
1999-12-30,120.2500,608.7600
1999-12-31,119.1700,609.8000
2000-01-03,117.8400,609.6000
2000-01-04,114.2200,598.7900
2000-01-05,114.8200,600.1300
2000-01-06,114.8700,600.8100
2000-01-07,117.3500,610.1100
2000-01-10,115.7300,613.2400
2000-01-11,114.9800,611.2700
2000-01-12,114.1400,610.7600
2000-01-13,115.1800,613.9900
2000-01-14,116.5600,616.2800
2000-01-18,114.3800,616.3800
2000-01-19,115.5000,617.0700
2000-01-20,114.8000,617.6300
2000-01-21,116.1300,617.5100
2000-01-24,114.3600,608.5000
2000-01-25,116.0700,611.6800
2000-01-26,115.2500,610.9400
2000-01-27,115.8900,609.9300
2000-01-28,113.4900,597.3700
2000-01-31,114.1400,608.1800
2000-02-01,114.1200,613.3500
2000-02-02,114.6200,613.7200
2000-02-03,115.3200,618.6700
2000-02-04,115.8900,619.4200
2000-02-07,116.3000,619.6300
2000-02-08,117.3500,623.5800
2000-02-09,115.3400,617.7100
2000-02-10,115.0200,618.9900
2000-02-11,114.9300,610.9300
2000-02-14,113.0900,613.3500
2000-02-15,116.0700,618.8000
2000-02-16,114.4000,612.4800
2000-02-17,114.7600,611.9100
2000-02-18,114.0700,604.2600
2000-02-22,112.4700,606.3600
2000-02-23,113.3200,610.1100
2000-02-24,111.5000,607.1300
2000-02-25,109.5200,603.0600
2000-02-28,111.3200,607.5700
2000-02-29,111.4200,613.1500
2000-03-01,113.1500,616.8400
2000-03-02,111.5200,618.3700
2000-03-03,112.2200,623.3200
2000-03-06,111.5900,621.1600
2000-03-07,110.3700,613.2100
2000-03-08,111.0200,616.8400
2000-03-09,113.2600,623.5100
2000-03-10,113.3600,623.7200
2000-03-13,114.9300,622.7000
2000-03-14,113.4100,617.7200
2000-03-15,114.1600,624.8900
2000-03-16,114.8600,627.6400
2000-03-17,115.1300,626.5800
2000-03-20,114.3400,625.6700
2000-03-21,113.7900,631.5500
2000-03-22,113.7100,632.2000
2000-03-23,114.2400,634.3700
2000-03-24,113.4700,634.2800
2000-03-27,112.7500,634.1600
2000-03-28,113.3300,633.3800
2000-03-29,113.9600,634.1100
2000-03-30,112.5400,631.2800
2000-03-31,113.3500,633.9800
2000-04-03,113.2300,635.5500
2000-04-04,112.5500,633.8300
2000-04-05,111.5400,631.8800
2000-04-06,113.1100,634.5300
2000-04-07,113.4100,637.3900
2000-04-10,111.9300,636.8600
2000-04-11,112.5100,636.6900
2000-04-12,111.2100,632.5300
2000-04-13,110.7200,627.8100
2000-04-14,107.7900,595.7200
2000-04-17,109.5200,618.2600
2000-04-18,112.7900,632.9600
2000-04-19,113.5200,631.7300
2000-04-20,114.2400,633.2200
2000-04-24,114.9000,633.1600
2000-04-25,115.8900,640.8500
2000-04-26,115.4300,638.4400
2000-04-27,115.9100,639.4000
2000-04-28,115.3500,638.5000
2000-05-01,116.2200,641.6900
2000-05-02,114.7300,637.9700
2000-05-03,114.3400,630.8200
2000-05-04,114.1300,630.9200
2000-05-05,114.8200,637.7600
2000-05-08,114.7300,637.6300
2000-05-09,113.7000,635.1400
2000-05-10,112.9100,627.3100
2000-05-11,115.0200,635.6200
2000-05-12,114.5800,640.1800
2000-05-15,115.1100,646.6400
2000-05-16,113.5100,648.9600
2000-05-17,113.9300,648.8400
2000-05-18,113.1800,649.7400
2000-05-19,112.3900,646.4800
2000-05-22,112.2100,645.7900
2000-05-23,111.2300,640.4100
2000-05-24,110.4800,647.5100
2000-05-25,110.9500,644.5600
2000-05-26,110.5200,644.1900
2000-05-30,109.9400,654.6300
2000-05-31,108.6400,654.2100
2000-06-01,109.0200,658.5800
2000-06-02,110.3000,660.7600
2000-06-05,109.6600,660.9000
2000-06-06,109.7800,660.8300
2000-06-07,109.9500,661.7600
2000-06-08,110.0500,661.6300
2000-06-09,109.6700,662.0300
2000-06-12,112.4100,662.3200
2000-06-13,111.9600,663.2700
2000-06-14,113.1000,663.5300
2000-06-15,113.3000,663.7200
2000-06-16,114.5200,662.7300
2000-06-19,111.5600,665.8600
2000-06-20,112.3400,664.9700
2000-06-21,110.8700,665.6700
2000-06-22,111.6200,661.2200
2000-06-23,110.9200,658.9900
2000-06-26,109.1600,662.5800
2000-06-27,110.6200,662.8900
2000-06-28,109.8300,664.5500
2000-06-29,111.4900,662.8800
2000-06-30,109.9200,665.6400
2000-07-03,107.3500,669.5300
2000-07-05,109.9300,664.8900
2000-07-06,110.5600,667.4000
2000-07-07,109.8800,672.0900
2000-07-10,110.8400,672.5000
2000-07-11,110.4400,673.3700
2000-07-12,108.5600,674.7600
2000-07-13,109.3100,675.1600
2000-07-14,109.0600,676.0300
2000-07-17,112.3700,676.7000
2000-07-18,112.2500,676.7800
2000-07-19,112.0200,676.8300
2000-07-20,110.3200,677.3600
2000-07-21,108.5900,677.1900
2000-07-24,113.6500,674.2500
2000-07-25,110.2200,676.6400
2000-07-26,112.9700,673.1300
2000-07-27,113.2800,671.1900
2000-07-28,112.1700,660.9000
2000-07-31,112.2000,664.5000
2000-08-01,112.9800,667.8300
2000-08-02,109.8600,669.4600
2000-08-03,111.2600,673.6000
2000-08-04,108.6500,677.3300
2000-08-07,106.8900,682.6300
2000-08-08,108.5900,684.3200
2000-08-09,110.0500,682.7300
2000-08-10,110.0200,679.5100
2000-08-11,108.5400,683.2500
2000-08-14,109.0600,689.2500
2000-08-15,108.8800,688.8300
2000-08-16,109.9500,688.3000
2000-08-17,109.2200,691.6500
2000-08-18,110.3400,690.8400
2000-08-21,110.5300,692.8600
2000-08-22,108.3500,693.0900
2000-08-23,111.2900,694.4000
2000-08-24,109.4400,695.4600
2000-08-25,112.2700,695.7600
2000-08-28,110.9300,697.7100
2000-08-29,111.3700,697.3000
2000-08-30,110.8800,695.9400
2000-08-31,112.6500,698.9000
2000-09-01,114.5000,699.2600
2000-09-05,112.5000,697.9600
2000-09-06,110.4400,695.7200
2000-09-07,112.3300,698.6200
2000-09-08,111.0300,698.1500
2000-09-11,111.3500,698.6200
2000-09-12,112.0200,697.8600
2000-09-13,112.1600,699.4500
2000-09-14,111.9800,700.1700
2000-09-15,111.9100,697.8700
2000-09-18,111.2900,693.5800
2000-09-19,111.8100,697.2500
2000-09-20,,695.4200
2000-09-21,,695.3500
2000-09-22,,695.2900
2000-09-25,,693.7600
2000-09-26,,690.7000
2000-09-27,,690.7600
2000-09-28,,700.6100
2000-09-29,,695.1600
2000-10-02,112.9000,695.4000
2000-10-03,113.2700,691.6100
2000-10-04,113.0200,695.7100
2000-10-05,112.8800,696.8100
2000-10-06,113.5700,686.6500
2000-10-09,112.1100,684.8100
2000-10-10,110.9600,678.0200
2000-10-11,111.1300,667.0100
2000-10-12,107.7900,650.6200
2000-10-13,111.2300,671.1700
2000-10-16,111.2900,673.1300
2000-10-17,110.3500,660.7700
2000-10-18,110.6500,656.7300
2000-10-19,113.5400,679.2400
2000-10-20,114.6400,675.0000
2000-10-23,115.6600,676.1100
2000-10-24,115.0300,677.1000
2000-10-25,113.8600,669.5700
2000-10-26,113.1900,667.7400
2000-10-27,115.2100,674.1300
2000-10-30,115.6000,678.6200
2000-10-31,116.8100,683.3200
2000-11-01,116.5100,682.6200
2000-11-02,117.5700,683.9600
2000-11-03,119.0200,684.1100
2000-11-06,118.0900,685.3700
2000-11-07,118.3000,685.5800
2000-11-08,114.2700,683.6900
2000-11-09,116.9100,682.6100
2000-11-10,115.5100,676.1100
2000-11-13,116.1700,673.8600
2000-11-14,119.8400,684.1400
2000-11-15,117.3000,687.6500
2000-11-16,116.4300,686.4800
2000-11-17,118.7600,688.7500
2000-11-20,116.0100,682.1700
2000-11-21,119.0000,683.8500
2000-11-22,116.7100,676.5000
2000-11-24,116.1200,684.7900
2000-11-27,110.5200,687.6900
2000-11-28,113.1700,682.9400
2000-11-29,111.6400,685.6000
2000-11-30,110.6700,674.7500
2000-12-01,112.5400,678.0500
2000-12-04,112.8000,683.1600
2000-12-05,109.7800,698.0700
2000-12-06,109.4200,693.0000
2000-12-07,109.6600,691.1800
2000-12-08,112.5600,699.8000
2000-12-11,109.4600,701.0700
2000-12-12,113.1100,699.6400
2000-12-13,113.3500,700.9900
2000-12-14,113.3000,694.8900
2000-12-15,111.9700,682.6100
2000-12-18,112.2600,684.2900
2000-12-19,112.1500,682.1400
2000-12-20,110.1600,668.4700
2000-12-21,110.5100,673.7900
2000-12-22,111.3000,683.4500
2000-12-26,110.7800,686.3000
2000-12-27,111.3600,688.8900
2000-12-28,110.4700,691.1100
2000-12-29,111.0400,689.4400
2001-01-02,109.6500,680.1100
2001-01-03,110.9400,695.6600
2001-01-04,110.4000,693.8800
2001-01-05,109.9200,687.1700
2001-01-08,109.6000,687.8700
2001-01-09,111.0700,690.5600
2001-01-10,112.1800,694.8800
2001-01-11,110.0500,697.9100
2001-01-12,110.4300,
2001-01-16,110.7000,701.1500
2001-01-17,116.9400,702.5600
2001-01-18,111.1200,703.2700
2001-01-19,112.2500,703.6500
2001-01-22,112.7600,705.2000
2001-01-23,111.5900,709.0600
2001-01-24,111.4300,709.7900
2001-01-25,110.9800,709.4400
2001-01-26,111.7500,709.1900
2001-01-29,111.2200,711.4000
2001-01-30,111.3800,712.6600
2001-01-31,112.3300,712.9200
2001-02-01,113.0000,714.0500
2001-02-02,112.2000,711.6200
2001-02-05,111.8200,713.6700
2001-02-06,112.2800,714.0600
2001-02-07,111.8000,713.0200
2001-02-08,111.7500,712.4400
2001-02-09,111.7300,708.3300
2001-02-12,111.0100,713.9100
2001-02-13,112.0700,711.6700
2001-02-14,113.0900,712.9000
2001-02-15,114.5000,717.1000
2001-02-16,112.2900,704.4400
2001-02-20,112.1000,698.7000
2001-02-21,112.4700,689.7400
2001-02-22,113.6500,688.8400
2001-02-23,113.1200,686.1600
2001-02-26,112.7100,696.9000
2001-02-27,112.6500,693.2800
2001-02-28,112.9100,684.3800
2001-03-01,112.9100,685.7500
2001-03-02,112.1000,682.8000
2001-03-05,112.5200,687.8100
2001-03-06,111.9300,694.8600
2001-03-07,111.1600,698.7900
2001-03-08,112.3400,699.9400
2001-03-09,109.2400,683.6000
2001-03-12,109.2300,653.5100
2001-03-13,110.6900,665.4400
2001-03-14,109.5100,647.4900
2001-03-15,109.9900,651.8600
2001-03-16,109.2100,640.3200
2001-03-19,114.4300,646.3800
2001-03-20,112.8900,639.4100
2001-03-21,111.7400,633.6100
2001-03-22,110.5500,631.0400
2001-03-23,111.2100,640.4900
2001-03-26,109.7900,646.1400
2001-03-27,111.5700,653.2000
2001-03-28,110.2400,646.7500
2001-03-29,110.6500,645.9200
2001-03-30,109.5800,648.9900
2001-04-02,109.3200,644.7500
2001-04-03,109.1000,631.0800
2001-04-04,108.7300,630.2500
2001-04-05,110.6200,649.5300
2001-04-06,109.0700,642.1000
2001-04-09,108.3100,646.7700
2001-04-10,109.7300,656.1700
2001-04-11,110.0000,657.2700
2001-04-12,110.4000,661.2400
2001-04-16,109.1000,662.0900
2001-04-17,110.4400,663.6300
2001-04-18,111.0400,664.3800
2001-04-19,112.2900,664.7500
2001-04-20,112.6700,663.8000
2001-04-23,113.1800,659.0600
2001-04-24,113.2400,656.1000
2001-04-25,112.3300,661.9300
2001-04-26,112.8500,664.1000
2001-04-27,113.6200,668.8500
2001-04-30,113.5600,668.7100
2001-05-01,113.1700,671.9900
2001-05-02,113.5200,672.5800
2001-05-03,112.8300,670.0600
2001-05-04,113.2000,673.4500
2001-05-07,113.6700,673.7000
2001-05-08,113.9600,674.3800
2001-05-09,113.7000,674.2200
2001-05-10,114.1200,674.8600
2001-05-11,114.3300,674.1800
2001-05-14,116.7400,675.4500
2001-05-15,115.2000,676.7900
2001-05-16,115.2700,678.7800
2001-05-17,116.1000,679.0800
2001-05-18,118.3700,679.1200
2001-05-21,118.4500,683.9700
2001-05-22,117.7400,683.3900
2001-05-23,115.3800,679.9200
2001-05-24,116.8800,681.8000
2001-05-25,115.1000,679.1100
2001-05-29,112.9100,676.6100
2001-05-30,111.5400,669.3400
2001-05-31,113.1300,672.5400
2001-06-01,111.7500,675.7900
2001-06-04,110.5800,678.6400
2001-06-05,109.7000,685.0400
2001-06-06,111.6700,681.1500
2001-06-07,110.2500,683.7800
2001-06-08,110.5200,679.8800
2001-06-11,111.4100,675.6100
2001-06-12,114.0500,676.9200
2001-06-13,114.1300,670.0800
2001-06-14,113.6700,657.7900
2001-06-15,114.5200,650.8500
2001-06-18,113.0300,650.4600
2001-06-19,113.3500,652.2500
2001-06-20,113.2600,654.7800
2001-06-21,114.7000,658.4900
2001-06-22,114.6800,656.4100
2001-06-25,113.3000,656.2800
2001-06-26,111.8500,655.6200
2001-06-27,111.5500,655.4900
2001-06-28,114.0100,658.7800
2001-06-29,115.7000,659.8400
2001-07-02,114.6000,661.7600
2001-07-03,110.2400,662.0500
2001-07-05,114.0400,659.9000
2001-07-06,112.6900,652.6900
2001-07-09,111.3300,655.9200
2001-07-10,111.0800,650.8500
2001-07-11,114.3300,650.1900
2001-07-12,113.5700,660.1400
2001-07-13,112.8800,662.6700
2001-07-16,113.2100,660.7900
2001-07-17,112.6600,663.4900
2001-07-18,112.6400,663.1700
2001-07-19,115.1800,665.7300
2001-07-20,114.4600,665.5900
2001-07-23,113.6500,660.8900
2001-07-24,113.1200,654.3100
2001-07-25,114.3300,661.1700
2001-07-26,115.0200,665.9900
2001-07-27,116.9900,667.1100
2001-07-30,114.7200,667.4200
2001-07-31,115.3100,669.7500
2001-08-01,116.6800,671.5700
2001-08-02,115.9600,672.5400
2001-08-03,115.6700,672.4400
2001-08-06,115.5500,669.7500
2001-08-07,114.7600,671.5200
2001-08-08,114.7000,665.2200
2001-08-09,115.3300,665.9600
2001-08-10,114.6800,669.3400
2001-08-13,115.5500,670.9000
2001-08-14,116.5500,669.7500
2001-08-15,116.7300,666.1700
2001-08-16,117.6600,668.4700
2001-08-17,115.8700,661.7700
2001-08-20,116.3700,665.5100
2001-08-21,115.4600,662.1400
2001-08-22,114.7700,665.3400
2001-08-23,117.3100,664.9300
2001-08-24,115.8400,670.8900
2001-08-27,115.3100,670.5500
2001-08-28,114.3900,666.6200
2001-08-29,115.8700,662.7800
2001-08-30,114.1700,654.8700
2001-08-31,113.2700,657.6300
2001-09-04,113.1000,656.9400
2001-09-05,113.8100,657.3800
2001-09-06,112.4500,646.2700
2001-09-07,111.4300,635.3600
2001-09-10,112.5000,639.4800
2001-09-17,110.9000,609.2300
2001-09-18,114.9700,605.8300
2001-09-19,113.1600,594.8100
2001-09-20,111.5700,577.5100
2001-09-21,112.2300,553.0100
2001-09-24,114.5900,563.6000
2001-09-25,115.0200,565.9900
2001-09-26,114.4800,565.9200
2001-09-27,115.2600,568.2600
2001-09-28,114.9600,571.2900
2001-10-01,115.4900,571.9200
2001-10-02,117.1900,573.1200
2001-10-03,118.4700,574.0100
2001-10-04,118.0600,573.8200
2001-10-05,119.3600,573.6600
2001-10-08,117.9400,573.7600
2001-10-09,118.4800,573.9300
2001-10-10,119.2800,575.5300
2001-10-11,120.0000,575.9700
2001-10-12,118.8300,575.8000
2001-10-15,118.5700,576.3600
2001-10-16,119.8600,576.6600
2001-10-17,118.2300,576.5700
2001-10-18,118.4200,576.8500
2001-10-19,119.2200,579.4300
2001-10-22,120.2200,584.5700
2001-10-23,119.8000,584.1500
2001-10-24,119.9800,585.1900
2001-10-25,119.0100,588.0000
2001-10-26,119.8600,589.5800
2001-10-29,118.3600,585.7900
2001-10-30,117.0900,581.2500
2001-10-31,117.0700,581.6500
2001-11-01,117.3800,587.3300
2001-11-02,118.5600,589.3300
2001-11-05,118.8800,592.3400
2001-11-06,116.7400,594.5100
2001-11-07,117.4500,594.5000
2001-11-08,117.5800,595.2900
2001-11-09,117.6100,595.9500
2001-11-12,118.4100,595.8100
2001-11-13,120.2200,596.9200
2001-11-14,119.5900,596.8900
2001-11-15,121.5700,597.1600
2001-11-16,122.2300,596.6200
2001-11-19,122.3100,600.1700
2001-11-20,120.4800,599.2800
2001-11-21,119.8800,598.0800
2001-11-23,120.2600,602.3700
2001-11-26,119.1300,603.9500
2001-11-27,118.3200,602.3400
2001-11-28,118.2500,596.6900
2001-11-29,121.1300,600.7100
2001-11-30,120.3000,601.4400
2001-12-03,119.6800,598.7400
2001-12-04,121.6400,604.0800
2001-12-05,116.5300,608.7700
2001-12-06,117.8800,608.5900
2001-12-07,118.1300,607.6800
2001-12-10,117.8600,604.1400
2001-12-11,118.0400,604.0100
2001-12-12,119.2000,604.8200
2001-12-13,119.0600,598.8000
2001-12-14,120.4000,601.5800
2001-12-17,122.0600,606.7400
2001-12-18,122.3200,610.1600
2001-12-19,122.5700,612.1600
2001-12-20,124.6400,611.5700
2001-12-21,123.8600,613.4300
2001-12-24,124.6200,614.4300
2001-12-26,119.0000,616.2600
2001-12-27,122.9400,617.8800
2001-12-28,123.6700,618.7900
2001-12-31,121.1300,616.1500
2002-01-02,119.5400,618.3500
2002-01-03,118.8900,621.0000
2002-01-04,122.2700,622.4000
2002-01-07,121.6600,621.9500
2002-01-08,121.5600,621.8500
2002-01-09,119.8600,621.2500
2002-01-10,119.4400,622.0200
2002-01-11,121.9200,620.6000
2002-01-14,118.8700,620.0400
2002-01-15,121.9700,622.9600
2002-01-16,119.4600,618.6300
2002-01-17,119.8600,623.6300
2002-01-18,120.8500,617.5300
2002-01-22,120.7200,615.8700
2002-01-23,119.6200,619.6500
2002-01-24,119.8400,620.9500
2002-01-25,121.7400,621.4800
2002-01-28,123.2800,622.4500
2002-01-29,118.2800,610.9600
2002-01-30,120.5300,616.4700
2002-01-31,120.2600,622.3600
2002-02-01,119.8700,621.1000
2002-02-04,118.4000,609.6400
2002-02-05,118.1400,607.8300
2002-02-06,117.4600,605.4000
2002-02-07,116.8900,603.4800
2002-02-08,118.0200,612.4100
2002-02-11,120.0600,620.8800
2002-02-12,119.9200,619.1500
2002-02-13,121.3500,624.6700
2002-02-14,121.2600,624.4800
2002-02-15,122.6300,621.9900
2002-02-19,120.8500,615.4800
2002-02-20,121.0000,621.6800
2002-02-21,117.7000,615.4500
2002-02-22,118.8800,619.3300
2002-02-25,116.8500,626.5800
2002-02-26,118.2700,626.6600
2002-02-27,118.2100,627.7300
2002-02-28,119.6600,627.0700
2002-03-01,119.5800,632.7900
2002-03-04,116.9800,635.4400
2002-03-05,116.8200,635.3200
2002-03-06,115.4000,636.4000
2002-03-07,115.9700,636.5200
2002-03-08,115.6300,637.1200
2002-03-11,116.1800,637.4500
2002-03-12,117.2300,637.5500
2002-03-13,116.5100,637.6400
2002-03-14,115.2600,637.7800
2002-03-15,117.6200,638.7100
2002-03-18,117.2100,638.5500
2002-03-19,115.4700,640.4300
2002-03-20,116.6800,636.2000
2002-03-21,117.4200,637.1800
2002-03-22,116.6500,636.2000
2002-03-25,116.8900,630.7400
2002-03-26,118.6000,633.5800
2002-03-27,117.1300,636.1900
2002-03-28,112.9700,637.2300
2002-04-01,115.8400,637.1900
2002-04-02,113.9500,634.0700
2002-04-03,114.8100,628.7100
2002-04-04,113.7400,629.5900
2002-04-05,114.5200,628.5500
2002-04-08,114.1400,630.2200
2002-04-09,115.6200,626.7700
2002-04-10,118.3800,633.5400
2002-04-11,114.5500,619.7500
2002-04-12,115.5700,622.8700
2002-04-15,115.3100,619.3700
2002-04-16,116.6200,633.2200
2002-04-17,116.0100,632.7400
2002-04-18,115.4300,631.2600
2002-04-19,115.8100,634.3700
2002-04-22,116.3100,629.7400
2002-04-23,114.7800,627.1100
2002-04-24,114.6100,624.1200
2002-04-25,115.3100,623.5200
2002-04-26,114.1300,616.6300
2002-04-29,113.9300,611.4200
2002-04-30,114.7500,617.7900
2002-05-01,113.2500,622.8400
2002-05-02,114.6900,622.2300
2002-05-03,113.9800,617.2500
2002-05-06,111.2900,605.9300
2002-05-07,111.9500,603.9400
2002-05-08,112.0000,625.0700
2002-05-09,113.2700,617.3200
2002-05-10,113.3900,607.9500
2002-05-13,113.2700,618.6500
2002-05-14,113.6700,631.1900
2002-05-15,113.9300,628.6300
2002-05-16,114.3700,632.9800
2002-05-17,115.3000,636.1800
2002-05-20,115.7200,632.6900
2002-05-21,114.7600,629.2200
2002-05-22,116.3600,631.3000
2002-05-23,116.0000,635.1500
2002-05-24,114.4900,631.8300
2002-05-28,114.6900,629.2300
2002-05-29,113.9300,626.6500
2002-05-30,115.0700,625.9100
2002-05-31,116.0400,627.4000
2002-06-03,113.6500,613.7600
2002-06-04,114.3200,613.9400
2002-06-05,114.8000,619.6300
2002-06-06,114.1400,608.9900
2002-06-07,114.2500,608.4900
2002-06-10,113.2800,610.0700
2002-06-11,111.9600,600.4900
2002-06-12,113.5800,604.3800
2002-06-13,112.1700,598.3000
2002-06-14,113.0000,597.1400
2002-06-17,112.6500,614.2600
2002-06-18,113.2700,614.6400
2002-06-19,111.4600,604.4200
2002-06-20,111.2200,596.5000
2002-06-21,112.3500,584.4700
2002-06-24,112.3500,586.6500
2002-06-25,111.1100,581.2200
2002-06-26,111.0500,580.4600
2002-06-27,112.3600,587.3400
2002-06-28,112.4500,587.7900
2002-07-01,112.1000,580.6600
2002-07-02,110.7700,570.9300
2002-07-03,109.9900,574.1700
2002-07-05,116.3400,590.1200
2002-07-08,112.5200,586.0800
2002-07-09,110.7500,575.2600
2002-07-10,108.7900,556.7900
2002-07-11,110.0000,561.9800
2002-07-12,111.0700,558.1900
2002-07-15,112.4000,555.7900
2002-07-16,110.7000,546.4200
2002-07-17,111.0900,549.8400
2002-07-18,111.7600,533.5000
2002-07-19,109.5800,517.2200
2002-07-22,108.0600,507.5800
2002-07-23,107.9000,497.8100
2002-07-24,110.1300,517.3500
2002-07-25,110.4000,516.4900
2002-07-26,112.0000,523.5100
2002-07-29,113.5400,534.4200
2002-07-30,113.2200,534.9900
2002-07-31,112.1600,535.8100
2002-08-01,110.9200,531.1900
2002-08-02,110.6300,526.7700
2002-08-05,109.4400,517.9500
2002-08-06,110.5500,527.4500
2002-08-07,112.3600,532.9700
2002-08-08,113.1300,537.1000
2002-08-09,113.2700,538.1500
2002-08-12,113.7000,538.4900
2002-08-13,113.5600,538.3500
2002-08-14,114.6300,539.9800
2002-08-15,116.4200,540.2200
2002-08-16,116.7400,539.9600
2002-08-19,117.0700,545.1500
2002-08-20,115.8400,542.5900
2002-08-21,118.4000,545.6900
2002-08-22,117.1000,548.5400
2002-08-23,116.7500,544.3500
2002-08-26,116.9200,546.2900
2002-08-27,116.8400,543.6900
2002-08-28,115.2700,538.6600
2002-08-29,115.7400,538.7700
2002-08-30,116.6600,539.3100
2002-09-03,113.2700,522.8100
2002-09-04,114.6600,530.6600
2002-09-05,114.5600,525.5400
2002-09-06,115.2600,532.8200
2002-09-09,115.4900,537.4800
2002-09-10,116.3700,541.2400
2002-09-11,115.8600,541.3800
2002-09-12,114.8400,532.1000
2002-09-13,115.2000,534.5000
2002-09-16,115.9200,535.5400
2002-09-17,114.4500,526.1000
2002-09-18,113.7700,523.5400
2002-09-19,112.1500,507.6500
2002-09-20,112.8900,511.0200
2002-09-23,111.5600,509.0500
2002-09-24,110.4700,504.9900
2002-09-25,111.0100,512.3400
2002-09-26,111.4600,517.8500
2002-09-27,109.5500,510.4100
2002-09-30,109.0900,506.1500
2002-10-01,110.5600,518.2200
2002-10-02,109.6400,512.0000
2002-10-03,108.8500,509.3800
2002-10-04,108.1200,503.0600
2002-10-07,107.1700,496.3700
2002-10-08,107.3900,503.2800
2002-10-09,106.5100,492.5300
2002-10-10,108.0100,507.4000
2002-10-11,109.6400,520.3700
2002-10-14,109.9100,523.5000
2002-10-15,111.9000,528.2000
2002-10-16,110.6600,527.3700
2002-10-17,111.8200,528.8200
2002-10-18,112.5700,529.3200
2002-10-21,113.5400,533.7400
2002-10-22,113.5900,531.9800
2002-10-23,114.0600,533.9700
2002-10-24,112.9500,530.9000
2002-10-25,114.3400,536.3700
2002-10-28,113.3400,535.7800
2002-10-29,112.4900,533.7100
2002-10-30,113.4000,536.4300
2002-10-31,114.3800,535.9500
2002-11-01,114.8600,540.2900
2002-11-04,113.5700,541.3900
2002-11-05,114.4300,542.5100
2002-11-06,112.1700,543.7500
2002-11-07,113.1100,542.2800
2002-11-08,114.4600,542.2700
2002-11-11,111.8400,539.3100
2002-11-12,113.0400,542.2400
2002-11-13,113.1100,543.4500
2002-11-14,112.9600,546.8200
2002-11-15,112.3400,549.6600
2002-11-18,113.6000,547.8200
2002-11-19,111.6600,547.8400
2002-11-20,114.6400,552.9200
2002-11-21,116.3400,556.6100
2002-11-22,114.2400,556.8100
2002-11-25,113.4800,557.3100
2002-11-26,113.0700,554.0700
2002-11-27,112.7400,557.0300
2002-11-29,112.4500,557.1400
2002-12-02,112.4400,557.9200
2002-12-03,111.8900,556.0700
2002-12-04,111.8900,555.7700
2002-12-05,112.2800,553.6100
2002-12-06,112.8000,555.5900
2002-12-09,111.0300,551.6300
2002-12-10,111.3300,555.9500
2002-12-11,111.4800,557.3600
2002-12-12,110.4000,557.3200
2002-12-13,111.8000,554.4300
2002-12-16,114.7600,560.8700
2002-12-17,112.2500,560.2600
2002-12-18,113.8100,558.6000
2002-12-19,115.6900,558.2700
2002-12-20,112.7100,563.8200
2002-12-23,111.7900,565.7100
2002-12-24,114.4600,564.8500
2002-12-26,114.3100,564.0700
2002-12-27,112.8600,559.5600
2002-12-30,114.8500,561.9200
2002-12-31,114.3400,563.3100
2003-01-02,116.2200,571.4700
2003-01-03,114.6400,572.0200
2003-01-06,113.0400,574.6900
2003-01-07,112.7900,574.5200
2003-01-08,112.1600,573.4900
2003-01-09,112.6000,575.5100
2003-01-10,112.8000,575.6600
2003-01-13,110.6100,575.8500
2003-01-14,114.0100,576.2600
2003-01-15,111.5700,576.2900
2003-01-16,114.0000,576.3800
2003-01-17,112.6800,575.6600
2003-01-21,112.8100,570.8900
2003-01-22,111.3200,567.2300
2003-01-23,110.5500,571.3600
2003-01-24,112.0700,559.3600
2003-01-27,111.3100,551.5800
2003-01-28,110.2400,558.2600
2003-01-29,109.7200,562.2900
2003-01-30,109.4500,552.3400
2003-01-31,109.2000,558.4100
2003-02-03,110.6600,561.5700
2003-02-04,109.7000,554.9700
2003-02-05,109.8200,552.1600
2003-02-06,110.8100,549.8700
2003-02-07,110.6500,544.3600
2003-02-10,111.4400,549.3300
2003-02-11,110.9300,544.9000
2003-02-12,110.7400,538.4000
2003-02-13,110.7700,537.9600
2003-02-14,111.3100,549.6300
2003-02-18,112.9400,560.4500
2003-02-19,112.9100,556.6500
2003-02-20,109.9700,550.8100
2003-02-21,110.4700,556.6900
2003-02-24,109.8000,552.3900
2003-02-25,110.3000,554.4000
2003-02-26,108.8900,551.2200
2003-02-27,109.7200,555.6000
2003-02-28,109.5800,557.6800
2003-03-03,109.4100,556.6000
2003-03-04,108.8200,552.4300
2003-03-05,108.6800,555.9200
2003-03-06,108.0100,553.6400
2003-03-07,107.4200,556.4400
2003-03-10,107.3200,548.2100
2003-03-11,106.8900,545.2100
2003-03-12,106.5600,547.6000
2003-03-13,107.0800,560.6000
2003-03-14,107.0500,561.7900
2003-03-17,109.4600,567.6200
2003-03-18,108.4100,569.1500
2003-03-19,109.1000,569.7300
2003-03-20,109.6200,570.2500
2003-03-21,110.1800,573.8400
2003-03-24,108.9600,564.3500
2003-03-25,109.6500,569.5800
2003-03-26,109.2800,568.5300
2003-03-27,109.1700,568.4800
2003-03-28,109.0800,567.0300
2003-03-31,108.7800,560.4100
2003-04-01,108.8100,566.3700
2003-04-02,108.5000,574.9400
2003-04-03,108.5000,573.9300
2003-04-04,108.1600,574.6500
2003-04-07,107.8200,576.5100
2003-04-08,108.8500,577.5600
2003-04-09,108.6300,572.9400
2003-04-10,107.4600,576.7000
2003-04-11,109.2900,577.0500
2003-04-14,111.4400,583.9900
2003-04-15,110.7800,586.3100
2003-04-16,111.1200,585.9000
2003-04-17,110.1900,589.9700
2003-04-21,110.8000,590.4900
2003-04-22,107.9400,594.9800
2003-04-23,110.9400,596.1600
2003-04-24,107.9800,595.6000
2003-04-25,109.7100,593.7100
2003-04-28,109.8100,597.0400
2003-04-29,109.5800,597.4700
2003-04-30,109.3500,597.2200
2003-05-01,109.3700,597.5800
2003-05-02,109.9800,599.0300
2003-05-05,110.7300,599.2300
2003-05-06,111.7800,599.6500
2003-05-07,109.7900,599.7300
2003-05-08,110.5400,599.4500
2003-05-09,112.2100,600.2100
2003-05-12,111.4400,600.4500
2003-05-13,111.4800,600.5400
2003-05-14,112.0500,600.6000
2003-05-15,111.7700,600.7000
2003-05-16,111.4900,601.7200
2003-05-19,111.0000,593.1500
2003-05-20,111.5400,592.5800
2003-05-21,111.6800,594.5200
2003-05-22,112.4400,598.6900
2003-05-23,112.9800,599.5200
2003-05-27,114.2200,605.2700
2003-05-28,113.0100,605.8500
2003-05-29,113.2500,604.8900
2003-05-30,111.4300,608.5000
2003-06-02,113.5000,608.9700
2003-06-03,113.6500,609.8100
2003-06-04,114.1300,611.3300
2003-06-05,114.3100,611.7700
2003-06-06,112.2500,611.8500
2003-06-09,111.4400,611.3800
2003-06-10,112.4900,612.7400
2003-06-11,112.2000,613.3500
2003-06-12,112.4400,613.4400
2003-06-13,109.7900,613.5300
2003-06-16,112.8900,613.9400
2003-06-17,111.3300,613.9600
2003-06-18,111.6900,614.0200
2003-06-19,113.1200,614.0600
2003-06-20,112.0700,612.6200
2003-06-23,112.5400,607.9600
2003-06-24,110.8700,608.7600
2003-06-25,110.7700,606.1100
2003-06-26,110.6200,611.1800
2003-06-27,111.7000,607.4300
2003-06-30,110.8600,607.3000
2003-07-01,113.0100,610.9600
2003-07-02,111.0200,614.9000
2003-07-03,110.4200,611.9700
2003-07-07,111.4100,619.0400
2003-07-08,111.1500,620.3200
2003-07-09,110.6800,620.0200
2003-07-10,109.2100,616.2700
2003-07-11,110.6000,620.1800
2003-07-14,109.5100,622.0900
2003-07-15,108.9100,622.2600
2003-07-16,109.7000,621.1200
2003-07-17,109.7800,616.7700
2003-07-18,109.7000,623.2800
2003-07-21,110.3500,620.1400
2003-07-22,110.1500,623.0300
2003-07-23,110.2300,623.7900
2003-07-24,108.8900,622.2300
2003-07-25,109.8600,627.4100
2003-07-28,110.1700,627.0800
2003-07-29,109.5600,625.6700
2003-07-30,108.6400,625.4000
2003-07-31,108.2700,626.1300
2003-08-01,109.6300,623.2100
2003-08-04,110.4700,624.4600
2003-08-05,109.1400,618.3100
2003-08-06,110.7200,620.2600
2003-08-07,113.1700,624.2200
2003-08-08,112.9500,626.3100
2003-08-11,113.6700,627.9100
2003-08-12,113.9700,631.1300
2003-08-13,112.7000,630.5300
2003-08-14,113.7400,632.8100
2003-08-15,114.7400,632.3700
2003-08-18,116.2900,636.0100
2003-08-19,116.0300,637.0100
2003-08-20,115.4500,636.7000
2003-08-21,115.6600,637.6000
2003-08-22,114.7100,634.9700
2003-08-25,114.5700,635.2500
2003-08-26,114.4700,636.5000
2003-08-27,114.6500,637.0800
2003-08-28,114.7500,639.2500
2003-08-29,114.6000,640.4400
2003-09-02,115.9000,642.9900
2003-09-03,114.6100,643.4600
2003-09-04,115.1100,644.0300
2003-09-05,114.9900,644.1500
2003-09-08,114.1500,645.2400
2003-09-09,114.6400,644.8700
2003-09-10,113.7800,643.8400
2003-09-11,113.1700,645.0300
2003-09-12,111.3600,645.6400
2003-09-15,113.5200,645.7200
2003-09-16,112.7900,646.4100
2003-09-17,113.2200,646.4600
2003-09-18,113.6400,646.5700
2003-09-19,113.3500,646.4800
2003-09-22,113.8500,642.1300
2003-09-23,114.4300,644.3800
2003-09-24,112.9400,636.8000
2003-09-25,111.9700,634.4000
2003-09-26,112.8600,631.6100
2003-09-29,113.9400,636.5400
2003-09-30,113.1900,631.6100
2003-10-01,114.5700,642.0900
2003-10-02,114.7300,643.8000
2003-10-03,113.3100,647.9300
2003-10-06,115.7600,650.1500
2003-10-07,115.5700,651.3400
2003-10-08,112.7300,650.8200
2003-10-09,112.7000,652.6500
2003-10-10,112.2500,653.2400
2003-10-13,114.6400,655.3000
2003-10-14,115.3000,656.0500
2003-10-15,115.7900,656.5000
2003-10-16,115.0100,656.8500
2003-10-17,112.3800,655.2300
2003-10-20,115.3700,657.5700
2003-10-21,,659.0300
2003-10-22,113.4600,653.6700
2003-10-23,113.2000,655.2300
2003-10-24,117.5100,654.0600
2003-10-27,115.8400,655.0800
2003-10-28,,660.7600
2003-10-29,117.7100,661.6800
2003-10-30,117.7600,661.5700
2003-10-31,116.5300,662.8100
2003-11-03,115.7700,664.7600
2003-11-04,115.9400,664.1000
2003-11-05,115.0100,663.8000
2003-11-06,117.2300,665.3000
2003-11-07,117.1600,664.8600
2003-11-10,116.3900,663.8800
2003-11-11,117.0900,664.1600
2003-11-12,118.0700,667.3000
2003-11-13,118.9500,667.6100
2003-11-14,119.2600,666.6600
2003-11-17,121.5500,665.4200
2003-11-18,116.9200,662.6700
2003-11-19,120.0400,667.4200
2003-11-20,119.7200,664.1200
2003-11-21,121.7000,669.2400
2003-11-24,123.6000,674.7800
2003-11-25,123.3600,675.7900
2003-11-26,126.0000,676.5000
2003-11-28,121.0700,676.9300
2003-12-01,123.0300,678.2700
2003-12-02,121.1700,678.2900
2003-12-03,118.5100,678.3400
2003-12-04,114.2700,678.9200
2003-12-05,120.1100,678.3800
2003-12-08,117.4400,679.4900
2003-12-09,120.1400,678.9700
2003-12-10,123.1300,679.1600
2003-12-11,124.8500,680.2300
2003-12-12,125.8600,680.4200
2003-12-15,125.6600,680.3000
2003-12-16,128.7000,680.7300
2003-12-17,127.7300,680.9200
2003-12-18,124.0400,680.9800
2003-12-19,123.5800,679.6700
2003-12-22,122.9300,681.1500
2003-12-23,123.7700,682.5600
2003-12-24,121.8700,682.1400
2003-12-26,124.1200,682.6200
2003-12-29,124.6500,686.1300
2003-12-30,123.6700,686.1100
2003-12-31,120.4000,685.9700
2004-01-02,123.2300,686.0100
2004-01-05,121.1500,688.6900
2004-01-06,125.1900,689.4700
2004-01-07,114.9900,690.0100
2004-01-08,119.9100,690.3000
2004-01-09,121.1700,690.0600
2004-01-12,122.0600,690.6700
2004-01-13,124.6900,690.6600
2004-01-14,123.0900,691.0100
2004-01-15,123.0400,691.1700
2004-01-16,125.7500,692.1300
2004-01-20,120.0600,692.7900
2004-01-21,118.3700,695.2600
2004-01-22,116.7200,694.3800
2004-01-23,115.4700,693.7200
2004-01-26,115.8100,697.2200
2004-01-27,113.8100,695.2200
2004-01-28,113.1000,690.9800
2004-01-29,112.9100,692.5200
2004-01-30,112.1600,692.2900
2004-02-02,114.2900,693.8300
2004-02-03,115.2900,694.1000
2004-02-04,113.7600,691.9100
2004-02-05,115.6300,692.9500
2004-02-06,115.0900,697.5400
2004-02-09,117.0500,697.5000
2004-02-10,118.8700,699.0400
2004-02-11,118.1900,700.5600
2004-02-12,118.3300,700.5800
2004-02-13,118.0100,700.3000
2004-02-17,117.7700,701.4200
2004-02-18,116.1800,701.6200
2004-02-19,115.7300,701.7200
2004-02-20,117.9400,702.8000
2004-02-23,115.8400,702.3200
2004-02-24,116.6600,702.3400
2004-02-25,115.3800,704.3900
2004-02-26,115.1800,705.3100
2004-02-27,111.8800,705.9300
2004-03-01,115.7100,708.3600
2004-03-02,117.8000,707.3400
2004-03-03,115.5600,708.0500
2004-03-04,115.2400,708.9100
2004-03-05,117.9500,709.6800
2004-03-08,114.1700,708.0500
2004-03-09,115.7400,706.1900
2004-03-10,114.0400,699.4800
2004-03-11,111.3900,690.0200
2004-03-12,118.6700,699.3300
2004-03-15,113.4500,690.1900
2004-03-16,116.9700,
2004-03-17,120.4100,703.0500
2004-03-18,122.3600,702.0700
2004-03-19,118.5300,696.9700
2004-03-22,117.5600,690.4300
2004-03-23,120.8500,691.5000
2004-03-24,118.3700,690.1500
2004-03-25,119.7900,698.9600
2004-03-26,121.1600,699.6100
2004-03-29,118.4200,704.6400
2004-03-30,120.2800,706.0300
2004-03-31,115.8700,705.9500
2004-04-01,119.5300,707.5000
2004-04-02,121.8100,709.9000
2004-04-05,123.2000,711.5500
2004-04-06,120.4700,711.6000
2004-04-07,119.7600,711.1100
2004-04-08,121.4200,710.9300
2004-04-12,118.1000,712.4700
2004-04-13,124.3400,710.5500
2004-04-14,118.6100,711.9700
2004-04-15,119.9400,712.9700
2004-04-16,121.2700,713.5000
2004-04-19,121.1400,714.8100
2004-04-20,116.0300,709.3400
2004-04-21,116.9900,711.8600
2004-04-22,117.8800,717.2800
2004-04-23,118.3100,717.8700
2004-04-26,116.8900,716.5100
2004-04-27,116.6800,717.8800
2004-04-28,114.7700,712.2800
2004-04-29,112.3100,709.4400
2004-04-30,111.7600,706.7600
2004-05-03,113.2000,711.6000
2004-05-04,113.5700,712.7100
2004-05-05,113.7600,714.1400
2004-05-06,112.6700,710.6600
2004-05-07,111.5200,703.2300
2004-05-10,115.3900,696.6700
2004-05-11,114.6700,702.3400
2004-05-12,115.6700,703.9600
2004-05-13,114.9000,703.2100
2004-05-14,114.9000,703.0400
2004-05-17,114.8400,695.7000
2004-05-18,116.9800,700.9300
2004-05-19,117.2500,699.4000
2004-05-20,117.4000,699.9000
2004-05-21,116.0700,701.3400
2004-05-24,116.6000,703.4000
2004-05-25,116.4800,709.1000
2004-05-26,118.5400,709.5800
2004-05-27,119.9800,711.1700
2004-05-28,118.4700,711.2900
2004-06-01,120.8100,711.5300
2004-06-02,121.2300,712.4400
2004-06-03,116.7500,711.1200
2004-06-04,122.9200,712.7100
2004-06-07,123.6400,714.8100
2004-06-08,128.8600,715.0100
2004-06-09,123.9900,714.7200
2004-06-10,134.2300,715.2100
2004-06-14,124.8600,715.0500
2004-06-15,127.0900,715.5900
2004-06-16,125.6400,715.6800
2004-06-17,123.0600,715.8600
2004-06-18,121.9600,714.4000
2004-06-21,122.2900,713.5600
2004-06-22,121.5400,715.8800
2004-06-23,123.4400,718.5200
2004-06-24,121.1200,717.3600
2004-06-25,119.1500,716.9700
2004-06-28,118.6200,715.7200
2004-06-29,117.9600,717.2100
2004-06-30,118.6200,719.3000
2004-07-01,117.9900,715.6800
2004-07-02,117.9200,714.3000
2004-07-06,116.9000,710.9300
2004-07-07,118.8600,712.6100
2004-07-08,114.2300,707.6500
2004-07-09,115.3200,710.2500
2004-07-12,119.9700,711.5000
2004-07-13,121.2500,712.1600
2004-07-14,115.3000,709.9400
2004-07-15,117.1200,706.8900
2004-07-16,120.5200,710.6600
2004-07-19,123.4200,711.2200
2004-07-20,125.8600,713.8300
2004-07-21,116.8500,708.5400
2004-07-22,118.1500,709.9300
2004-07-23,117.9100,705.5600
2004-07-26,116.7800,705.4900
2004-07-27,117.8000,710.3600
2004-07-28,118.9500,711.2400
2004-07-29,119.0000,713.6800
2004-07-30,116.1300,714.5600
2004-08-02,119.6900,716.6800
2004-08-03,118.2800,714.1800
2004-08-04,120.0400,714.0700
2004-08-05,117.8800,705.6300
2004-08-06,117.5500,696.2700
2004-08-09,117.6200,697.4500
2004-08-10,119.6200,705.6700
2004-08-11,121.7300,704.5100
2004-08-12,117.6500,696.7900
2004-08-13,117.9000,698.2500
2004-08-16,122.5600,707.6900
2004-08-17,120.0900,709.0200
2004-08-18,119.5000,717.4400
2004-08-19,120.3000,715.0300
2004-08-20,120.6700,716.5500
2004-08-23,120.0100,716.8700
2004-08-24,119.7900,717.3600
2004-08-25,120.9700,719.7900
2004-08-26,119.0500,720.2200
2004-08-27,118.7000,720.7800
2004-08-30,117.7100,719.4400
2004-08-31,118.7300,720.6700
2004-09-01,119.1700,721.4300
2004-09-02,122.2000,723.5300
2004-09-03,122.2700,723.5200
2004-09-07,122.1600,724.7100
2004-09-08,122.4900,724.8000
2004-09-09,125.9200,725.0500
2004-09-10,128.3300,725.6100
2004-09-13,120.4700,725.7700
2004-09-14,127.5200,725.9800
2004-09-15,125.5000,725.9900
2004-09-16,120.1300,726.1700
2004-09-17,117.1600,725.8400
2004-09-20,125.1500,724.6200
2004-09-21,123.7000,727.1100
2004-09-22,123.1800,721.4800
2004-09-23,118.2700,719.8100
2004-09-24,124.8600,721.4100
2004-09-27,122.5000,718.4900
2004-09-28,121.2500,722.3800
2004-09-29,118.4000,724.1100
2004-09-30,117.5600,724.3400
2004-10-01,120.6600,730.4100
2004-10-04,117.6900,731.3500
2004-10-05,118.8000,731.5400
2004-10-06,117.4500,733.1400
2004-10-07,116.5600,730.9200
2004-10-08,117.1000,729.6400
2004-10-11,122.4000,731.3600
2004-10-12,119.6000,730.9700
2004-10-13,116.2500,727.1700
2004-10-14,114.8500,721.2200
2004-10-15,116.7200,723.7700
2004-10-18,116.4300,725.9000
2004-10-19,116.0900,723.1900
2004-10-20,114.7500,723.5600
2004-10-21,115.5200,724.7200
2004-10-22,114.4100,721.1800
2004-10-25,114.1900,720.4800
2004-10-26,114.3100,725.5700
2004-10-27,116.2700,729.8000
2004-10-28,116.7300,730.4900
2004-10-29,116.0400,730.5200
2004-11-01,116.7400,731.0800
2004-11-02,114.0800,731.1700
2004-11-03,118.2600,734.0400
2004-11-04,117.4700,735.0000
2004-11-05,116.3600,735.1100
2004-11-08,111.5100,735.4900
2004-11-09,113.3300,735.6800
2004-11-10,111.0300,735.7600
2004-11-11,109.3900,735.7900
2004-11-12,111.9100,735.7500
2004-11-15,111.2600,735.9800
2004-11-16,110.0100,735.8700
2004-11-17,109.5600,736.1200
2004-11-18,110.4200,736.1700
2004-11-19,111.5900,735.3900
2004-11-22,111.4100,737.9400
2004-11-23,108.4200,738.3300
2004-11-24,114.5100,739.7200
2004-11-26,111.5300,739.9000
2004-11-29,111.2700,739.7100
2004-11-30,108.8500,739.1200
2004-12-01,111.4600,742.5400
2004-12-02,111.7600,742.6500
2004-12-03,114.0200,743.1100
2004-12-06,113.0700,743.5200
2004-12-07,110.5200,741.5900
2004-12-08,109.7300,743.1300
2004-12-09,111.0000,744.3900
2004-12-10,113.8600,744.6900
2004-12-13,115.5500,745.4700
2004-12-14,117.0000,745.7700
2004-12-15,117.3000,745.8900
2004-12-16,120.2700,746.0200
2004-12-17,117.9500,744.7800
2004-12-20,116.9600,745.3900
2004-12-21,119.4100,748.8200
2004-12-22,116.1000,750.0300
2004-12-23,117.8100,750.6100
2004-12-27,115.0300,749.7800
2004-12-28,114.2700,751.3100
2004-12-29,115.1700,751.4200
2004-12-30,116.6700,751.4900
2004-12-31,116.0100,751.0000
2005-01-03,118.3800,749.0700
2005-01-04,116.0300,745.7000
2005-01-05,114.7200,744.2900
2005-01-06,114.1500,746.3600
2005-01-07,114.9500,746.1500
2005-01-10,116.9200,748.1500
2005-01-11,115.2900,746.0100
2005-01-12,110.8900,748.4600
2005-01-13,112.5700,743.6300
2005-01-14,117.0200,747.9100
2005-01-18,117.5500,753.0900
2005-01-19,115.4000,748.8300
2005-01-20,115.3700,744.0600
2005-01-21,123.5800,741.1600
2005-01-24,120.1000,740.1700
2005-01-25,121.2900,742.6800
2005-01-26,121.2800,745.1700
2005-01-27,125.0100,745.5300
2005-01-28,119.2200,744.4500
2005-01-31,119.8700,748.2100
2005-02-01,119.9200,750.4100
2005-02-02,121.2000,751.4500
2005-02-03,118.5200,751.1400
2005-02-04,123.1800,753.0200
2005-02-07,119.4700,753.1600
2005-02-08,120.7500,753.5000
2005-02-09,118.5900,752.7200
2005-02-10,119.7100,753.5900
2005-02-11,123.7300,754.1100
2005-02-14,118.9000,754.5000
2005-02-15,121.3000,754.5800
2005-02-16,122.1000,754.6200
2005-02-17,123.7500,754.6700
2005-02-18,127.8700,755.2400
2005-02-22,124.5000,748.7000
2005-02-23,126.8200,751.9400
2005-02-24,125.3300,755.6300
2005-02-25,126.8900,758.4500
2005-02-28,119.8200,756.8300
2005-03-01,118.1500,758.5700
2005-03-02,116.6000,758.6900
2005-03-03,122.8700,758.8700
2005-03-04,121.9800,761.4400
2005-03-07,123.8600,762.0500
2005-03-08,127.2500,761.8200
2005-03-09,115.8500,760.0600
2005-03-10,118.5000,760.8800
2005-03-11,114.6400,759.5000
2005-03-14,113.0300,761.7600
2005-03-15,115.4100,759.9100
2005-03-16,112.8200,756.0100
2005-03-17,115.0200,757.9200
2005-03-18,121.7500,758.3900
2005-03-21,117.7200,757.4200
2005-03-22,117.1500,753.8600
2005-03-23,116.3500,754.0800
2005-03-24,119.0800,754.9800
2005-03-28,114.2100,756.6300
2005-03-29,117.2100,752.4300
2005-03-30,117.3600,758.9500
2005-03-31,118.5100,758.8400
2005-04-01,116.2800,756.4600
2005-04-04,117.6000,758.5700
2005-04-05,118.0700,760.9300
2005-04-06,115.8200,761.9300
2005-04-07,115.8100,764.1300
2005-04-08,114.0100,762.3000
2005-04-11,112.5500,763.3100
2005-04-12,111.1800,765.6500
2005-04-13,121.0100,761.7900
2005-04-14,115.8200,755.4800
2005-04-15,120.4100,744.6700
2005-04-18,117.8500,747.2800
2005-04-19,121.8600,750.8700
2005-04-20,119.9700,744.2500
2005-04-21,122.8000,753.8900
2005-04-22,120.5900,751.2700
2005-04-25,121.6800,755.5600
2005-04-26,118.9800,752.6400
2005-04-27,123.9100,754.4500
2005-04-28,117.2800,748.1900
2005-04-29,116.1200,754.2600
2005-05-02,119.4400,757.1000
2005-05-03,118.2900,757.4200
2005-05-04,120.4700,761.2000
2005-05-05,122.8200,761.0600
2005-05-06,119.5400,761.1100
2005-05-09,119.5700,763.3900
2005-05-10,117.8500,760.5400
2005-05-11,120.9100,762.5800
2005-05-12,117.8500,759.1600
2005-05-13,118.2200,758.0900
2005-05-16,125.2200,763.1800
2005-05-17,122.0200,765.3300
2005-05-18,125.1600,766.0300
2005-05-19,127.3900,766.2700
2005-05-20,128.0900,766.5700
2005-05-23,131.2300,768.5500
2005-05-24,130.7900,769.1100
2005-05-25,128.6000,768.5100
2005-05-26,129.1700,770.5100
2005-05-27,125.9200,770.7600
2005-05-31,120.5600,769.7000
2005-06-01,127.6500,772.2200
2005-06-02,127.8100,773.0000
2005-06-03,123.5900,772.0400
2005-06-06,122.6800,773.1100
2005-06-07,118.3800,773.0100
2005-06-08,121.3600,772.9400
2005-06-09,118.8900,774.2600
2005-06-10,118.4800,774.4200
2005-06-13,117.0600,775.2800
2005-06-14,120.1300,775.6700
2005-06-15,118.5500,776.0200
2005-06-16,119.1100,776.1600
2005-06-17,119.5100,776.2400
2005-06-20,121.2900,776.8500
2005-06-21,123.7500,776.3600
2005-06-22,123.9800,776.8100
2005-06-23,118.5500,771.8000
2005-06-24,115.9200,767.5600
2005-06-27,118.0200,767.7500
2005-06-28,119.3100,773.5600
2005-06-29,118.4600,772.9100
2005-06-30,118.1900,768.3200
2005-07-01,123.5800,771.1000
2005-07-05,123.7400,776.2600
2005-07-06,121.0800,771.3400
2005-07-07,121.9800,772.9500
2005-07-08,125.0200,780.1900
2005-07-11,121.1600,782.7700
2005-07-12,114.0800,783.9500
2005-07-13,117.0800,784.6200
2005-07-14,122.3200,785.2000
2005-07-15,122.4800,786.2900
2005-07-18,120.3400,785.2400
2005-07-19,122.0600,787.6500
2005-07-20,119.5600,789.0500
2005-07-21,118.1700,786.9600
2005-07-22,123.7100,788.8800
2005-07-25,124.8700,788.4200
2005-07-26,128.4600,789.3900
2005-07-27,123.2100,790.6900
2005-07-28,122.6200,791.8000
2005-07-29,121.3000,790.0400
2005-08-01,122.0400,790.2600
2005-08-02,124.7300,792.1100
2005-08-03,126.6000,792.5000
2005-08-04,123.1800,791.2300
2005-08-05,124.8700,789.8200
2005-08-08,125.0000,789.5500
2005-08-09,129.1600,792.0600
2005-08-10,124.0700,791.9300
2005-08-11,126.8700,793.4600
2005-08-12,130.2800,793.0200
2005-08-15,121.1000,794.1300
2005-08-16,124.2300,791.3900
2005-08-17,126.1200,792.8900
2005-08-18,126.8800,793.2500
2005-08-19,131.4200,793.9400
2005-08-22,128.6500,795.4000
2005-08-23,128.4700,794.4500
2005-08-24,129.2600,791.7500
2005-08-25,133.4900,792.7900
2005-08-26,135.5400,790.8200
2005-08-29,136.6400,794.4500
2005-08-30,127.2700,793.1700
2005-08-31,122.6100,797.3400
2005-09-01,123.9600,798.2100
2005-09-02,124.8500,797.1700
2005-09-06,124.6500,801.8700
2005-09-07,122.8400,802.8700
2005-09-08,121.8900,802.6500
2005-09-09,124.3700,804.2500
2005-09-12,122.2000,804.5900
2005-09-13,120.1100,804.1900
2005-09-14,126.3000,804.4300
2005-09-15,125.0000,804.9900
2005-09-16,122.9400,806.7100
2005-09-19,123.8500,805.0800
2005-09-20,121.2800,802.7400
2005-09-21,120.4000,797.5000
2005-09-22,121.8500,800.0400
2005-09-23,122.1600,800.9800
2005-09-26,123.4400,801.6100
2005-09-27,121.3800,801.9600
2005-09-28,121.4500,803.0000
2005-09-29,123.9900,807.1900
2005-09-30,115.2300,807.4700
2005-10-03,124.3500,807.7700
2005-10-04,116.5700,802.7400
2005-10-05,114.1100,793.0200
2005-10-06,115.1900,790.1700
2005-10-07,117.0100,793.4400
2005-10-10,117.1400,788.3900
2005-10-11,117.9900,786.9400
2005-10-12,117.8300,782.3000
2005-10-13,117.8200,781.7200
2005-10-14,121.7300,788.4400
2005-10-17,122.7300,790.6700
2005-10-18,120.5700,782.9700
2005-10-19,115.2700,794.2400
2005-10-20,122.3200,781.6700
2005-10-21,121.1900,786.1200
2005-10-24,126.3100,791.7200
2005-10-25,124.6200,791.9700
2005-10-26,122.8300,791.1600
2005-10-27,121.3300,787.8700
2005-10-28,118.1800,792.6700
2005-10-31,122.5000,794.3300
2005-11-01,126.1100,794.1300
2005-11-02,121.0200,795.8800
2005-11-03,122.4100,796.6200
2005-11-04,121.7700,796.8300
2005-11-07,120.0300,797.3800
2005-11-08,122.3300,797.4600
2005-11-09,122.5600,797.7400
2005-11-10,122.9600,798.1000
2005-11-11,123.8500,798.2500
2005-11-14,125.8500,798.5800
2005-11-15,120.0900,798.7100
2005-11-16,125.4100,798.8000
2005-11-17,123.1300,798.9600
2005-11-18,129.4700,800.3500
2005-11-21,125.0800,802.3100
2005-11-22,122.0000,803.4400
2005-11-23,123.3100,804.0800
2005-11-25,114.9200,804.6100
2005-11-28,120.2200,803.6100
2005-11-29,120.6900,804.0200
2005-11-30,114.8100,802.9000
2005-12-01,123.1600,805.6600
2005-12-02,123.7500,805.8800
2005-12-05,122.8000,805.8700
2005-12-06,117.1200,806.3300
2005-12-07,121.9800,805.7000
2005-12-08,122.9100,805.9900
2005-12-09,121.4500,806.9900
2005-12-12,119.4200,807.6500
2005-12-13,128.5900,808.1100
2005-12-14,119.2600,808.3600
2005-12-15,124.6300,808.5300
2005-12-16,120.8000,806.6800
2005-12-19,120.0700,804.4000
2005-12-20,122.6000,804.7500
2005-12-21,117.8800,806.0700
2005-12-22,118.8100,808.1500
2005-12-23,120.1400,808.9500
2005-12-27,115.3000,805.0500
2005-12-28,115.2700,805.6600
2005-12-29,115.7800,804.7100
2005-12-30,113.0000,801.4200
2006-01-03,114.0000,810.7400
2006-01-04,114.0800,812.0200
2006-01-05,113.7500,812.1400
2006-01-06,117.3000,815.3300
2006-01-09,115.0900,816.2700
2006-01-10,116.7900,816.6300
2006-01-11,119.5000,817.2200
2006-01-12,118.6200,816.8900
2006-01-13,119.1400,817.5000
2006-01-17,115.0400,817.6000
2006-01-18,115.0200,817.4900
2006-01-19,117.5500,818.5000
2006-01-20,123.5500,813.2300
2006-01-23,126.5900,814.8700
2006-01-24,128.7300,816.5600
2006-01-25,123.0600,816.3800
2006-01-26,126.3400,819.8300
2006-01-27,127.5900,822.6900
2006-01-30,120.1300,823.4500
2006-01-31,120.9900,822.3600
2006-02-01,117.8000,823.2000
2006-02-02,116.9800,820.1700
2006-02-03,116.8400,818.3100
2006-02-06,119.3700,819.6800
2006-02-07,116.9200,815.1500
2006-02-08,119.4900,820.9100
2006-02-09,119.3100,820.8000
2006-02-10,120.1900,822.5500
2006-02-13,120.7000,821.4900
2006-02-14,119.3000,826.9500
2006-02-15,126.4400,828.6400
2006-02-16,128.9900,829.9500
2006-02-17,133.8800,830.1500
2006-02-21,128.5700,829.9500
2006-02-22,130.0300,832.7400
2006-02-23,127.0800,832.1200
2006-02-24,128.5600,833.0400
2006-02-27,123.5300,834.7300
2006-02-28,124.6100,831.1000
2006-03-01,124.2500,834.5400
2006-03-02,123.3000,834.4500
2006-03-03,121.8700,834.0000
2006-03-06,116.6000,831.6300
2006-03-07,116.2100,830.8100
2006-03-08,117.2100,832.8200
2006-03-09,114.2000,830.4000
2006-03-10,116.2100,834.8600
2006-03-13,116.5400,836.7700
2006-03-14,114.4300,839.9900
2006-03-15,119.1200,840.7400
2006-03-16,142.0200,841.0600
2006-03-17,130.0600,840.9500
2006-03-20,124.3900,841.7900
2006-03-21,120.6900,839.6700
2006-03-22,121.7000,842.3300
2006-03-23,119.2300,841.6200
2006-03-24,124.3400,842.1500
2006-03-27,118.2300,842.4600
2006-03-28,118.7100,839.7600
2006-03-29,117.9400,843.7500
2006-03-30,116.7700,842.6500
2006-03-31,115.7200,841.0500
2006-04-03,115.4800,842.8400
2006-04-04,117.0600,845.6000
2006-04-05,117.1000,847.2400
2006-04-06,118.0300,846.5600
2006-04-07,115.7000,842.4500
2006-04-10,116.5100,843.8100
2006-04-11,113.5600,839.2000
2006-04-12,115.7100,840.9400
2006-04-13,117.9900,841.7000
2006-04-17,113.5600,840.6200
2006-04-18,116.7400,850.8000
2006-04-19,121.7000,852.2300
2006-04-20,130.0000,853.4400
2006-04-21,122.0500,852.6500
2006-04-24,128.7700,852.4700
2006-04-25,129.6600,851.0000
2006-04-26,126.1400,852.5500
2006-04-27,129.2100,854.0800
2006-04-28,125.2000,854.6500
2006-05-01,129.6700,853.0600
2006-05-02,124.0100,855.7700
2006-05-03,127.4600,854.7500
2006-05-04,125.8600,856.4400
2006-05-05,128.0600,859.7200
2006-05-08,125.2500,860.0400
2006-05-09,123.0200,860.3700
2006-05-10,119.6200,860.4800
2006-05-11,120.6800,856.7600
2006-05-12,123.2100,849.6100
2006-05-15,121.8600,852.5400
2006-05-16,130.1500,851.5200
2006-05-17,121.8700,837.3200
2006-05-18,123.0900,832.0800
2006-05-19,136.9300,834.7500
2006-05-22,126.1500,834.4400
2006-05-23,125.1500,833.3400
2006-05-24,127.4000,833.9900
2006-05-25,132.3500,839.1500
2006-05-26,128.5000,841.3900
2006-05-30,122.6700,835.5000
2006-05-31,121.9700,839.4800
2006-06-01,128.0200,843.5700
2006-06-02,127.0200,844.4200
2006-06-05,120.4200,840.1400
2006-06-06,121.7900,840.2200
2006-06-07,120.8100,838.6800
2006-06-08,120.1900,839.6300
2006-06-09,118.7400,838.0600
2006-06-12,121.2700,830.7100
2006-06-13,121.5500,823.6200
2006-06-14,124.2400,829.0500
2006-06-15,131.6000,845.2000
2006-06-16,128.3200,844.2100
2006-06-19,125.3100,841.2600
2006-06-20,126.5400,842.5500
2006-06-21,127.3600,846.5300
2006-06-22,125.0800,844.9500
2006-06-23,122.5500,845.2300
2006-06-26,124.8700,847.6800
2006-06-27,120.3000,844.1600
2006-06-28,118.9900,846.4900
2006-06-29,124.1100,853.9200
2006-06-30,118.2800,853.8300
2006-07-03,120.9300,855.6900
2006-07-05,120.2200,854.8800
2006-07-06,116.8100,855.7800
2006-07-07,114.9700,855.0300
2006-07-10,115.8900,856.1300
2006-07-11,119.1700,857.4900
2006-07-12,115.9700,855.0400
2006-07-13,115.4000,849.1500
2006-07-14,117.4800,849.2600
2006-07-17,118.5600,849.2900
2006-07-18,122.9000,850.6400
2006-07-19,121.5800,859.0300
2006-07-20,118.5500,859.1800
2006-07-21,118.3300,858.0900
2006-07-24,122.0300,865.7200
2006-07-25,120.5300,867.5600
2006-07-26,120.8600,867.9200
2006-07-27,119.7800,866.9100
2006-07-28,121.4000,869.8100
2006-07-31,121.6400,870.0800
2006-08-01,119.4900,869.9800
2006-08-02,117.9800,871.4400
2006-08-03,116.7900,871.6900
2006-08-04,117.5400,872.4100
2006-08-07,117.0200,872.5400
2006-08-08,118.1800,872.6900
2006-08-09,116.2700,872.5900
2006-08-10,118.3100,873.7500
2006-08-11,118.0900,873.8800
2006-08-14,118.2400,874.8600
2006-08-15,118.8800,875.6600
2006-08-16,120.1700,875.7600
2006-08-17,121.4200,876.1400
2006-08-18,125.3500,878.1200
2006-08-21,125.6600,877.7700
2006-08-22,124.0000,878.5500
2006-08-23,124.2000,876.8200
2006-08-24,123.7500,878.1100
2006-08-25,125.0100,878.3300
2006-08-28,122.6400,881.1000
2006-08-29,126.5300,881.9100
2006-08-30,125.5200,882.1000
2006-08-31,123.2200,882.2300
2006-09-01,124.5900,884.0300
2006-09-05,124.3100,885.3800
2006-09-06,123.0900,883.0400
2006-09-07,121.6600,882.1300
2006-09-08,124.3400,884.5900
2006-09-11,125.9900,885.4700
2006-09-12,126.4200,887.7700
2006-09-13,120.4400,888.2900
2006-09-14,119.4700,888.5300
2006-09-15,135.2500,888.0600
2006-09-18,127.3500,889.1200
2006-09-19,125.0300,888.4200
2006-09-20,122.7100,890.9700
2006-09-21,119.6800,888.4700
2006-09-22,118.8600,887.5700
2006-09-25,120.7500,892.1100
2006-09-26,121.6400,894.4600
2006-09-27,118.4300,894.6200
2006-09-28,118.2100,895.1900
2006-09-29,120.0900,895.0000
2006-10-02,119.8000,894.8700
2006-10-03,116.9300,896.0200
2006-10-04,118.1500,898.1900
2006-10-05,115.4800,898.8600
2006-10-06,117.3400,899.1600
2006-10-09,116.1900,899.7700
2006-10-10,118.4300,900.2100
2006-10-11,117.1600,900.3000
2006-10-12,117.4400,900.9200
2006-10-13,118.7400,901.2000
2006-10-16,116.5400,901.6900
2006-10-17,117.7000,901.7800
2006-10-18,114.9600,901.9800
2006-10-19,116.8000,902.1900
2006-10-20,117.0600,903.1900
2006-10-23,115.2800,905.1800
2006-10-24,114.6800,905.8400
2006-10-25,113.7200,906.7400
2006-10-26,112.9700,907.9100
2006-10-27,111.4600,906.6900
2006-10-30,114.1100,907.2400
2006-10-31,111.4800,907.4600
2006-11-01,112.3600,905.8800
2006-11-02,113.0800,906.1700
2006-11-03,112.3700,906.5000
2006-11-06,116.7600,909.9400
2006-11-07,115.7200,910.4500
2006-11-08,115.8600,911.1600
2006-11-09,113.1900,910.8700
2006-11-10,113.8700,911.5300
2006-11-13,113.3200,912.3700
2006-11-14,113.7500,912.7100
2006-11-15,111.6300,912.8900
2006-11-16,110.8700,913.0700
2006-11-17,117.7300,914.2700
2006-11-20,119.0200,915.1200
2006-11-21,118.5300,915.9800
2006-11-22,120.8600,916.8700
2006-11-24,118.4700,915.8000
2006-11-27,117.9600,910.0500
2006-11-28,121.8900,912.7600
2006-11-29,125.3800,917.2600
2006-11-30,124.0000,917.8600
2006-12-01,126.2000,916.5600
2006-12-04,124.8100,920.1900
2006-12-05,127.1400,921.2100
2006-12-06,125.6100,921.3600
2006-12-07,122.8600,920.5100
2006-12-08,124.7100,921.7500
2006-12-11,120.6500,923.0200
2006-12-12,124.4600,923.3000
2006-12-13,125.7600,923.9900
2006-12-14,132.3100,924.3000
2006-12-15,129.8100,922.7100
2006-12-18,128.9300,922.3800
2006-12-19,129.5500,923.8500
2006-12-20,126.2800,923.5600
2006-12-21,122.0500,921.8500
2006-12-22,121.5000,918.8700
2006-12-26,123.4000,922.6900
2006-12-27,123.4800,926.4300
2006-12-28,121.7000,925.3800
2006-12-29,121.2500,922.8800
2007-01-03,118.7700,923.6000
2007-01-04,118.7800,925.1000
2007-01-05,117.2700,921.3300
2007-01-08,119.4400,924.0500
2007-01-09,116.2800,923.7200
2007-01-10,117.7900,925.2900
2007-01-11,119.1300,929.7500
2007-01-12,119.7000,932.7900
2007-01-16,120.7800,933.9700
2007-01-17,120.9500,934.3300
2007-01-18,127.7000,933.7000
2007-01-19,127.2400,936.0800
2007-01-22,121.1300,934.5500
2007-01-23,122.7700,936.4000
2007-01-24,124.3400,939.6800
2007-01-25,119.4900,935.1400
2007-01-26,120.2600,935.1700
2007-01-29,117.8300,934.9700
2007-01-30,119.5300,937.8500
2007-01-31,118.5800,941.0300
2007-02-01,119.5700,942.6900
2007-02-02,121.7000,943.6500
2007-02-05,122.4800,944.0400
2007-02-06,122.7800,944.6000
2007-02-07,122.9400,945.2300
2007-02-08,122.6900,945.4300
2007-02-09,121.0200,944.3000
2007-02-12,119.8100,944.0300
2007-02-13,125.3200,946.6600
2007-02-14,123.0900,947.3200
2007-02-15,120.5500,947.6900
2007-02-16,121.0100,948.2000
2007-02-20,120.9900,950.0600
2007-02-21,119.1000,949.9300
2007-02-22,119.5800,949.9300
2007-02-23,117.7100,949.0100
2007-02-26,117.8100,949.0500
2007-02-27,112.5000,921.6000
2007-02-28,121.3600,928.2900
2007-03-01,120.9900,926.2700
2007-03-02,118.7600,916.0900
2007-03-05,118.0700,908.4200
2007-03-06,121.1400,922.0500
2007-03-07,119.4900,919.9400
2007-03-08,121.0800,926.8200
2007-03-09,121.9600,927.2900
2007-03-12,126.3500,930.3400
2007-03-13,130.0400,911.3200
2007-03-14,134.2500,917.6100
2007-03-15,136.1500,920.5900
2007-03-16,128.3000,920.6400
2007-03-19,122.8400,926.0800
2007-03-20,127.3500,929.2200
2007-03-21,130.0700,933.2800
2007-03-22,124.9900,933.1800
2007-03-23,125.6400,933.5100
2007-03-26,126.4500,934.4200
2007-03-27,122.8900,933.7400
2007-03-28,121.2800,931.4700
2007-03-29,121.4000,932.2700
2007-03-30,120.8900,932.7500
2007-04-02,122.6200,934.5600
2007-04-03,124.1800,936.3900
2007-04-04,123.9400,937.1300
2007-04-05,125.4000,937.7400
2007-04-09,125.3200,938.4900
2007-04-10,125.9400,938.9600
2007-04-11,127.0300,938.9200
2007-04-12,126.9200,939.4100
2007-04-13,128.6200,939.6600
2007-04-16,125.4900,940.1900
2007-04-17,130.6200,940.3900
2007-04-18,130.3500,940.5900
2007-04-19,126.1100,940.7900
2007-04-20,128.3700,941.7500
2007-04-23,123.5500,941.5100
2007-04-24,124.1700,941.5400
2007-04-25,122.6800,944.4800
2007-04-26,123.2500,945.1600
2007-04-27,124.7300,945.7500
2007-04-30,123.3700,942.9600
2007-05-01,125.4500,944.5100
2007-05-02,123.1400,947.1300
2007-05-03,123.0300,948.4900
2007-05-04,123.1100,949.3300
2007-05-07,123.3000,950.4700
2007-05-08,120.7400,950.7100
2007-05-09,121.2400,951.6800
2007-05-10,119.5000,949.4900
2007-05-11,121.6600,
2007-05-14,119.7800,952.4100
2007-05-15,121.1700,952.8700
2007-05-16,123.4000,953.8800
2007-05-17,123.3400,954.2200
2007-05-18,126.7500,955.4200
2007-05-21,126.2200,956.5400
2007-05-22,124.7400,956.7600
2007-05-23,123.1700,956.6000
2007-05-24,121.7100,952.5100
2007-05-25,124.0000,956.1500
2007-05-29,124.0500,957.7100
2007-05-30,124.6900,960.9400
2007-05-31,123.8400,961.1000
2007-06-01,124.2300,962.5600
2007-06-04,122.2600,963.5800
2007-06-05,122.9300,962.9800
2007-06-06,119.2900,960.1600
2007-06-07,117.5200,949.9400
2007-06-08,122.0800,958.3100
2007-06-11,119.7100,960.1300
2007-06-12,119.5100,953.0100
2007-06-13,121.5900,963.6900
2007-06-14,122.4200,966.9600
2007-06-15,121.6300,966.6300
2007-06-18,120.4600,966.4700
2007-06-19,123.3800,966.2100
2007-06-20,117.5600,960.7000
2007-06-21,117.9700,965.0600
2007-06-22,116.5200,956.9100
2007-06-25,116.8700,955.0500
2007-06-26,116.0300,952.2300
2007-06-27,118.0100,960.7000
2007-06-28,117.4700,960.4400
2007-06-29,115.7200,958.9000
2007-07-02,119.6800,967.6300
2007-07-03,119.8700,970.2600
2007-07-05,120.5900,971.1000
2007-07-06,120.8500,973.5100
2007-07-09,120.6300,974.8200
2007-07-10,117.4800,965.3900
2007-07-11,121.6900,970.0800
2007-07-12,119.9900,979.3500
2007-07-13,119.5900,981.1100
2007-07-16,117.8800,981.9500
2007-07-17,117.9900,982.8300
2007-07-18,120.3500,982.9900
2007-07-19,119.2400,984.4200
2007-07-20,117.4000,983.3000
2007-07-23,118.8400,986.7600
2007-07-24,116.1300,976.1600
2007-07-25,116.3900,979.3000
2007-07-26,116.2700,963.1200
2007-07-27,113.2300,947.8600
2007-07-30,115.4200,958.1700
2007-07-31,115.5300,946.1600
2007-08-01,119.9400,953.9900
2007-08-02,119.0500,958.6300
2007-08-03,117.3000,932.8600
2007-08-06,118.8100,956.0900
2007-08-07,116.9200,961.6300
2007-08-08,120.9200,974.0300
2007-08-09,115.3000,947.9400
2007-08-10,116.0400,947.8100
2007-08-13,119.5000,948.0100
2007-08-14,115.0100,930.0700
2007-08-15,118.3000,917.4100
2007-08-16,116.5800,922.4400
2007-08-17,126.7000,949.4300
2007-08-20,117.8700,953.5000
2007-08-21,117.7600,955.5600
2007-08-22,120.5300,960.5300
2007-08-23,121.3500,961.6300
2007-08-24,122.7900,965.4000
2007-08-27,121.5300,964.1900
2007-08-28,118.9500,955.4700
2007-08-29,121.0200,963.5700
2007-08-30,120.1000,962.2600
2007-08-31,117.2600,965.4200
2007-09-04,119.6200,970.6600
2007-09-05,118.0700,967.7400
2007-09-06,117.3400,969.9700
2007-09-07,116.7200,965.7400
2007-09-10,115.4200,966.6600
2007-09-11,116.4500,971.5700
2007-09-12,116.6200,972.2900
2007-09-13,117.3600,973.6900
2007-09-14,117.9600,975.0300
2007-09-17,117.8700,975.1900
2007-09-18,116.4000,977.8500
2007-09-19,120.8500,978.0700
2007-09-20,119.8700,978.2200
2007-09-21,121.1500,978.2200
2007-09-24,122.8200,976.4100
2007-09-25,118.5800,977.8900
2007-09-26,118.5700,981.0200
2007-09-27,118.0000,983.0500
2007-09-28,119.9700,981.4200
2007-10-01,120.8300,987.3800
2007-10-02,121.7800,987.1600
2007-10-03,121.7900,986.7200
2007-10-04,120.2100,987.7900
2007-10-05,119.7300,991.3000
2007-10-08,118.4800,991.6400
2007-10-09,119.1300,993.9000
2007-10-10,118.6400,993.7400
2007-10-11,117.4400,992.3300
2007-10-12,119.5400,994.5600
2007-10-15,117.4500,993.9300
2007-10-16,116.6400,993.6200
2007-10-17,118.4800,995.2200
2007-10-18,117.2800,996.5300
2007-10-19,114.9900,988.2700
2007-10-22,115.7000,992.9500
2007-10-23,116.4200,998.5300
2007-10-24,116.4800,997.5200
2007-10-25,115.6700,995.9500
2007-10-26,116.3400,1003.3700
2007-10-29,115.1900,1005.3300
2007-10-30,114.4600,1002.8800
2007-10-31,116.8800,1008.8300
2007-11-01,114.6700,996.0700
2007-11-02,116.5200,998.7000
2007-11-05,115.3800,997.0900
2007-11-06,115.4600,1005.7600
2007-11-07,115.5800,985.2400
2007-11-08,115.0300,986.6900
2007-11-09,115.7700,973.8600
2007-11-12,117.9200,965.9500
2007-11-13,121.0900,993.5600
2007-11-14,119.7000,993.5600
2007-11-15,118.3100,974.8600
2007-11-16,119.3000,983.9400
2007-11-19,115.6100,978.0200
2007-11-20,114.1000,980.7800
2007-11-21,111.4900,971.4900
2007-11-23,111.3200,981.2700
2007-11-26,109.9400,967.5400
2007-11-27,109.3100,978.9800
2007-11-28,111.2800,992.8700
2007-11-29,110.7900,993.8100
2007-11-30,111.8500,998.1700
2007-12-03,111.5700,997.1200
2007-12-04,110.3700,995.5000
2007-12-05,112.0800,1001.5500
2007-12-06,112.7900,1005.6000
2007-12-07,112.7900,1005.6900
2007-12-10,113.3900,1007.9400
2007-12-11,111.2700,1002.7100
2007-12-12,113.0300,1005.8800
2007-12-13,111.4500,1007.1300
2007-12-14,111.3100,1004.6000
2007-12-17,109.7500,1000.8900
2007-12-18,110.3800,1005.7500
2007-12-19,111.2200,1007.4500
2007-12-20,111.8100,1010.8500
2007-12-21,115.1200,1014.8300
2007-12-24,115.8600,1018.1500
2007-12-26,115.2000,1019.4600
2007-12-27,114.1200,1013.7700
2007-12-28,112.9000,1013.9000
2007-12-31,111.6500,1010.6100
2008-01-02,110.6100,1003.5100
2008-01-03,111.3800,1004.3800
2008-01-04,109.5300,985.2900
2008-01-07,110.1900,989.9500
2008-01-08,109.1700,972.8600
2008-01-09,110.7600,986.2900
2008-01-10,110.2500,993.0100
2008-01-11,108.7900,981.4800
2008-01-14,111.3800,991.8900
2008-01-15,108.1500,967.2300
2008-01-16,108.4900,961.3300
2008-01-17,110.0000,933.5200
2008-01-18,110.6200,935.8200
2008-01-22,114.6100,929.5800
2008-01-23,113.0700,940.9900
2008-01-24,113.3700,946.5900
2008-01-25,112.6400,939.3600
2008-01-28,114.1500,949.1300
2008-01-29,113.8200,951.2500
2008-01-30,112.3300,950.1800
2008-01-31,106.4300,956.3000
2008-02-01,114.8600,961.5400
2008-02-04,112.8800,960.6300
2008-02-05,112.0100,950.1400
2008-02-06,111.9300,947.5500
2008-02-07,112.7100,953.2300
2008-02-08,111.7100,952.3000
2008-02-11,114.5700,957.9400
2008-02-12,113.9700,962.5300
2008-02-13,116.2500,967.3800
2008-02-14,114.1900,967.2500
2008-02-15,112.0300,971.7700
2008-02-19,113.5700,973.3000
2008-02-20,112.2400,978.2900
2008-02-21,112.4400,973.4300
2008-02-22,113.5800,978.8400
2008-02-25,113.4200,985.0800
2008-02-26,112.3900,988.3200
2008-02-27,111.6100,988.1200
2008-02-28,111.3300,985.6100
2008-02-29,110.1900,972.6800
2008-03-03,110.4000,974.6700
2008-03-04,110.0700,974.2100
2008-03-05,110.2400,978.6500
2008-03-06,110.4600,964.5600
2008-03-07,110.2800,959.9900
2008-03-10,109.8900,949.2500
2008-03-11,112.7100,977.0600
2008-03-12,111.4700,972.0500
2008-03-13,112.5800,976.0000
2008-03-14,110.5900,957.2000
2008-03-17,113.5100,951.3100
2008-03-18,112.4000,987.6000
2008-03-19,113.1100,969.8200
2008-03-20,113.7100,979.7700
2008-03-24,114.5600,987.3900
2008-03-25,114.8700,988.5200
2008-03-26,112.0800,986.4000
2008-03-27,111.7800,983.4800
2008-03-28,110.7800,981.2400
2008-03-31,110.3600,984.8100
2008-04-01,111.3100,997.1400
2008-04-02,112.0800,997.2800
2008-04-03,111.8800,997.9200
2008-04-04,111.4800,999.4000
2008-04-07,111.5700,1000.5500
2008-04-08,112.1300,1000.7000
2008-04-09,110.9600,999.9200
2008-04-10,110.8200,1001.3800
2008-04-11,109.9000,997.6300
2008-04-14,109.6200,998.6700
2008-04-15,109.9000,1001.3800
2008-04-16,112.4700,1003.8400
2008-04-17,113.5200,1004.0200
2008-04-18,115.3500,1003.8500
2008-04-21,115.3100,1003.9900
2008-04-22,114.4200,1000.1200
2008-04-23,113.3300,1002.5100
2008-04-24,114.2700,1006.0200
2008-04-25,114.4900,1009.5600
2008-04-28,114.6100,1010.2300
2008-04-29,114.5800,1008.9700
2008-04-30,112.4800,1007.0000
2008-05-01,116.0000,1015.5000
2008-05-02,117.4900,1017.8200
2008-05-05,115.3200,1017.5300
2008-05-06,117.6300,1020.1800
2008-05-07,116.2400,1014.3700
2008-05-08,114.9900,1017.2100
2008-05-09,117.7700,1015.7200
2008-05-12,117.4200,1021.3500
2008-05-13,117.9300,1022.0400
2008-05-14,118.9200,1023.2900
2008-05-15,121.0500,1024.2800
2008-05-16,119.4900,1028.4500
2008-05-19,117.9600,1029.6801
2008-05-20,117.4400,1025.8500
2008-05-21,114.5100,1016.5000
2008-05-22,114.4100,1018.8800
2008-05-23,113.1100,1009.9400
2008-05-27,113.3800,1015.7000
2008-05-28,113.9300,1019.2300
2008-05-29,114.8300,1023.5800
2008-05-30,113.5300,1024.7000
2008-06-02,114.3900,1018.1600
2008-06-03,114.6000,1013.9200
2008-06-04,114.3700,1014.0500
2008-06-05,114.7600,1028.7500
2008-06-06,113.5500,1003.3500
2008-06-09,114.9800,1006.0600
2008-06-10,114.3000,1003.5200
2008-06-11,113.2000,987.5500
2008-06-12,113.9700,991.5200
2008-06-13,113.7700,1005.9300
2008-06-16,114.7100,1006.3100
2008-06-17,115.7100,999.4400
2008-06-18,112.7400,990.5000
2008-06-19,113.4400,993.7400
2008-06-20,113.1300,987.1800
2008-06-23,113.5900,989.4800
2008-06-24,112.2000,988.7200
2008-06-25,110.7000,993.5200
2008-06-26,109.6700,974.3800
2008-06-27,110.5200,973.1300
2008-06-30,112.0000,973.9400
2008-07-01,112.6900,977.8900
2008-07-02,110.9600,962.7400
2008-07-03,111.7200,965.6600
2008-07-07,111.7500,957.2500
2008-07-08,112.2100,974.0700
2008-07-09,110.2500,952.7500
2008-07-10,110.9100,959.6600
2008-07-11,110.8700,949.7900
2008-07-14,111.1100,940.7900
2008-07-15,110.8100,930.5300
2008-07-16,111.9300,953.8000
2008-07-17,113.9300,964.6100
2008-07-18,113.8500,968.7600
2008-07-21,114.1000,971.1600
2008-07-22,113.2000,978.7700
2008-07-23,115.0600,979.5700
2008-07-24,113.1900,970.2400
2008-07-25,113.9000,972.8200
2008-07-28,111.4900,963.7900
2008-07-29,112.1800,977.0200
2008-07-30,112.1100,983.5200
2008-07-31,110.6600,979.4100
2008-08-01,111.3800,978.1500
2008-08-04,111.2000,974.3800
2008-08-05,109.6900,986.7400
2008-08-06,113.2200,989.0800
2008-08-07,111.9700,985.0200
2008-08-08,113.3300,990.6900
2008-08-11,111.5500,992.1400
2008-08-12,111.2600,991.7900
2008-08-13,111.7600,992.0000
2008-08-14,113.0700,993.0400
2008-08-15,113.2100,993.0800
2008-08-18,112.2900,986.2100
2008-08-19,111.4000,980.5400
2008-08-20,111.9500,985.2600
2008-08-21,111.9000,987.6600
2008-08-22,111.8000,995.2400
2008-08-25,110.3400,983.5900
2008-08-26,110.8000,986.7400
2008-08-27,110.5100,992.2800
2008-08-28,111.2100,1000.0500
2008-08-29,110.5800,993.1600
2008-09-02,110.3800,991.1700
2008-09-03,110.5000,991.3000
2008-09-04,110.4800,966.4200
2008-09-05,109.4600,971.1000
2008-09-08,109.1000,988.1800
2008-09-09,108.5700,958.6800
2008-09-10,109.4900,964.1000
2008-09-11,110.5000,978.0700
2008-09-12,110.1500,979.0600
2008-09-15,110.7400,939.4600
2008-09-16,112.2900,951.5100
2008-09-17,112.9700,907.1900
2008-09-18,117.4200,940.8700
2008-09-19,114.4800,1004.4700
2008-09-22,114.3200,986.8300
2008-09-23,111.6300,976.5800
2008-09-24,111.5800,978.0500
2008-09-25,112.5300,992.5900
2008-09-26,110.5600,992.2200
2008-09-29,111.3300,936.1000
2008-09-30,111.4300,967.4700
2008-10-01,112.1400,962.6700
2008-10-02,112.2400,928.8900
2008-10-03,114.1700,920.8100
2008-10-06,112.0900,888.7300
2008-10-07,110.2000,835.1000
2008-10-08,111.0400,824.6900
2008-10-09,109.5800,768.3800
2008-10-10,107.2300,758.0500
2008-10-13,109.7300,845.8700
2008-10-14,113.5500,836.7100
2008-10-15,118.9400,758.3000
2008-10-16,113.1800,792.3500
2008-10-17,118.8100,768.7800
2008-10-20,124.8300,795.8400
2008-10-21,120.3800,786.9400
2008-10-22,119.3400,754.9700
2008-10-23,120.6900,761.3100
2008-10-24,116.6700,737.9600
2008-10-27,116.9400,726.7200
2008-10-28,125.9500,779.6900
2008-10-29,120.1500,768.8000
2008-10-30,124.0200,785.9300
2008-10-31,122.1900,796.7100
2008-11-03,117.1300,801.4900
2008-11-04,117.7800,815.0100
2008-11-05,129.3500,799.4100
2008-11-06,122.1500,773.7800
2008-11-07,122.8500,791.8700
2008-11-10,126.2700,788.6900
2008-11-11,120.6700,777.5900
2008-11-12,121.1100,746.1000
2008-11-13,124.9800,788.4500
2008-11-14,118.5900,761.3700
2008-11-17,113.4000,745.3200
2008-11-18,116.0500,753.9900
2008-11-19,115.8600,711.6700
2008-11-20,114.9300,663.8900
2008-11-21,118.8800,690.8000
2008-11-24,116.1600,706.6000
2008-11-25,114.1000,711.1400
2008-11-26,113.3000,717.5800
2008-11-28,113.1200,718.7000
2008-12-01,112.7500,703.9300
2008-12-02,112.2000,713.0000
2008-12-03,112.5500,717.9800
2008-12-04,111.7700,714.2700
2008-12-05,116.4500,720.9500
2008-12-08,120.7700,723.5600
2008-12-09,118.5800,723.7100
2008-12-10,119.5100,725.1700
2008-12-11,121.8300,725.1500
2008-12-12,116.2400,725.5700
2008-12-15,115.8600,725.9100
2008-12-16,119.2500,726.4500
2008-12-17,115.0700,726.7200
2008-12-18,116.5500,726.7200
2008-12-19,118.7300,722.1100
2008-12-22,115.1600,716.8200
2008-12-23,112.0100,712.7600
2008-12-24,112.3100,716.2700
2008-12-26,112.5600,720.4200
2008-12-29,113.7700,720.5900
2008-12-30,116.0800,732.6500
2008-12-31,116.5000,740.1000
2009-01-02,124.2100,750.0900
2009-01-05,116.1200,749.9200
2009-01-06,115.4900,753.0500
2009-01-07,118.2100,744.8000
2009-01-08,118.2400,747.9700
2009-01-09,118.8200,742.3500
2009-01-12,118.3600,731.6000
2009-01-13,118.2200,734.4000
2009-01-14,119.9900,713.4900
2009-01-15,124.7000,714.5500
2009-01-16,126.0500,730.4900
2009-01-20,119.1700,705.9900
2009-01-21,120.5800,729.6800
2009-01-22,117.7600,725.1300
2009-01-23,121.3100,728.0000
2009-01-26,120.6500,732.6800
2009-01-27,119.6800,738.9100
2009-01-28,122.3900,750.0500
2009-01-29,119.9200,739.2700
2009-01-30,115.8800,730.3200
2009-02-02,123.9500,731.4100
2009-02-03,125.2500,739.9100
2009-02-04,127.6800,738.2800
2009-02-05,122.6300,744.2300
2009-02-06,122.2700,752.1400
2009-02-09,122.6200,754.7800
2009-02-10,118.9400,737.9600
2009-02-11,122.5700,743.7400
2009-02-12,114.5100,747.3700
2009-02-13,120.5800,742.7800
2009-02-17,118.1000,715.8300
2009-02-18,127.0100,715.3800
2009-02-19,119.4100,708.3800
2009-02-20,119.9300,701.0700
2009-02-23,116.6300,688.1100
2009-02-24,114.2000,706.1400
2009-02-25,114.9700,704.1700
2009-02-26,113.9600,699.2800
2009-02-27,114.2500,690.0600
2009-03-02,115.4200,665.9500
2009-03-03,113.7700,663.6500
2009-03-04,118.1600,678.0700
2009-03-05,113.7300,653.0000
2009-03-06,115.4500,653.9600
2009-03-09,113.1100,647.7300
2009-03-10,115.5900,684.7400
2009-03-11,112.7100,688.4900
2009-03-12,112.9600,710.6000
2009-03-13,113.9400,715.1200
2009-03-16,114.2800,715.3300
2009-03-17,118.3200,728.6000
2009-03-18,117.3000,732.6200
2009-03-19,116.5300,733.8500
2009-03-20,117.0600,726.1300
2009-03-23,117.9500,
2009-03-24,112.1200,745.9600
2009-03-25,114.2200,750.3300
2009-03-26,113.7500,756.0200
2009-03-27,111.0900,752.1100
2009-03-30,113.7100,742.4600
2009-03-31,112.8700,747.7100
2009-04-01,114.4900,753.6500
2009-04-02,111.9000,759.5400
2009-04-03,112.0400,763.5700
2009-04-06,114.3900,764.1800
2009-04-07,111.1600,761.5300
2009-04-08,111.4900,764.9700
2009-04-09,108.1800,768.6500
2009-04-13,110.3900,768.8700
2009-04-14,109.2300,768.9300
2009-04-15,108.6200,769.4500
2009-04-16,114.4500,769.7200
2009-04-17,111.7500,771.2900
2009-04-20,113.9900,752.5100
2009-04-21,114.6300,763.1200
2009-04-22,112.7200,760.7200
2009-04-23,113.4000,765.6300
2009-04-24,114.6000,771.9300
2009-04-27,114.1200,769.6300
2009-04-28,114.1300,769.2200
2009-04-29,114.6000,778.4400
2009-04-30,114.8600,779.3700
2009-05-01,115.2100,781.8800
2009-05-04,115.4000,790.2300
2009-05-05,113.6500,790.7000
2009-05-06,113.3400,793.3400
2009-05-07,112.7000,792.2800
2009-05-08,114.9600,794.8800
2009-05-11,113.9900,794.3400
2009-05-12,115.6600,795.3200
2009-05-13,116.3200,793.9100
2009-05-14,116.5000,795.8400
2009-05-15,119.0600,792.0500
2009-05-18,119.2100,805.9900
2009-05-19,117.9200,807.1000
2009-05-20,113.9600,805.8100
2009-05-21,117.1000,798.8900
2009-05-22,118.8100,798.6700
2009-05-26,120.8900,809.7800
2009-05-27,120.0400,803.3300
2009-05-28,122.3300,809.0900
2009-05-29,122.9900,815.4000
2009-06-01,122.0900,819.7300
2009-06-02,120.9400,820.4300
2009-06-03,121.1900,818.8100
2009-06-04,119.3700,821.1800
2009-06-05,118.8300,821.7900
2009-06-08,119.4400,822.7300
2009-06-09,119.2400,824.0100
2009-06-10,121.6100,824.1300
2009-06-11,117.8800,824.6200
2009-06-12,120.9800,825.0200
2009-06-15,118.2000,823.8000
2009-06-16,125.0500,822.9000
2009-06-17,123.1700,824.2900
2009-06-18,123.7200,825.9200
2009-06-19,123.7800,824.9500
2009-06-22,116.7900,809.3000
2009-06-23,116.0100,810.9100
2009-06-24,116.9700,816.2000
2009-06-25,115.5100,827.9600
2009-06-26,115.7200,828.1000
2009-06-29,117.1600,833.5800
2009-06-30,117.0300,831.1000
2009-07-01,116.6800,832.9900
2009-07-02,115.0800,818.3800
2009-07-06,118.4100,820.0500
2009-07-07,116.3500,806.0900
2009-07-08,114.2500,806.3200
2009-07-09,115.2000,808.3500
2009-07-10,113.2000,806.2900
2009-07-13,113.3000,824.9000
2009-07-14,115.4400,830.3700
2009-07-15,115.7500,846.2700
2009-07-16,116.8900,849.1500
2009-07-17,116.4300,851.3100
2009-07-20,116.3100,856.3800
2009-07-21,116.7900,858.5800
2009-07-22,112.4100,859.2900
2009-07-23,112.0700,865.0000
2009-07-24,114.0400,866.5000
2009-07-27,114.0500,867.3500
2009-07-28,116.1800,866.8900
2009-07-29,116.7400,866.0500
2009-07-30,115.4100,868.4900
2009-07-31,108.9400,868.8600
2009-08-03,114.0300,871.2600
2009-08-04,114.9400,871.9000
2009-08-05,117.1100,872.2300
2009-08-06,115.2200,871.7900
2009-08-07,113.7700,873.1000
2009-08-10,117.0200,873.4400
2009-08-11,117.6100,872.9800
2009-08-12,119.6400,873.7300
2009-08-13,121.8500,873.9900
2009-08-14,118.7500,874.1300
2009-08-17,116.5800,873.1900
2009-08-18,118.1100,874.2200
2009-08-19,121.7300,874.4800
2009-08-20,121.5300,874.7700
2009-08-21,122.9000,874.6200
2009-08-24,121.1600,875.8600
2009-08-25,119.0500,877.0900
2009-08-26,118.7100,877.8800
2009-08-27,117.7100,879.6000
2009-08-28,117.6700,880.0400
2009-08-31,120.1400,876.5500
2009-09-01,118.2600,864.3200
2009-09-02,118.4100,863.7500
2009-09-03,119.3800,869.9800
2009-09-04,119.7300,878.8000
2009-09-08,120.5500,883.9400
2009-09-09,120.8300,887.7600
2009-09-10,121.2600,890.8800
2009-09-11,120.2300,891.0100
2009-09-14,121.0000,892.6700
2009-09-15,118.4600,893.5300
2009-09-16,113.6200,893.9000
2009-09-17,118.9500,894.1300
2009-09-18,117.0200,894.9700
2009-09-21,119.1400,895.4100
2009-09-22,118.1600,898.7700
2009-09-23,117.4400,895.2500
2009-09-24,116.6500,889.8400
2009-09-25,118.0100,887.3500
2009-09-28,119.1000,897.3300
2009-09-29,119.8400,896.6500
2009-09-30,120.8600,894.5900
2009-10-01,117.8100,878.9000
2009-10-02,118.5500,876.6700
2009-10-05,118.5000,888.8900
2009-10-06,117.8200,898.1400
2009-10-07,117.6500,900.6400
2009-10-08,119.9200,905.1600
2009-10-09,120.8700,909.2900
2009-10-12,119.5500,911.0700
2009-10-13,120.7700,911.3700
2009-10-14,121.3100,915.0300
2009-10-15,120.0300,915.8800
2009-10-16,119.0500,918.2500
2009-10-19,117.2500,922.6900
2009-10-20,116.9000,921.1300
2009-10-21,118.6000,917.2700
2009-10-22,118.0900,923.0500
2009-10-23,117.5100,917.6700
2009-10-26,118.3300,911.5900
2009-10-27,118.9000,909.8200
2009-10-28,118.3700,896.9500
2009-10-29,120.8200,912.2100
2009-10-30,122.7500,892.9200
2009-11-02,121.9000,898.0200
2009-11-03,118.5300,900.9800
2009-11-04,119.7500,902.3700
2009-11-05,119.8300,916.0700
2009-11-06,120.1400,919.3300
2009-11-09,114.4000,930.0000
2009-11-10,119.6500,931.0900
2009-11-11,119.2100,933.3500
2009-11-12,118.3800,930.2700
2009-11-13,120.7200,933.6600
2009-11-16,114.5300,937.3300
2009-11-17,119.3200,938.0500
2009-11-18,114.7500,938.4200
2009-11-19,119.3500,938.6000
2009-11-20,120.5900,941.5100
2009-11-23,122.8500,947.9200
2009-11-24,122.4700,949.1600
2009-11-25,121.9800,950.5300
2009-11-27,120.8200,941.7300
2009-11-30,122.9100,945.5800
2009-12-01,122.9600,951.3300
2009-12-02,119.0000,952.4400
2009-12-03,117.0400,949.8700
2009-12-04,118.0100,952.6600
2009-12-07,117.1700,953.1000
2009-12-08,117.8900,949.8700
2009-12-09,118.7500,951.9500
2009-12-10,121.3500,954.5600
2009-12-11,121.5900,956.6400
2009-12-14,125.3000,958.3900
2009-12-15,123.8400,958.0600
2009-12-16,117.1300,959.1000
2009-12-17,121.8300,958.7000
2009-12-18,122.2900,964.0000
2009-12-21,124.3300,969.6000
2009-12-22,127.8900,971.8000
2009-12-23,127.1500,972.6000
2009-12-24,128.1600,974.4400
2009-12-28,125.7900,975.5200
2009-12-29,125.7100,975.6500
2009-12-30,125.6500,975.7900
2009-12-31,,973.2800
2010-01-04,123.8400,978.2100
2010-01-05,122.9900,979.3100
2010-01-06,121.6300,979.6400
2010-01-07,120.1700,979.9100
2010-01-08,120.1500,980.7200
2010-01-11,119.1000,980.9200
2010-01-12,120.6600,980.7400
2010-01-13,125.8900,980.9900
2010-01-14,125.0600,981.2600
2010-01-15,124.3200,981.6600
2010-01-19,124.2800,988.4600
2010-01-20,124.1000,983.9600
2010-01-21,121.9900,972.0900
2010-01-22,122.8800,954.3400
2010-01-25,122.5400,960.2100
2010-01-26,118.4100,957.2600
2010-01-27,118.9800,961.5000
2010-01-28,117.9800,952.5800
2010-01-29,117.5000,943.6700
2010-02-01,119.2200,957.0800
2010-02-02,120.4600,968.2100
2010-02-03,119.9500,964.5400
2010-02-04,116.0200,935.7700
2010-02-05,118.7500,939.0300
2010-02-08,117.6800,930.8700
2010-02-09,120.4300,943.4900
2010-02-10,118.5100,941.3800
2010-02-11,120.1300,951.0000
2010-02-12,113.7100,950.4200
2010-02-16,120.8900,965.7400
2010-02-17,119.6300,970.5100
2010-02-18,122.5600,976.3800
2010-02-19,118.5300,972.2000
2010-02-22,121.3300,973.2000
2010-02-23,120.8200,966.2600
2010-02-24,120.6100,972.0400
2010-02-25,121.2800,972.4900
2010-02-26,120.1300,973.4800
2010-03-01,120.8000,978.9500
2010-03-02,120.2800,980.5700
2010-03-03,119.0300,981.2000
2010-03-04,120.7500,982.9900
2010-03-05,118.0300,987.0300
2010-03-08,117.5600,987.7100
2010-03-09,116.6400,988.3800
2010-03-10,117.9800,988.6500
2010-03-11,117.4800,989.2400
2010-03-12,118.9600,989.3800
2010-03-15,120.6300,989.6500
2010-03-16,123.5100,989.7900
2010-03-17,119.6600,990.0400
2010-03-18,120.2700,990.1300
2010-03-19,121.9700,991.2700
2010-03-22,123.6300,995.4100
2010-03-23,121.1800,998.6800
2010-03-24,122.6700,997.0300
2010-03-25,122.1400,994.9400
2010-03-26,123.1400,996.4200
2010-03-29,123.2000,999.8200
2010-03-30,124.0300,1000.4800
2010-03-31,123.7000,999.4800
2010-04-01,123.9300,1002.1300
2010-04-05,123.7800,1005.2300
2010-04-06,123.2900,1006.1000
2010-04-07,123.2700,1005.3700
2010-04-08,122.6700,1006.5400
2010-04-09,124.3600,1007.2400
2010-04-12,123.1600,1007.6600
2010-04-13,125.5400,1007.9300
2010-04-14,125.7700,1008.2800
2010-04-15,126.2900,1008.3200
2010-04-16,131.3300,1010.0000
2010-04-19,131.1400,1013.7100
2010-04-20,134.1900,1018.7200
2010-04-21,129.8400,1017.9500
2010-04-22,127.4800,1019.3800
2010-04-23,126.1300,1021.4100
2010-04-26,124.2500,1020.1600
2010-04-27,124.9800,1005.0600
2010-04-28,128.4000,1011.7100
2010-04-29,129.2800,1019.2700
2010-04-30,125.4100,1009.1700
2010-05-03,125.3500,1018.2000
2010-05-04,124.8600,1003.0600
2010-05-05,122.8200,998.7900
2010-05-06,122.1600,968.9800
2010-05-07,123.8600,955.6900
2010-05-10,128.6400,995.7800
2010-05-11,127.0900,993.3700
2010-05-12,124.2600,1006.0100
2010-05-13,126.2000,996.1800
2010-05-14,128.4700,979.1000
2010-05-17,128.8700,980.1800
2010-05-18,123.8800,966.8100
2010-05-19,126.3300,961.5500
2010-05-20,123.3600,924.6200
2010-05-21,125.5600,907.5600
2010-05-24,125.0000,906.3900
2010-05-25,123.2800,910.0700
2010-05-26,121.4800,908.5000
2010-05-27,125.7300,923.1700
2010-05-28,123.1300,917.7000
2010-06-01,119.6300,910.5400
2010-06-02,123.6900,924.6400
2010-06-03,123.8300,926.6600
2010-06-04,121.1100,911.4700
2010-06-07,119.2100,906.7500
2010-06-08,120.7400,914.8100
2010-06-09,119.9700,912.5800
2010-06-10,122.3400,927.6100
2010-06-11,122.8100,931.2500
2010-06-14,121.6900,932.3100
2010-06-15,124.8000,936.3900
2010-06-16,121.4800,936.8800
2010-06-17,122.1300,937.1200
2010-06-18,122.9800,941.2500
2010-06-21,121.7300,935.3900
2010-06-22,120.4200,926.2600
2010-06-23,119.8400,924.9400
2010-06-24,119.5600,912.9000
2010-06-25,119.3700,917.6200
2010-06-28,120.3000,915.6600
2010-06-29,118.1300,890.0400
2010-06-30,116.8700,880.9100
2010-07-01,116.7600,879.0800
2010-07-02,114.6500,874.7500
2010-07-06,116.0100,879.9500
2010-07-07,117.7700,907.5100
2010-07-08,117.2200,916.3900
2010-07-09,117.9700,923.0700
2010-07-12,118.7200,924.0300
2010-07-13,119.3300,937.1500
2010-07-14,120.0700,937.9200
2010-07-15,118.5800,939.1700
2010-07-16,118.6700,932.4300
2010-07-19,118.7800,937.1200
2010-07-20,119.0700,943.6400
2010-07-21,117.2900,937.1300
2010-07-22,118.2200,947.4700
2010-07-23,119.6900,951.5100
2010-07-26,119.2900,955.5700
2010-07-27,121.3200,955.7100
2010-07-28,121.9100,953.9100
2010-07-29,119.3600,953.7400
2010-07-30,119.5300,954.3700
2010-08-02,122.5000,960.9900
2010-08-03,121.3900,960.1400
2010-08-04,120.9900,961.6700
2010-08-05,120.4300,961.6300
2010-08-06,119.6700,962.2200
2010-08-09,123.7500,963.4400
2010-08-10,122.7900,962.8600
2010-08-11,118.4500,956.7600
2010-08-12,115.1800,955.6400
2010-08-13,115.2800,955.2800
2010-08-16,121.1000,957.9900
2010-08-17,121.9600,963.5000
2010-08-18,121.2600,964.2900
2010-08-19,120.2600,962.2700
2010-08-20,119.6200,966.6900
2010-08-23,118.3800,967.1200
2010-08-24,117.3900,959.5500
2010-08-25,117.0100,961.7000
2010-08-26,115.9900,957.9800
2010-08-27,116.0300,969.0000
2010-08-30,115.0600,961.3900
2010-08-31,115.0200,961.5800
2010-09-01,116.3600,977.5200
2010-09-02,116.7400,981.2900
2010-09-03,119.1100,985.9000
2010-09-07,118.7300,984.1000
2010-09-08,120.3000,985.9600
2010-09-09,119.3100,987.4100
2010-09-10,121.0900,988.4100
2010-09-13,121.8900,989.2100
2010-09-14,120.9800,989.2600
2010-09-15,119.7400,989.4500
2010-09-16,124.3200,989.6400
2010-09-17,124.9000,990.1800
2010-09-20,124.8800,997.7400
2010-09-21,122.8100,996.3100
2010-09-22,121.7500,994.8800
2010-09-23,121.5700,990.8300
2010-09-24,123.0000,1000.7300
2010-09-27,120.2100,999.7500
2010-09-28,121.6900,1002.0500
2010-09-29,119.2700,1001.2900
2010-09-30,120.4800,1000.6600
2010-10-01,119.6100,1003.5000
2010-10-04,118.2900,1001.5300
2010-10-05,117.7700,1008.0100
2010-10-06,116.5700,1008.6500
2010-10-07,116.6900,1008.6700
2010-10-08,117.9600,1010.0000
2010-10-11,115.8700,1010.6500
2010-10-12,117.0200,1010.9200
2010-10-13,118.4300,1011.3100
2010-10-14,120.2400,1011.5300
2010-10-15,121.4800,1012.7800
2010-10-18,120.5700,1017.5200
2010-10-19,119.5700,1009.4400
2010-10-20,120.0400,1015.5400
2010-10-21,118.1700,1016.9600
2010-10-22,117.3800,1018.7300
2010-10-25,116.4500,1019.8100
2010-10-26,116.4400,1019.8500
2010-10-27,116.9700,1019.1500
2010-10-28,116.2900,1019.7300
2010-10-29,116.0400,1020.0000
2010-11-01,116.8300,1020.2800
2010-11-02,116.1400,1023.4700
2010-11-03,118.2100,1026.8700
2010-11-04,116.5900,1031.4800
2010-11-05,116.9800,1032.7000
2010-11-08,118.2700,1033.1100
2010-11-09,119.6100,1032.0100
2010-11-10,122.1600,1033.0500
2010-11-11,123.5900,1033.0100
2010-11-12,121.7200,1030.7600
2010-11-15,122.0400,1032.2300
2010-11-16,120.8600,1028.5601
2010-11-17,120.3400,1031.0900
2010-11-18,121.7300,1034.2800
2010-11-19,121.2600,1036.3800
2010-11-22,122.3400,1036.5699
2010-11-23,119.8600,1028.3101
2010-11-24,122.1600,1036.5800
2010-11-26,119.0200,1029.2000
2010-11-29,118.5400,1032.9700
2010-11-30,116.7100,1028.5100
2010-12-01,118.6900,1040.2700
2010-12-02,120.8800,1045.3101
2010-12-03,120.4200,1047.5300
2010-12-06,121.1500,1048.1600
2010-12-07,118.1300,1048.5100
2010-12-08,119.5300,1049.5601
2010-12-09,123.9300,1050.4700
2010-12-10,123.0100,1050.8700
2010-12-13,120.7400,1051.1700
2010-12-14,121.9900,1051.2400
2010-12-15,121.9800,1051.3300
2010-12-16,124.8100,1051.5500
2010-12-17,125.2400,1053.0800
2010-12-20,125.8400,1055.1200
2010-12-21,124.8700,1057.2900
2010-12-22,123.6500,1059.4900
2010-12-23,125.3500,1058.8500
2010-12-27,123.8600,1059.4700
2010-12-28,123.5300,1060.2900
2010-12-29,122.4000,1061.2000
2010-12-30,122.1700,1060.7300
2010-12-31,120.7400,1061.0400
2011-01-03,122.6800,1064.6300
2011-01-04,121.9600,1065.0300
2011-01-05,121.2300,1066.8400
2011-01-06,121.0100,1066.4600
2011-01-07,121.2200,1066.5500
2011-01-10,121.4700,1067.3800
2011-01-11,122.2900,1068.5100
2011-01-12,121.9400,1069.5500
2011-01-13,121.2900,1069.8101
2011-01-14,123.5200,1070.0300
2011-01-18,128.1600,1070.3300
2011-01-19,123.4100,1070.2000
2011-01-20,126.1900,1070.4800
2011-01-21,133.9900,1070.2100
2011-01-24,131.8600,1074.2500
2011-01-25,134.6100,1074.8500
2011-01-26,131.7600,1078.1200
2011-01-27,130.5600,1079.1400
2011-01-28,128.2300,1068.2900
2011-01-31,130.3000,1073.3101
2011-02-01,129.0000,1081.7000
2011-02-02,127.5200,1081.4100
2011-02-03,127.1300,1082.9800
2011-02-04,127.4500,1084.6801
2011-02-07,127.6300,1086.1300
2011-02-08,129.5400,1087.3900
2011-02-09,129.3300,1087.1400
2011-02-10,129.2400,1087.6500
2011-02-11,131.3100,1088.2500
2011-02-14,127.4100,1088.6400
2011-02-15,131.7800,1088.6500
2011-02-16,130.6900,1088.8600
2011-02-17,130.9700,1089.1600
2011-02-18,136.4300,1088.8300
2011-02-22,125.9000,1074.0100
2011-02-23,124.5300,1069.5601
2011-02-24,124.6800,1069.8101
2011-02-25,128.7600,1079.4600
2011-02-28,129.3700,1084.5699
2011-03-01,122.4300,1071.0200
2011-03-02,123.0600,1073.2100
2011-03-03,125.7100,1087.3400
2011-03-04,125.9000,1082.4000
2011-03-07,122.9500,1076.0200
2011-03-08,123.3700,1083.9000
2011-03-09,122.6000,1083.3199
2011-03-10,119.2600,1065.7700
2011-03-11,118.5400,1073.6500
2011-03-14,121.5200,1067.9301
2011-03-15,121.5200,1056.0699
2011-03-16,122.4600,1035.9200
2011-03-17,125.8500,1049.2300
2011-03-18,126.8100,1058.9500
2011-03-21,124.5900,1069.7800
2011-03-22,120.8300,1069.1500
2011-03-23,120.7500,1071.5699
2011-03-24,119.9700,1075.9200
2011-03-25,121.4300,1077.4100
2011-03-28,122.6800,1076.4399
2011-03-29,124.1100,1079.7000
2011-03-30,123.5000,1081.9000
2011-03-31,124.6400,1082.0300
2011-04-01,128.6400,1083.2800
2011-04-04,128.0500,1083.7100
2011-04-05,128.0600,1084.6000
2011-04-06,125.1800,1085.1500
2011-04-07,126.4600,1084.9000
2011-04-08,125.9200,1084.6500
2011-04-11,122.9400,1085.2900
2011-04-12,121.9400,1085.0000
2011-04-13,124.5500,1085.8300
2011-04-14,125.0900,1086.0900
2011-04-15,130.4500,1086.6600
2011-04-18,129.3700,1081.0400
2011-04-19,129.4000,1085.5000
2011-04-20,131.1300,1091.6300
2011-04-21,131.7800,1094.5699
2011-04-25,130.8800,1094.4200
2011-04-26,127.4500,1096.9800
2011-04-27,126.9300,1098.7500
2011-04-28,124.9900,1100.3000
2011-04-29,127.4500,1100.5200
2011-05-02,124.1500,1100.4399
2011-05-03,127.4900,1099.8101
2011-05-04,125.2900,1098.6400
2011-05-05,124.8900,1095.1200
2011-05-06,124.6100,1096.7100
2011-05-09,124.6700,1099.8700
2011-05-10,126.2300,1102.2900
2011-05-11,126.2300,1100.1700
2011-05-12,122.5900,1102.0601
2011-05-13,121.9000,1100.6000
2011-05-16,123.5800,1099.9301
2011-05-17,121.1400,1101.0300
2011-05-18,121.1400,1103.5900
2011-05-19,127.1600,1104.1000
2011-05-20,129.1500,1102.8800
2011-05-23,124.7800,1096.4000
2011-05-24,123.1300,1096.7000
2011-05-25,123.1400,1099.6500
2011-05-26,125.4300,1103.4800
2011-05-27,125.4300,1106.1801
2011-05-31,123.9100,1111.8300
2011-06-01,119.3300,1098.5200
2011-06-02,119.2000,1097.7200
2011-06-03,116.8000,1090.6100
2011-06-06,116.0200,1081.0900
2011-06-07,116.0700,1080.5500
2011-06-08,118.7600,1076.5500
2011-06-09,117.2700,1084.5500
2011-06-10,122.6500,1069.6000
2011-06-13,120.9900,1070.8300
2011-06-14,125.3000,1084.6801
2011-06-15,124.3200,1065.0200
2011-06-16,122.3500,1067.5900
2011-06-17,122.3500,1075.4399
2011-06-20,117.4400,1080.0500
2011-06-21,116.5200,1086.5699
2011-06-22,114.7400,1085.0200
2011-06-23,116.7900,1083.7700
2011-06-24,115.9200,1077.1300
2011-06-27,119.4600,1082.4800
2011-06-28,122.1500,1089.6000
2011-06-29,128.7300,1093.7400
2011-06-30,122.0900,1096.5400
2011-07-01,119.6300,1098.1801
2011-07-05,121.7800,1098.6400
2011-07-06,121.5100,1098.6600
2011-07-07,121.8600,1099.2900
2011-07-08,119.6800,1099.2900
2011-07-11,123.0800,1098.1300
2011-07-12,119.2100,1098.2000
2011-07-13,124.7900,1099.1700
2011-07-14,126.6300,1099.5100
2011-07-15,129.2400,1102.1300
2011-07-18,123.9200,1097.8300
2011-07-19,126.1200,1106.5601
2011-07-20,122.9700,1106.5200
2011-07-21,122.4200,1112.2500
2011-07-22,121.5900,1113.1100
2011-07-25,119.4500,1110.5300
2011-07-26,120.1200,1109.3300
2011-07-27,119.4400,1098.6600
2011-07-28,120.3600,1096.9399
2011-07-29,120.6500,1091.3900
2011-08-01,118.6400,1092.3000
2011-08-02,116.0800,1072.4301
2011-08-03,117.2700,1078.8400
2011-08-04,113.1700,1030.4500
2011-08-05,119.3600,1029.5000
2011-08-08,121.0600,962.6600
2011-08-09,124.5100,1007.5700
2011-08-10,118.6500,962.7400
2011-08-11,119.9900,1006.0200
2011-08-12,119.7900,1013.4600
2011-08-15,121.7600,1035.1500
2011-08-16,122.4100,1025.7300
2011-08-17,126.1600,1026.7200
2011-08-18,124.4400,982.3700
2011-08-19,124.0500,961.9500
2011-08-22,119.4000,964.7300
2011-08-23,124.0500,983.3900
2011-08-24,123.3700,989.6700
2011-08-25,120.8100,979.6800
2011-08-26,122.9700,989.9400
2011-08-29,122.9700,1000.9900
2011-08-30,119.9000,1002.4100
2011-08-31,120.0100,1003.8600
2011-09-01,120.2300,1002.8500
2011-09-02,119.3300,997.1900
2011-09-06,121.0400,995.1100
2011-09-07,118.7500,1005.5500
2011-09-08,118.5900,1004.4400
2011-09-09,116.9000,993.9600
2011-09-12,117.2300,1001.3500
2011-09-13,118.0500,1007.6700
2011-09-14,115.7300,1011.2900
2011-09-15,120.0000,1012.3300
2011-09-16,123.2700,1014.8200
2011-09-19,120.7600,1011.4700
2011-09-20,120.6100,1011.4300
2011-09-21,120.1800,992.7300
2011-09-22,119.3700,969.2900
2011-09-23,118.2400,973.2900
2011-09-26,120.3400,991.9900
2011-09-27,119.5500,999.7300
2011-09-28,118.2100,985.4300
2011-09-29,118.9700,992.6900
2011-09-30,114.8300,973.1600
2011-10-03,113.0900,949.9900
2011-10-04,115.2800,970.7300
2011-10-05,113.8700,986.2100
2011-10-06,115.4200,1001.1300
2011-10-07,116.1000,997.0800
2011-10-10,116.8100,1022.7800
2011-10-11,118.9100,1025.2600
2011-10-12,121.6000,1031.7800
2011-10-13,121.9800,1032.3900
2011-10-14,121.9000,1040.6100
2011-10-17,124.4600,1033.3101
2011-10-18,127.9900,1042.3500
2011-10-19,122.5700,1039.8300
2011-10-20,122.5700,1045.9600
2011-10-21,127.1900,1048.5000
2011-10-24,124.8500,1057.2900
2011-10-25,122.6500,1046.7500
2011-10-26,122.6500,1054.0100
2011-10-27,122.8200,1068.6700
2011-10-28,121.1800,1070.3700
2011-10-31,120.6900,1060.5300
2011-11-01,126.6500,1043.7300
2011-11-02,123.9500,1054.4500
2011-11-03,124.1900,1065.1700
2011-11-04,123.5600,1063.5000
2011-11-07,124.9300,1068.1400
2011-11-08,124.7700,1074.0900
2011-11-09,122.8700,1055.1899
2011-11-10,125.2400,1063.3700
2011-11-11,124.5600,1073.3500
2011-11-14,124.5600,1072.3400
2011-11-15,124.9700,1075.4500
2011-11-16,122.9200,1071.6000
2011-11-17,121.5900,1064.1200
2011-11-18,120.0400,1069.2400
2011-11-21,115.1500,1058.9500
2011-11-22,114.9200,1057.9500
2011-11-23,116.7800,1041.7700
2011-11-25,114.7700,1043.5900
2011-11-28,118.6300,1064.8400
2011-11-29,116.4500,1067.9301
2011-11-30,116.5600,1090.7700
2011-12-01,116.9000,1090.9900
2011-12-02,116.3100,1091.3600
2011-12-05,116.1400,1095.9800
2011-12-06,115.1600,1097.2900
2011-12-07,115.8700,1097.5200
2011-12-08,115.3700,1091.1300
2011-12-09,116.8300,1100.7800
2011-12-12,120.2600,1099.0601
2011-12-13,119.4400,1097.6600
2011-12-14,120.6600,1093.2600
2011-12-15,122.3500,1099.2400
2011-12-16,119.2200,1104.3199
2011-12-19,116.5800,1098.6000
2011-12-20,120.6600,1116.2700
2011-12-21,115.1600,1119.0100
2011-12-22,115.5600,1122.8700
2011-12-23,117.1400,1126.7300
2011-12-27,116.5300,1127.8900
2011-12-28,116.3200,1123.4301
2011-12-29,116.5700,1127.7000
2011-12-30,116.2100,1126.5400
2012-01-03,117.1000,1132.4900
2012-01-04,117.6300,1133.7500
2012-01-05,117.7600,1135.3700
2012-01-06,118.2900,1135.7500
2012-01-09,119.0700,1136.9500
2012-01-10,118.9900,1137.6700
2012-01-11,120.2000,1137.8800
2012-01-12,120.7800,1138.3500
2012-01-13,121.9200,1138.4200
2012-01-17,125.6300,1138.5601
2012-01-18,130.7800,1138.7700
2012-01-19,129.6000,1138.9301
2012-01-20,129.2400,1142.7500
2012-01-23,125.8300,1144.2100
2012-01-24,127.3800,1142.8800
2012-01-25,125.2200,1147.9301
2012-01-26,122.9600,1145.2700
2012-01-27,121.5000,1145.4900
2012-01-30,121.9900,1144.2100
2012-01-31,121.9600,1145.0100
2012-02-01,121.3900,1149.9700
2012-02-02,122.2600,1151.5601
2012-02-03,122.1400,1156.7500
2012-02-06,123.6300,1156.6600
2012-02-07,123.0200,1157.9700
2012-02-08,124.7600,1158.3700
2012-02-09,126.4800,1158.8300
2012-02-10,129.5900,1156.8800
2012-02-13,127.8900,1159.8101
2012-02-14,129.9600,1160.0300
2012-02-15,128.8800,1159.7000
2012-02-16,130.2900,1160.6300
2012-02-17,129.5400,1162.4399
2012-02-21,128.4600,1164.0200
2012-02-22,127.7000,1163.1500
2012-02-23,127.8100,1166.5900
2012-02-24,128.7200,1167.9399
2012-02-27,126.9800,1168.8199
2012-02-28,125.6500,1170.5699
2012-02-29,124.5900,1168.9200
2012-03-01,127.6300,1172.6200
2012-03-02,125.2000,1172.2800
2012-03-05,126.2300,1171.7600
2012-03-06,126.4900,1161.7900
2012-03-07,126.0200,1167.8500
2012-03-08,125.0800,1173.2500
2012-03-09,124.7800,1176.1300
2012-03-12,139.2500,1177.6200
2012-03-13,122.8900,1179.2700
2012-03-14,118.8200,1179.5400
2012-03-15,136.5100,1179.7600
2012-03-16,138.4300,1180.1500
2012-03-19,128.8500,1182.6000
2012-03-20,128.0200,1181.4900
2012-03-21,124.6000,1181.6200
2012-03-22,121.1700,1176.8300
2012-03-23,122.9800,1180.1300
2012-03-26,118.0200,1187.3700
2012-03-27,121.1300,1185.7900
2012-03-28,121.6100,1184.3400
2012-03-29,121.6900,1184.0000
2012-03-30,124.9700,1186.6100
2012-04-02,123.1300,1189.9200
2012-04-03,123.8400,1189.1100
2012-04-04,121.0000,1184.5699
2012-04-05,120.6100,1184.8300
2012-04-09,119.0500,1177.4000
2012-04-10,119.2700,1161.0100
2012-04-11,118.4300,1169.7000
2012-04-12,119.8700,1183.1000
2012-04-13,118.1900,1171.3700
2012-04-16,116.6700,1173.3101
2012-04-17,121.8300,1187.0100
2012-04-18,119.5000,1184.9600
2012-04-19,117.6000,1180.6801
2012-04-20,118.0500,1180.9200
2012-04-23,117.1900,1175.2700
2012-04-24,118.3600,1179.2800
2012-04-25,122.5300,1188.9000
2012-04-26,121.0300,1192.2000
2012-04-27,120.0800,1194.0800
2012-04-30,119.8300,1192.3900
2012-05-01,120.1800,1196.0900
2012-05-02,119.9400,1195.1801
2012-05-03,116.1800,1191.8800
2012-05-04,115.8300,1181.2200
2012-05-07,116.6800,1183.1400
2012-05-08,117.2300,1180.5400
2012-05-09,115.0500,1174.1000
2012-05-10,115.1100,1178.2400
2012-05-11,114.7000,1173.8500
2012-05-14,119.1800,1163.1600
2012-05-15,120.0400,1157.3700
2012-05-16,118.4700,1152.4600
2012-05-17,119.5400,1140.1100
2012-05-18,119.2800,1133.9100
2012-05-21,119.5600,1147.0400
2012-05-22,119.3100,1147.7500
2012-05-23,119.5200,1149.2700
2012-05-24,120.6400,1151.1100
2012-05-25,120.3800,1150.3500
2012-05-29,122.3900,1157.7700
2012-05-30,118.5400,1150.0900
2012-05-31,119.3200,1150.0500
2012-06-01,116.3500,1132.3800
2012-06-04,116.6600,1134.5300
2012-06-05,117.0700,1140.0200
2012-06-06,119.6600,1157.5699
2012-06-07,120.0100,1158.7700
2012-06-08,122.0900,1158.7700
2012-06-11,119.2800,1158.9200
2012-06-12,121.8200,1165.3500
2012-06-13,120.3700,1163.8300
2012-06-14,115.0500,1168.3000
2012-06-15,126.0800,1172.9800
2012-06-18,121.2000,1177.2500
2012-06-19,123.0900,1181.9700
2012-06-20,122.0600,1182.9600
2012-06-21,118.4000,1169.3199
2012-06-22,116.3700,1177.3500
2012-06-25,116.2900,1166.1400
2012-06-26,114.6900,1170.0500
2012-06-27,115.8500,1175.7500
2012-06-28,116.9000,1174.5400
2012-06-29,119.0900,1189.4000
2012-07-02,118.8900,1190.9399
2012-07-03,118.3300,1193.0500
2012-07-05,117.9100,1192.4700
2012-07-06,118.4500,1191.2600
2012-07-09,119.6200,1190.6899
2012-07-10,119.3400,1187.8199
2012-07-11,117.3000,1188.1400
2012-07-12,116.1300,1187.9600
2012-07-13,119.1300,1187.9600
2012-07-16,115.0900,1195.4200
2012-07-17,117.2200,1197.4900
2012-07-18,116.5900,1198.1899
2012-07-19,114.1900,1198.4800
2012-07-20,116.5200,1197.8700
2012-07-23,120.2600,1191.1801
2012-07-24,119.1300,1183.1500
2012-07-25,118.5800,1183.4200
2012-07-26,116.9200,1197.5699
2012-07-27,114.4000,1207.1200
2012-07-30,114.8600,1206.7300
2012-07-31,113.9900,1204.4100
2012-08-01,114.5900,1203.8400
2012-08-02,114.3500,1200.6700
2012-08-03,120.2500,1212.8600
2012-08-06,114.7900,1214.2000
2012-08-07,113.5500,1215.7700
2012-08-08,115.3600,1216.4200
2012-08-09,119.8400,1217.1100
2012-08-10,117.8900,1217.4000
2012-08-13,121.6500,1217.7700
2012-08-14,122.0500,1217.9301
2012-08-15,119.8900,1218.0400
2012-08-16,121.9400,1218.2500
2012-08-17,123.7900,1220.2100
2012-08-20,125.8400,1220.5300
2012-08-21,129.9900,1218.3400
2012-08-22,125.3200,1218.4800
2012-08-23,122.4100,1213.1801
2012-08-24,123.7400,1218.2600
2012-08-27,121.5300,1218.1801
2012-08-28,120.2800,1218.1000
2012-08-29,120.5500,1218.4500
2012-08-30,119.0000,1213.3400
2012-08-31,120.7800,1217.2800
2012-09-04,119.5900,1217.0300
2012-09-05,120.4900,1217.2100
2012-09-06,119.3100,1229.7200
2012-09-07,120.7000,1232.7500
2012-09-10,122.3700,1230.4399
2012-09-11,122.8200,1231.9301
2012-09-12,123.3800,1233.0200
2012-09-13,115.6900,1236.9000
2012-09-14,117.2600,1237.4700
2012-09-17,122.6900,1237.6500
2012-09-18,127.3800,1237.9900
2012-09-19,122.4400,1238.1400
2012-09-20,128.0300,1238.1700
2012-09-21,130.6000,1237.0500
2012-09-24,129.1200,1236.2900
2012-09-25,125.4500,1228.4399
2012-09-26,124.0600,1223.2500
2012-09-27,127.5600,1232.6100
2012-09-28,125.8700,1228.5800
2012-10-01,128.1700,1230.6500
2012-10-02,127.1000,1232.5400
2012-10-03,125.4000,1236.3199
2012-10-04,120.3900,1240.2700
2012-10-05,123.8500,1242.5900
2012-10-08,122.0600,1240.8800
2012-10-09,121.2100,1232.9000
2012-10-10,120.4600,1227.2900
2012-10-11,120.8300,1229.4301
2012-10-12,120.9700,1224.8000
2012-10-15,122.4500,1234.9800
2012-10-16,122.5200,1245.4100
2012-10-17,124.9500,1249.1899
2012-10-18,124.5800,1249.2400
2012-10-19,125.3900,1243.6899
2012-10-22,122.9900,1244.6700
2012-10-23,120.1600,1232.9000
2012-10-24,119.3300,1229.3900
2012-10-25,120.8900,1232.5500
2012-10-26,119.3100,1231.9000
2012-10-31,115.0400,1232.6600
2012-11-01,117.8500,1244.3500
2012-11-02,115.7800,1235.7000
2012-11-05,115.5200,1237.8101
2012-11-06,116.3400,1245.5900
2012-11-07,116.1000,1222.3600
2012-11-08,116.6900,1212.6600
2012-11-09,115.4000,1212.6200
2012-11-12,114.2300,1211.0900
2012-11-13,114.8100,1206.9200
2012-11-14,113.2300,1194.2300
2012-11-15,113.6500,1186.8500
2012-11-16,115.8500,1192.1899
2012-11-19,113.4600,1202.8800
2012-11-20,117.2500,1203.6500
2012-11-21,116.6200,1204.1500
2012-11-23,117.8200,1207.4000
2012-11-26,116.9600,1207.5500
2012-11-27,116.6500,1206.8300
2012-11-28,116.1200,1208.4500
2012-11-29,117.3500,1209.4900
2012-11-30,117.0700,1208.9500
2012-12-03,115.9800,1208.7400
2012-12-04,115.3100,1208.6899
2012-12-05,114.5500,1209.7800
2012-12-06,115.7400,1210.2100
2012-12-07,115.2300,1210.9301
2012-12-10,114.7700,1211.5500
2012-12-11,115.9200,1211.8199
2012-12-12,116.4900,1211.8700
2012-12-13,116.2400,1211.8700
2012-12-14,118.9200,1211.6000
2012-12-17,118.0600,1212.3300
2012-12-18,117.8600,1212.4301
2012-12-19,120.7600,1212.3800
2012-12-20,124.4700,1212.5000
2012-12-21,127.0800,1216.9500
2012-12-24,124.4700,1215.8300
2012-12-26,122.1800,1213.7100
2012-12-27,119.6000,1212.8101
2012-12-28,118.3800,1202.7900
2012-12-31,121.2700,1218.2400
2013-01-02,121.7700,1231.6899
2013-01-03,117.9300,1232.1200
2013-01-04,115.5300,1233.9200
2013-01-07,116.7800,1234.2100
2013-01-08,118.1500,1234.0000
2013-01-09,117.8900,1234.5200
2013-01-10,118.5300,1235.2200
2013-01-11,119.1400,1235.2200
2013-01-14,117.1900,1235.3800
2013-01-15,120.9000,1235.6700
2013-01-16,120.1300,1235.6899
2013-01-17,120.5300,1235.8199
2013-01-18,124.7900,1239.2900
2013-01-22,126.7300,1242.2300
2013-01-23,126.5800,1243.2100
2013-01-24,125.4700,1243.4600
2013-01-25,124.7100,1244.9500
2013-01-28,122.9500,1244.7900
2013-01-29,123.9500,1246.3199
2013-01-30,121.9200,1245.0100
2013-01-31,121.6400,1244.8400
2013-02-01,122.5500,1248.4500
2013-02-04,122.6000,1245.3600
2013-02-05,123.2200,1248.8000
2013-02-06,122.4500,1249.2500
2013-02-07,125.3500,1249.3101
2013-02-08,125.6700,1250.2100
2013-02-11,125.5300,1250.5500
2013-02-12,126.1200,1250.7900
2013-02-13,126.6800,1250.9000
2013-02-14,127.1900,1251.0900
2013-02-15,130.4600,1250.7200
2013-02-19,130.1500,1255.6899
2013-02-20,124.4700,1246.4900
2013-02-21,122.5800,1241.2400
2013-02-22,125.3700,1249.2000
2013-02-25,121.5000,1237.2200
2013-02-26,122.9200,1239.8900
2013-02-27,124.9600,1251.0900
2013-02-28,126.8600,1250.3500
2013-03-01,128.1900,1252.8900
2013-03-04,128.6500,1257.5699
2013-03-05,128.6500,1261.8199
2013-03-06,126.6200,1262.8600
2013-03-07,125.2800,1263.8199
2013-03-08,124.4600,1264.9301
2013-03-11,125.2100,1265.4800
2013-03-12,128.6600,1265.2800
2013-03-13,127.1300,1265.7400
2013-03-14,128.9600,1265.9100
2013-03-15,129.1200,1265.7400
2013-03-18,126.1700,1261.2600
2013-03-19,127.0800,1259.3700
2013-03-20,123.7300,1265.3500
2013-03-21,121.6900,1259.6700
2013-03-22,122.1800,1263.5400
2013-03-25,122.0300,1262.2400
2013-03-26,122.4700,1268.5800
2013-03-27,121.9900,1268.1700
2013-03-28,122.9300,1270.5200
2013-04-01,121.2100,1269.0100
2013-04-02,122.8400,1272.3101
2013-04-03,120.9200,1266.5100
2013-04-04,120.7900,1269.1500
2013-04-05,118.3400,1267.2600
2013-04-08,119.2100,1272.2100
2013-04-09,118.6300,1274.7600
2013-04-10,118.3400,1278.1600
2013-04-11,117.2400,1278.9700
2013-04-12,117.8400,1278.9301
2013-04-15,119.9200,1271.4500
2013-04-16,124.1000,1278.4100
2013-04-17,120.7000,1272.6500
2013-04-18,121.2800,1270.4301
2013-04-19,122.6100,1272.8600
2013-04-22,120.5200,1276.1600
2013-04-23,121.5600,1281.0900
2013-04-24,119.8400,1281.1801
2013-04-25,119.8300,1282.3900
2013-04-26,118.8600,1282.5400
2013-04-29,118.8500,1284.4600
2013-04-30,119.0500,1285.2000
2013-05-01,118.0500,1283.0400
2013-05-02,117.9500,1285.8400
2013-05-03,118.1800,1287.6100
2013-05-06,116.9300,1288.2100
2013-05-07,119.7600,1288.4200
2013-05-08,117.3500,1288.5300
2013-05-09,119.0800,1288.4900
2013-05-10,117.9700,1288.6200
2013-05-13,119.1600,1288.7100
2013-05-14,116.1600,1288.7800
2013-05-15,119.4100,1288.8199
2013-05-16,121.2200,1288.8700
2013-05-17,127.8500,1291.1801
2013-05-20,117.6700,1291.2700
2013-05-21,117.0800,1291.9000
2013-05-22,117.1600,1286.9301
2013-05-23,116.9200,1285.7500
2013-05-24,118.1700,1285.4399
2013-05-28,112.4700,1290.4700
2013-05-29,116.2000,1286.2500
2013-05-30,117.7500,1289.3700
2013-05-31,119.5100,1278.0500
2013-06-03,119.1600,1283.4301
2013-06-04,116.8700,1279.0900
2013-06-05,116.5700,1265.8700
2013-06-06,,1272.6600
2013-06-07,116.2000,1288.5300
2013-06-10,116.2000,1288.7800
2013-06-11,116.9800,1279.6300
2013-06-12,115.5600,1270.4301
2013-06-13,117.2800,1287.4900
2013-06-14,116.2900,1281.4100
2013-06-17,116.7400,1290.4200
2013-06-18,118.7000,1297.0601
2013-06-19,117.8400,1284.9399
2013-06-20,117.5200,1254.1600
2013-06-21,117.3600,1269.8199
2013-06-24,116.0800,1261.9301
2013-06-25,115.2300,1270.1000
2013-06-26,115.8100,1277.3101
2013-06-27,116.0100,1280.6801
2013-06-28,116.5300,1278.8101
2013-07-01,114.8500,1283.2500
2013-07-02,115.2200,1283.8600
2013-07-03,113.1300,1284.4800
2013-07-05,117.1200,1289.6000
2013-07-08,117.1300,1291.0300
2013-07-09,115.1900,1292.5400
2013-07-10,117.0800,1292.7000
2013-07-11,,1293.2900
2013-07-12,,1293.3300
2013-07-15,114.4200,1293.6200
2013-07-16,115.2600,1293.6600
2013-07-17,115.2700,1293.6899
2013-07-18,115.5800,1293.7100
2013-07-19,113.0700,1295.1600
2013-07-22,112.9000,1297.9200
2013-07-23,113.1400,1297.1500
2013-07-24,118.7200,1294.7800
2013-07-25,117.8500,1297.0300
2013-07-26,118.2300,1297.9301
2013-07-29,118.9300,1297.9301
2013-07-30,119.3900,1296.2600
2013-07-31,117.8500,1297.0000
2013-08-01,115.0600,1303.4200
2013-08-02,116.8900,1305.8300
2013-08-05,116.5300,1306.5699
2013-08-06,119.0900,1304.2400
2013-08-07,118.3100,1303.2300
2013-08-08,118.4700,1305.6000
2013-08-09,122.3000,1304.2800
2013-08-12,115.4400,1305.3400
2013-08-13,115.8100,1307.8199
2013-08-14,119.3300,1306.4301
2013-08-15,115.8200,1290.4900
2013-08-16,117.2100,1285.8900
2013-08-19,118.1500,1282.0699
2013-08-20,118.0700,1285.5000
2013-08-21,117.1700,1281.1300
2013-08-22,119.2100,1288.0699
2013-08-23,120.1300,1291.4200
2013-08-26,118.6900,1289.5300
2013-08-27,118.0700,1276.0900
2013-08-28,117.5100,1279.6400
2013-08-29,117.2100,1281.1400
2013-08-30,117.4800,1278.7400
2013-09-03,116.7200,1283.7500
2013-09-04,116.9700,1291.2900
2013-09-05,117.3700,1292.5100
2013-09-06,118.6700,1293.1801
2013-09-09,119.0000,1300.2100
2013-09-10,119.9400,1304.1899
2013-09-11,120.6800,1306.3600
2013-09-12,,1305.6899
2013-09-13,120.1200,1306.9600
2013-09-16,118.8400,1308.1700
2013-09-17,121.5900,1308.5800
2013-09-18,114.2200,1309.0400
2013-09-19,115.6900,1309.1600
2013-09-20,115.8700,1306.4301
2013-09-23,119.0800,1303.0300
2013-09-24,119.3100,1301.6899
2013-09-25,117.4500,1299.8700
2013-09-26,122.0300,1302.6200
2013-09-27,124.4800,1298.6000
2013-09-30,123.4600,1292.9000
2013-10-01,123.7400,1301.9301
2013-10-02,123.5200,1300.2000
2013-10-03,122.3100,1292.1300
2013-10-04,123.9800,1300.1200
2013-10-07,123.2300,1290.5900
2013-10-08,120.7200,1276.5100
2013-10-09,122.6200,1277.7500
2013-10-10,120.2500,1303.6100
2013-10-11,130.9700,1311.2100
2013-10-14,129.1400,1314.8101
2013-10-15,131.0100,1307.5100
2013-10-16,125.2400,1323.3800
2013-10-17,126.6800,1327.3000
2013-10-18,131.3500,1328.3600
2013-10-21,130.6700,1329.3700
2013-10-22,129.1700,1332.0400
2013-10-23,134.4700,1330.1500
2013-10-24,135.4200,1332.2000
2013-10-25,135.0600,1334.2500
2013-10-28,127.5800,1335.5699
2013-10-29,127.5800,1337.0400
2013-10-30,127.9500,1335.7300
2013-10-31,132.3300,1335.3500
2013-11-01,129.8400,1337.1300
2013-11-04,125.5700,1339.1100
2013-11-05,122.9800,1338.3300
2013-11-06,118.6900,1339.8600
2013-11-07,123.8300,1336.0200
2013-11-08,126.3700,1340.6000
2013-11-11,125.5500,1341.2100
2013-11-12,129.6600,1341.1899
2013-11-13,131.0100,1341.7500
2013-11-14,133.0300,1342.0100
2013-11-15,133.4600,1343.3500
2013-11-18,137.0600,1341.7200
2013-11-19,133.6200,1340.3600
2013-11-20,133.2500,1339.0300
2013-11-21,124.6300,1344.9200
2013-11-22,133.7600,1348.2300
2013-11-25,134.2300,1348.2800
2013-11-26,133.6400,1348.7000
2013-11-27,133.8200,1350.0699
2013-11-29,130.8200,1349.6600
2013-12-02,131.6400,1348.5300
2013-12-03,132.3800,1346.9700
2013-12-04,131.6300,1346.4800
2013-12-05,128.0100,1343.5601
2013-12-06,128.0100,1351.7300
2013-12-09,126.0900,1353.4500
2013-12-10,126.6800,1352.3101
2013-12-11,126.7400,1344.7500
2013-12-12,125.0900,1342.7100
2013-12-13,126.2200,1342.1000
2013-12-16,,1348.7900
2013-12-17,128.7500,1346.7500
2013-12-18,135.5800,1358.0500
2013-12-19,137.8600,1359.3000
2013-12-20,143.2000,1358.8700
2013-12-23,138.1100,1362.7700
2013-12-24,137.8800,1364.6700
2013-12-26,136.6500,1367.0601
2013-12-27,136.7200,1367.1801
2013-12-30,134.3600,1366.8101
2013-12-31,133.6300,1367.7900
2014-01-02,133.7300,1365.4500
2014-01-03,134.4600,1366.5900
2014-01-06,131.9900,1367.0500
2014-01-07,129.1000,1370.0100
2014-01-08,129.4600,1370.2800
2014-01-09,130.8700,1370.9600
2014-01-10,126.1500,1372.3800
2014-01-13,130.5900,1367.6801
2014-01-14,133.4400,1372.8900
2014-01-15,132.6900,1373.6300
2014-01-16,136.3500,1373.7100
2014-01-17,139.6200,1367.6801
2014-01-21,138.7700,1374.2300
2014-01-22,138.9200,1375.2500
2014-01-23,135.7100,1368.6700
2014-01-24,131.6100,1346.4500
2014-01-27,128.7300,1341.2400
2014-01-28,128.3000,1349.0300
2014-01-29,126.7100,1336.6400
2014-01-30,127.9100,1350.2100
2014-01-31,128.3700,1341.6700
2014-02-03,126.1700,1312.8400
2014-02-04,127.2600,1323.5000
2014-02-05,127.7900,1321.3101
2014-02-06,124.6800,1338.6600
2014-02-07,129.0100,1355.0000
2014-02-10,126.2600,1357.5400
2014-02-11,126.7000,1370.9200
2014-02-12,127.8400,1371.9100
2014-02-13,128.5700,1378.1899
2014-02-14,129.2500,1383.6700
2014-02-18,124.2500,1385.8000
2014-02-19,129.1200,1381.4900
2014-02-20,134.3700,1388.6400
2014-02-21,138.7900,1388.1400
2014-02-24,134.4700,1392.2400
2014-02-25,121.9200,1392.2400
2014-02-26,132.2200,1392.7000
2014-02-27,137.2400,1397.4100
2014-02-28,137.1700,1397.1801
2014-03-03,129.1200,1391.9399
2014-03-04,131.6500,1401.0500
2014-03-05,126.6200,1401.8900
2014-03-06,133.4600,1402.4301
2014-03-07,130.4900,1402.6600
2014-03-10,131.3500,1403.8101
2014-03-11,130.0800,1402.9301
2014-03-12,132.3300,1403.5900
2014-03-13,127.6600,1397.0500
2014-03-14,112.6600,1392.9900
2014-03-17,143.2700,1403.8600
2014-03-18,129.3700,1406.8700
2014-03-19,129.3700,1406.7000
2014-03-20,134.0200,1407.7500
2014-03-21,132.8200,1400.9100
2014-03-24,132.7000,1397.8800
2014-03-25,121.8100,1403.7200
2014-03-26,119.0500,1396.2900
2014-03-27,117.9600,1394.4800
2014-03-28,124.9800,1399.2100
2014-03-31,123.2500,1407.8600
2014-04-01,128.0800,1413.4700
2014-04-02,127.3000,1415.7000
2014-04-03,128.1300,1415.2500
2014-04-04,126.6100,1406.9900
2014-04-07,123.9200,1395.5200
2014-04-08,124.3400,1400.9399
2014-04-09,130.7900,1412.8700
2014-04-10,125.1100,1387.7500
2014-04-11,122.5900,1376.3500
2014-04-14,122.5900,1386.8500
2014-04-15,129.2400,1396.3199
2014-04-16,125.4300,1411.1801
2014-04-17,127.9300,1409.7400
2014-04-21,119.1100,1412.5900
2014-04-22,126.5100,1415.0100
2014-04-23,126.1100,1414.7000
2014-04-24,126.1100,1417.2700
2014-04-25,121.9500,1410.8700
2014-04-28,123.6900,1414.1300
2014-04-29,123.4400,1416.3199
2014-04-30,124.5300,1419.0500
2014-05-01,124.9000,1420.0100
2014-05-02,124.1300,1420.6600
2014-05-05,123.5600,1422.1200
2014-05-06,121.1800,1417.9000
2014-05-07,123.2700,1421.5500
2014-05-08,123.9300,1421.7400
2014-05-09,125.6000,1424.3600
2014-05-12,125.2800,1426.8700
2014-05-13,124.3000,1427.1600
2014-05-14,122.7500,1427.1100
2014-05-15,123.6000,1426.4700
2014-05-16,127.2300,1429.7200
2014-05-19,128.1800,1432.7800
2014-05-20,127.4700,1429.2900
2014-05-21,123.8900,1434.4100
2014-05-22,123.6800,1435.6200
2014-05-23,125.1300,1438.4500
2014-05-27,123.6400,1440.7800
2014-05-28,124.1800,1441.2100
2014-05-29,125.8100,1442.5300
2014-05-30,124.2300,1443.3400
2014-06-02,123.3300,1443.8700
2014-06-03,121.7900,1443.8300
2014-06-04,121.4800,1443.9900
2014-06-05,122.2100,1445.0500
2014-06-06,122.8800,1445.7500
2014-06-09,124.6700,1445.7900
2014-06-10,125.3800,1446.2200
2014-06-11,126.7100,1445.8900
2014-06-12,127.8200,1445.4301
2014-06-13,127.7800,1445.6000
2014-06-16,127.6700,1446.0699
2014-06-17,130.1800,1446.0100
2014-06-18,129.5300,1446.3101
2014-06-19,138.6100,1446.3600
2014-06-20,143.2600,1445.8101
2014-06-23,139.4100,1446.6400
2014-06-24,134.6500,1445.8101
2014-06-25,131.8200,1445.7400
2014-06-26,132.8100,1445.0800
2014-06-27,135.3600,1447.2700
2014-06-30,139.3500,1447.7200
2014-07-01,139.3600,1452.4100
2014-07-02,140.3700,1453.0500
2014-07-03,142.2800,1455.6899
2014-07-07,137.7600,1454.5800
2014-07-08,134.2000,1450.8900
2014-07-09,135.8000,1454.5000
2014-07-10,134.4300,1452.4600
2014-07-11,138.7400,1454.2500
2014-07-14,139.9400,1457.3000
2014-07-15,136.9200,1457.2300
2014-07-16,134.8600,1458.6200
2014-07-17,131.6500,1454.8500
2014-07-18,141.1900,1460.5100
2014-07-21,138.7500,1459.7700
2014-07-22,136.3700,1463.2100
2014-07-23,132.5500,1464.4900
2014-07-24,133.8000,1464.9399
2014-07-25,135.2600,1462.2000
2014-07-28,135.0200,1463.3300
2014-07-29,132.3500,1460.7500
2014-07-30,130.5400,1461.0900
2014-07-31,128.7100,1439.7200
2014-08-01,128.9300,1437.1000
2014-08-04,126.8600,1448.2900
2014-08-05,126.8600,1434.1500
2014-08-06,124.4100,1435.4200
2014-08-07,124.6800,1427.9399
2014-08-08,120.3600,1444.1400
2014-08-11,124.2400,1448.5200
2014-08-12,123.6900,1446.8400
2014-08-13,126.9300,1456.9800
2014-08-14,132.4600,1463.3400
2014-08-15,135.4300,1475.4600
2014-08-18,138.4600,1481.8300
2014-08-19,138.6900,1484.7100
2014-08-20,135.4600,1485.7800
2014-08-21,135.7500,1487.1300
2014-08-22,135.1000,1486.9700
2014-08-25,135.4200,1489.3500
2014-08-26,133.5400,1489.9301
2014-08-27,135.4100,1490.0500
2014-08-28,137.9500,1489.8900
2014-08-29,127.0100,1490.8101
2014-09-02,131.7200,1491.7400
2014-09-03,131.5500,1491.7800
2014-09-04,130.1500,1491.0900
2014-09-05,137.4900,1492.5900
2014-09-08,132.9100,1492.6300
2014-09-09,136.8800,1490.9000
2014-09-10,130.5300,1492.5500
2014-09-11,132.7200,1493.1300
2014-09-12,127.3700,1491.8300
2014-09-15,127.0900,1492.2100
2014-09-16,126.8100,1494.2900
2014-09-17,138.1300,1494.6300
2014-09-18,142.1000,1494.9399
2014-09-19,146.0800,1493.0900
2014-09-22,139.8500,1485.6000
2014-09-23,132.4600,1479.2700
2014-09-24,126.9000,1488.4100
2014-09-25,132.2400,1469.5699
2014-09-26,130.4900,1480.0601
2014-09-29,131.6700,1477.5200
2014-09-30,127.7300,1474.7400
2014-10-01,123.1700,1456.5300
2014-10-02,125.3500,1456.7600
2014-10-03,122.5300,1472.6500
2014-10-06,126.9600,1471.0000
2014-10-07,120.8500,1449.1500
2014-10-08,128.0800,1473.8900
2014-10-09,123.5800,1443.9500
2014-10-10,130.8200,1428.7000
2014-10-13,130.3600,1405.1300
2014-10-14,127.7800,1409.4800
2014-10-15,111.3100,1398.5300
2014-10-16,127.9700,1396.0601
2014-10-17,131.7100,1406.5500
2014-10-20,120.6200,1415.8900
2014-10-21,129.1800,1426.7200
2014-10-22,127.0400,1422.3300
2014-10-23,128.7700,1428.6600
2014-10-24,125.5700,1431.3700
2014-10-27,123.7700,1432.0200
2014-10-28,127.5600,1435.8300
2014-10-29,124.1800,1436.0300
2014-10-30,121.0200,1437.2500
2014-10-31,124.7500,1438.7200
2014-11-03,124.6400,1439.0400
2014-11-04,124.1900,1438.8000
2014-11-05,125.6600,1439.6600
2014-11-06,124.9300,1439.9399
2014-11-07,127.0800,1440.2700
2014-11-10,130.5100,1440.4399
2014-11-11,127.1100,1440.3101
2014-11-12,125.7100,1440.3300
2014-11-13,128.9600,1440.4800
2014-11-14,128.6800,1440.5400
2014-11-17,123.6900,1440.7200
2014-11-18,132.0300,1440.7900
2014-11-19,124.6600,1440.8101
2014-11-20,136.3500,1440.8500
2014-11-21,138.4600,1440.8101
2014-11-24,140.1800,1444.1700
2014-11-25,126.2700,1444.1700
2014-11-26,139.8600,1446.0699
2014-11-28,131.8900,1443.4301
2014-12-01,127.9500,1438.3400
2014-12-02,121.6400,1444.4200
2014-12-03,134.4400,1447.7700
2014-12-04,128.7300,1447.3101
2014-12-05,131.4100,1448.4800
2014-12-08,137.6200,1444.8000
2014-12-09,136.6900,1444.4900
2014-12-10,130.8800,1425.7000
2014-12-11,130.7300,1436.4399
2014-12-12,131.4700,1413.5200
2014-12-15,135.1200,1404.0601
2014-12-16,131.2100,1393.0400
2014-12-17,125.4800,1421.4600
2014-12-18,126.2400,1453.2500
2014-12-19,138.6300,1456.6100
2014-12-22,136.6100,1460.0400
2014-12-23,136.9300,1461.7600
2014-12-24,135.6500,1462.4399
2014-12-26,135.0300,1464.8300
2014-12-29,127.6000,1465.9700
2014-12-30,136.3900,1463.6500
2014-12-31,133.8400,1455.0100
2015-01-02,128.6600,1457.2900
2015-01-05,127.7900,1440.4700
2015-01-06,125.2700,1428.5699
2015-01-07,123.5600,1444.0800
2015-01-08,124.7700,1462.7600
2015-01-09,121.6900,1456.9700
2015-01-12,121.0900,1447.9399
2015-01-13,122.2000,1444.2900
2015-01-14,132.6600,1436.4700
2015-01-15,120.7700,1423.4301
2015-01-16,131.3900,1429.0000
2015-01-20,123.6300,1431.6200
2015-01-21,134.3000,1436.3199
2015-01-22,139.1300,1445.0200
2015-01-23,132.0900,1443.3800
2015-01-26,135.0200,1446.4000
2015-01-27,128.4300,1439.0800
2015-01-28,123.7600,1430.1700
2015-01-29,130.4500,1437.2700
2015-01-30,125.3600,1426.8900
2015-02-02,129.9800,1438.9399
2015-02-03,129.7800,1447.4600
2015-02-04,126.2000,1446.1100
2015-02-05,127.5400,1450.3700
2015-02-06,125.6200,1449.6100
2015-02-09,129.8500,1449.6801
2015-02-10,126.5100,1453.3900
2015-02-11,128.3900,1453.9200
2015-02-12,129.9500,1455.3600
2015-02-13,126.0400,1455.8101
2015-02-17,127.4200,1455.9100
2015-02-18,127.4200,1456.0000
2015-02-19,131.3000,1456.0300
2015-02-20,125.2400,1456.0300
2015-02-23,134.6600,1462.4500
2015-02-24,136.2600,1465.6300
2015-02-25,136.3300,1465.4500
2015-02-26,126.2000,1465.2400
2015-02-27,126.4000,1464.5000
2015-03-02,126.0100,1468.4600
2015-03-03,123.0900,1466.0200
2015-03-04,127.8900,1464.3300
2015-03-05,127.2600,1465.2500
2015-03-06,124.6500,1454.0900
2015-03-09,124.1600,1459.9200
2015-03-10,123.5300,1442.5000
2015-03-11,123.7200,1439.4301
2015-03-12,121.5300,1454.6899
2015-03-13,120.6000,1449.0000
2015-03-16,122.8300,1463.6700
2015-03-17,125.4400,1461.1600
2015-03-18,128.5100,1473.1700
2015-03-19,127.9500,1472.7800
2015-03-20,131.0900,1472.7800
2015-03-23,127.1200,1475.5699
2015-03-24,126.8200,1470.9600
2015-03-25,122.9600,1455.2900
2015-03-26,122.8600,1452.6300
2015-03-27,121.8000,1456.3900
2015-03-30,122.6900,1470.2900
2015-03-31,120.3500,1461.3199
2015-04-01,120.7600,1456.9301
2015-04-02,119.9200,1462.3900
2015-04-06,120.0500,1470.4399
2015-04-07,121.3400,1468.7400
2015-04-08,124.2400,1472.5000
2015-04-09,125.8700,1478.7400
2015-04-10,127.2200,1484.9100
2015-04-13,117.4600,1481.4000
2015-04-14,123.6400,1483.9200
2015-04-15,119.7100,1489.8400
2015-04-16,120.3700,1490.7700
2015-04-17,122.2400,1490.7700
2015-04-20,124.1600,1490.0300
2015-04-21,122.7700,1489.8500
2015-04-22,124.0700,1492.8199
2015-04-23,123.2600,1494.5500
2015-04-24,119.9500,1495.9301
2015-04-27,122.8400,1494.2300
2015-04-28,124.0200,1496.4000
2015-04-29,125.3600,1494.9200
2015-04-30,115.9600,1488.1200
2015-05-01,122.3700,1496.4399
2015-05-04,121.6800,1499.0100
2015-05-05,122.2200,1492.0699
2015-05-06,119.7400,1489.3600
2015-05-07,120.7300,1492.7900
2015-05-08,122.9300,1501.5800
2015-05-11,115.9600,1500.8900
2015-05-12,123.9200,1500.2100
2015-05-13,126.0400,1501.8000
2015-05-14,127.6300,1503.4600
2015-05-15,127.5600,1503.4600
2015-05-18,126.9100,1507.9500
2015-05-19,126.2800,1508.2400
2015-05-20,125.0100,1507.9900
2015-05-21,121.1100,1510.5100
2015-05-22,124.8600,1509.9700
2015-05-26,123.0600,1501.5800
2015-05-27,123.6000,1510.0100
2015-05-28,125.3700,1509.1500
2015-05-29,122.5000,1504.3600
2015-06-01,122.4300,1506.7000
2015-06-02,121.1700,1506.2000
2015-06-03,124.5900,1509.1500
2015-06-04,121.9800,1500.6200
2015-06-05,119.6200,1500.3300
2015-06-08,118.3300,1493.7400
2015-06-09,119.4000,1494.0300
2015-06-10,120.8300,1509.2600
2015-06-11,125.3200,1512.3199
2015-06-12,119.2600,1504.9800
2015-06-15,119.2500,1499.0400
2015-06-16,120.2300,1507.3199
2015-06-17,119.0900,1511.4200
2015-06-18,120.1700,1524.0200
2015-06-19,119.5000,1503.2900
2015-06-22,120.5200,1527.3900
2015-06-23,122.7800,1529.1801
2015-06-24,119.5200,1523.4900
2015-06-25,122.6800,1520.2100
2015-06-26,123.0700,1520.5699
2015-06-29,124.5400,1495.4399
2015-06-30,123.8800,1499.7400
2015-07-01,120.1400,1509.2700
2015-07-02,121.5200,1509.4100
2015-07-06,118.6800,1506.3900
2015-07-07,117.3700,1515.2200
2015-07-08,118.2500,1491.9399
2015-07-09,120.3400,1495.7700
2015-07-10,118.5200,1513.0601
2015-07-13,121.5700,1529.5200
2015-07-14,123.1100,1535.6500
2015-07-15,123.0600,1535.4700
2015-07-16,124.6700,1542.9000
2015-07-17,127.9100,1523.8300
2015-07-20,125.0600,1545.5900
2015-07-21,124.9000,1543.0800
2015-07-22,130.4200,1542.4900
2015-07-23,123.1800,1537.2200
2015-07-24,126.3200,1525.5200
2015-07-27,126.6700,1517.9700
2015-07-28,123.5200,1534.0500
2015-07-29,121.0300,1542.6400
2015-07-30,122.0600,1542.7100
2015-07-31,124.2000,1542.4900
2015-08-03,119.3200,1539.2900
2015-08-04,119.7900,1537.7400
2015-08-05,119.1000,1541.8700
2015-08-06,126.0900,1532.3900
2015-08-07,117.8200,1529.1500
2015-08-10,121.5400,1546.3300
2015-08-11,124.3700,1534.5699
2015-08-12,119.9700,1535.9000
2015-08-13,119.9600,1535.3800
2015-08-14,119.3700,1541.1000
2015-08-17,120.2700,1549.1801
2015-08-18,124.3400,1546.0100
2015-08-19,122.1400,1534.7200
2015-08-20,118.7600,1502.5300
2015-08-21,,1563.7100
2015-08-24,129.4600,1424.0900
2015-08-25,126.7800,1413.1400
2015-08-26,124.3500,1460.4399
2015-08-27,126.3100,1483.9000
2015-08-28,130.3800,1484.9301
2015-08-31,129.3600,1480.2900
2015-09-01,125.3500,1447.9000
2015-09-02,125.3500,1472.3101
2015-09-03,132.4300,1474.1700
2015-09-04,142.1900,1455.9200
2015-09-08,132.3700,1487.1801
2015-09-09,137.0300,1471.8600
2015-09-10,131.4200,1479.2400
2015-09-11,118.1800,1486.3101
2015-09-14,142.9300,1482.3900
2015-09-15,136.0000,1499.0500
2015-09-16,142.1600,1507.7900
2015-09-17,137.4900,1512.0500
2015-09-18,119.4700,1512.0500
2015-09-21,135.4500,1498.2700
2015-09-22,135.9400,1486.1300
2015-09-23,136.7100,1486.5601
2015-09-24,134.0300,1482.9100
2015-09-25,135.1600,1483.2600
2015-09-28,134.1800,1452.5100
2015-09-29,136.7100,1455.2700
2015-09-30,113.9000,1477.6801
2015-10-01,124.8100,1482.3000
2015-10-02,115.7500,1498.5100
2015-10-05,132.8300,1514.7600
2015-10-06,129.3200,1513.9900
2015-10-07,132.3900,1520.3500
2015-10-08,136.6900,1523.8800
2015-10-09,134.6600,1525.9700
2015-10-12,148.9200,1526.8101
2015-10-13,133.8100,1526.2100
2015-10-14,135.8200,1526.2900
2015-10-15,151.2200,1527.8600
2015-10-16,135.0400,1527.8600
2015-10-19,139.9200,1532.8400
2015-10-20,140.7000,1531.4600
2015-10-21,133.0700,1526.3900
2015-10-22,121.0200,1538.2500
2015-10-23,135.6200,1543.7800
2015-10-26,132.2900,1542.5200
2015-10-27,132.1700,1541.6000
2015-10-28,134.4300,1546.9800
2015-10-29,134.6400,1546.9399
2015-10-30,125.7700,1545.3600
2015-11-02,138.7800,1550.5100
2015-11-03,137.4000,1550.9399
2015-11-04,134.4400,1550.1700
2015-11-05,135.2100,1550.6300
2015-11-06,137.7500,1551.6300
2015-11-09,134.3400,1549.4100
2015-11-10,132.2400,1550.9399
2015-11-11,132.4400,1550.6000
2015-11-12,136.9300,1545.1100
2015-11-13,139.5000,1538.5400
2015-11-16,131.7700,1550.2900
2015-11-17,136.9700,1551.1400
2015-11-18,136.8600,1554.5601
2015-11-19,139.1700,1554.7500
2015-11-20,126.8600,1553.9399
2015-11-23,139.5100,1555.2000
2015-11-24,138.1700,1556.1899
2015-11-25,139.4500,1557.2500
2015-11-27,137.6600,1558.0900
2015-11-30,127.2500,1554.6600
2015-12-01,135.5700,1563.5400
2015-12-02,132.6600,1555.7700
2015-12-03,135.2600,1540.2100
2015-12-04,136.3100,1561.9700
2015-12-07,136.7700,1556.8500
2015-12-08,131.2500,1550.3900
2015-12-09,134.2600,1540.2400
2015-12-10,134.9400,1544.9301
2015-12-11,146.5300,1516.8400
2015-12-14,140.9200,1524.8199
2015-12-15,143.3500,1540.7600
2015-12-16,135.5000,1561.7600
2015-12-17,131.2000,1541.9000
2015-12-18,,1541.7800
2015-12-21,125.1800,1534.8900
2015-12-22,133.6300,1543.0200
2015-12-23,134.6900,1551.1500
2015-12-24,128.7800,1551.1100
2015-12-28,136.2900,1550.5900
2015-12-29,139.2600,1555.3500
2015-12-30,143.0000,1553.2300
2015-12-31,124.4300,1548.1600
2016-01-04,140.0000,1538.3600
2016-01-05,135.0700,1542.3101
2016-01-06,,1531.4399
2016-01-07,135.9400,1500.0500
2016-01-08,138.8300,1484.2700
2016-01-11,142.5200,1486.9900
2016-01-12,138.6700,1499.2900
2016-01-13,145.8800,1461.5900
2016-01-14,138.7900,1487.2400
2016-01-15,145.0300,1446.3300
2016-01-19,137.9000,1451.0300
2016-01-20,134.8200,1442.3000
2016-01-21,132.9900,1445.8000
2016-01-22,133.6400,1463.7400
2016-01-25,132.2700,1454.5100
2016-01-26,129.5300,1464.4700
2016-01-27,129.0600,1458.4800
2016-01-28,129.2300,1463.2500
2016-01-29,120.8600,1476.3500
2016-02-01,126.3800,1478.7000
2016-02-02,119.8300,1469.3400
2016-02-03,122.0400,1472.8000
2016-02-04,122.6900,1474.8300
2016-02-05,119.0100,1463.4399
2016-02-08,120.2500,1453.1000
2016-02-09,120.7400,1452.7800
2016-02-10,120.3600,1455.2500
2016-02-11,122.3800,1443.0699
2016-02-12,117.7500,1467.3199
2016-02-16,125.7700,1482.9301
2016-02-17,124.9900,1487.4800
2016-02-18,125.3300,1487.5400
2016-02-19,123.6100,1487.5400
2016-02-22,117.4600,1500.2100
2016-02-23,119.6700,1492.0300
2016-02-24,119.4600,1494.5000
2016-02-25,122.0200,1502.9100
2016-02-26,118.6500,1502.0400
2016-02-29,117.6800,1498.8600
2016-03-01,119.8100,1511.3199
2016-03-02,122.3500,1514.0000
2016-03-03,125.2700,1514.8400
2016-03-04,125.2700,1515.4500
2016-03-07,124.0100,1516.2800
2016-03-08,123.5300,1514.5800
2016-03-09,123.4700,1516.0699
2016-03-10,130.0400,1516.9301
2016-03-11,128.9900,1518.5200
2016-03-14,133.3000,1518.9301
2016-03-15,132.4500,1518.7200
2016-03-16,125.4200,1519.0699
2016-03-17,126.6500,1519.1500
2016-03-18,126.7500,1518.9700
2016-03-21,129.3500,1521.4900
2016-03-22,130.9900,1521.4200
2016-03-23,129.6700,1516.3199
2016-03-24,119.0200,1516.5500
2016-03-28,127.7400,1518.7100
2016-03-29,132.6100,1527.1200
2016-03-30,128.6700,1530.2100
2016-03-31,122.0300,1529.0601
2016-04-01,124.0300,1533.2900
2016-04-04,125.2300,1532.4200
2016-04-05,120.2700,1525.9600
2016-04-06,125.0600,1533.9100
2016-04-07,125.1300,1526.0200
2016-04-08,113.8400,1530.4700
2016-04-11,119.1300,1529.1200
2016-04-12,126.1700,1536.6899
2016-04-13,127.1300,1539.0200
2016-04-14,126.2300,1539.2600
2016-04-15,123.1000,1538.6400
2016-04-18,120.5500,1544.6899
2016-04-19,126.1900,1546.6899
2016-04-20,126.2000,1547.1600
2016-04-21,127.0600,1547.1700
2016-04-22,123.2500,1545.6400
2016-04-25,126.7800,1544.5500
2016-04-26,127.4000,1545.9900
2016-04-27,126.0900,1547.6899
2016-04-28,125.4400,1540.4900
2016-04-29,126.4900,1536.5900
2016-05-02,127.6700,1545.0100
2016-05-03,125.9400,1537.3600
2016-05-04,124.3100,1531.6200
2016-05-05,123.7400,1532.1600
2016-05-06,120.8200,1537.5400
2016-05-09,123.1700,1539.6801
2016-05-10,124.1000,1551.8700
2016-05-11,122.1900,1544.7800
2016-05-12,123.5200,1545.3600
2016-05-13,121.4600,1535.2600
2016-05-16,124.1300,1549.1600
2016-05-17,122.9600,1537.4500
2016-05-18,122.2200,1537.7300
2016-05-19,123.6600,1532.6300
2016-05-20,125.6100,1532.6300
2016-05-23,124.7400,1537.6200
2016-05-24,124.7400,1547.5300
2016-05-25,127.1300,1551.3101
2016-05-26,129.2800,1552.0900
2016-05-27,129.6100,1554.3500
2016-05-31,127.7000,1554.2500
2016-06-01,132.4600,1554.9500
2016-06-02,134.1500,1556.7100
2016-06-03,125.0400,1557.0300
2016-06-06,125.5700,1558.4600
2016-06-07,128.5400,1558.8900
2016-06-08,129.2300,1559.5100
2016-06-09,129.3100,1559.5500
2016-06-10,133.6700,1557.9000
2016-06-13,137.4900,1556.5500
2016-06-14,138.0200,1557.7500
2016-06-15,140.9100,1558.8300
2016-06-16,142.5000,1560.2100
2016-06-17,137.9400,1560.2100
2016-06-20,137.8100,1568.5300
2016-06-21,135.9200,1569.4600
2016-06-22,136.4800,1565.1300
2016-06-23,145.7000,1576.9600
2016-06-24,142.9200,1549.0200
2016-06-27,136.4300,1532.8199
2016-06-28,153.6600,1556.1600
2016-06-29,136.4600,1574.3900
2016-06-30,140.5800,1580.8300
2016-07-01,128.5300,1583.8101
2016-07-05,125.3500,1582.5100
2016-07-06,123.1400,1585.1400
2016-07-07,124.7200,1585.9301
2016-07-08,127.2000,1589.1899
2016-07-11,125.0300,1589.6400
2016-07-12,126.1000,1589.6700
2016-07-13,127.2900,1589.9500
2016-07-14,128.2800,1589.9700
2016-07-15,129.7600,1591.1600
2016-07-18,125.3800,1594.3000
2016-07-19,129.9200,1594.6899
2016-07-20,128.4900,1597.8700
2016-07-21,128.0100,1594.3800
2016-07-22,128.3600,1598.5699
2016-07-25,129.6500,1597.1200
2016-07-26,130.0200,1597.5000
2016-07-27,125.6800,1597.4399
2016-07-28,128.5100,1598.8700
2016-07-29,128.2500,1602.6600
2016-08-01,128.0100,1601.2400
2016-08-02,129.2500,1595.8500
2016-08-03,129.9900,1599.7000
2016-08-04,127.0600,1601.1000
2016-08-05,130.6000,1608.2700
2016-08-08,132.9400,1608.5000
2016-08-09,135.5600,1609.0300
2016-08-10,133.2500,1608.0800
2016-08-11,131.2800,1611.3400
2016-08-12,132.1300,1611.9100
2016-08-15,134.4500,1613.3700
2016-08-16,132.2700,1612.3600
2016-08-17,136.7100,1613.6000
2016-08-18,134.8700,1614.3600
2016-08-19,136.5800,1615.5699
2016-08-22,135.2000,1616.0601
2016-08-23,131.7900,1616.9399
2016-08-24,130.4300,1612.5000
2016-08-25,131.0600,1612.8101
2016-08-26,132.4000,1610.9200
2016-08-29,131.3000,1617.4700
2016-08-30,136.1400,1616.3600
2016-08-31,129.2500,1614.4301
2016-09-01,129.8300,1613.5800
2016-09-02,128.4000,1620.5100
2016-09-06,131.1600,1623.7100
2016-09-07,130.9400,1624.4399
2016-09-08,129.7400,1622.4700
2016-09-09,125.2500,1587.4600
2016-09-12,134.1800,1613.2000
2016-09-13,131.5600,1592.9000
2016-09-14,127.4000,1586.2500
2016-09-15,130.5700,1606.7000
2016-09-16,,1606.7000
2016-09-19,125.8100,1604.7300
2016-09-20,126.8500,1603.6000
2016-09-21,122.1300,1613.8800
2016-09-22,124.2900,1618.8600
2016-09-23,125.1300,1617.0000
2016-09-26,121.7200,1610.6300
2016-09-27,123.7400,1616.4800
2016-09-28,126.8500,1620.0400
2016-09-29,122.6700,1614.6400
2016-09-30,124.5800,1618.9200
2016-10-03,122.8600,1618.2800
2016-10-04,119.6700,1616.2700
2016-10-05,121.5400,1619.9500
2016-10-06,120.4800,1621.4100
2016-10-07,119.9500,1620.4301
2016-10-10,123.8400,1625.0900
2016-10-11,119.7900,1616.6700
2016-10-12,122.3400,1617.7100
2016-10-13,123.3200,1616.6200
2016-10-14,121.8600,1619.0000
2016-10-17,124.0800,1618.8500
2016-10-18,122.7600,1624.1300
2016-10-19,122.5600,1627.3101
2016-10-20,123.9100,1628.6600
2016-10-21,123.0000,1628.6600
2016-10-24,124.6000,1633.7400
2016-10-25,122.8300,1631.4399
2016-10-26,123.3100,1629.0900
2016-10-27,122.3500,1624.6200
2016-10-28,126.3500,1624.0900
2016-10-31,126.1200,1622.2800
2016-11-01,124.4600,1615.3300
2016-11-02,126.1500,1608.7400
2016-11-03,141.1800,1603.1400
2016-11-04,133.0300,1600.9900
2016-11-07,134.9100,1626.6300
2016-11-08,135.6000,1629.3900
2016-11-09,134.6100,1643.8199
2016-11-10,127.0000,1645.3400
2016-11-11,121.7100,1646.4000
2016-11-14,122.7100,1647.9900
2016-11-15,119.7900,1650.2400
2016-11-16,123.7700,1650.4700
2016-11-17,123.0600,1650.7000
2016-11-18,126.3800,1650.7000
2016-11-21,124.0100,1657.2100
2016-11-22,127.9800,1659.6500
2016-11-23,125.3300,1660.7000
2016-11-25,126.2700,1662.6600
2016-11-28,125.7500,1661.0300
2016-11-29,128.3100,1662.2800
2016-11-30,126.3900,1661.1400
2016-12-01,128.3700,1658.6700
2016-12-02,128.9900,1659.9200
2016-12-05,128.3500,1666.3500
2016-12-06,130.9200,1668.7800
2016-12-07,123.6100,1670.6400
2016-12-08,119.0800,1671.0100
2016-12-09,119.5100,1671.7600
2016-12-12,123.2800,1671.9500
2016-12-13,119.3400,1672.2400
2016-12-14,125.4300,1672.0601
2016-12-15,129.4400,1672.3000
2016-12-16,131.9500,1671.5601
2016-12-19,130.4700,1675.3199
2016-12-20,122.0900,1677.9301
2016-12-21,124.9000,1676.7500
2016-12-22,128.0200,1676.5400
2016-12-23,120.5100,1677.1300
2016-12-27,123.6500,1679.9000
2016-12-28,122.3700,1672.5800
2016-12-29,124.5700,1672.3000
2016-12-30,127.2600,1668.3900
2017-01-03,125.7900,1678.2800
2017-01-04,124.4000,1683.7700
2017-01-05,128.2100,1685.1700
2017-01-06,123.6700,1688.0000
2017-01-09,122.5900,1687.6100
2017-01-10,121.8400,1688.3000
2017-01-11,123.0600,1690.4900
2017-01-12,126.2200,1689.6500
2017-01-13,132.3200,1692.8700
2017-01-17,131.5500,1691.4399
2017-01-18,143.4300,1693.3300
2017-01-19,141.0300,1693.4200
2017-01-20,146.3300,1692.2600
2017-01-23,137.7800,1694.3199
2017-01-24,138.1600,1699.3199
2017-01-25,128.8000,1704.1400
2017-01-26,129.5800,1704.8000
2017-01-27,129.9500,1704.6300
2017-01-30,134.3200,1700.8800
2017-01-31,138.0800,1701.1600
2017-02-01,133.9700,1701.9399
2017-02-02,136.6500,1702.6000
2017-02-03,133.2500,1707.9399
2017-02-06,131.4100,1708.1100
2017-02-07,130.4600,1709.0000
2017-02-08,134.0100,1709.7000
2017-02-09,129.1900,1711.6400
2017-02-10,130.4700,1712.1899
2017-02-13,130.1000,1712.4600
2017-02-14,133.6600,1712.6899
2017-02-15,137.5500,1712.7300
2017-02-16,141.4100,1713.0100
2017-02-17,141.1300,1716.2800
2017-02-21,136.9300,1720.2600
2017-02-22,138.2400,1719.8400
2017-02-23,137.9100,1720.9399
2017-02-24,138.6600,1721.8900
2017-02-27,134.3900,1722.6300
2017-02-28,131.9800,1720.8000
2017-03-01,132.1600,1726.7100
2017-03-02,133.3600,1726.5900
2017-03-03,136.1000,1728.0200
2017-03-06,140.1700,1728.0500
2017-03-07,138.8500,1727.1500
2017-03-08,139.6300,1726.8101
2017-03-09,139.4800,1726.7600
2017-03-10,138.9900,1728.4900
2017-03-13,145.7500,1729.6899
2017-03-14,146.1100,1729.1000
2017-03-15,147.2000,1730.7000
2017-03-16,149.4900,1730.9800
2017-03-17,154.3400,1730.4100
2017-03-20,152.9300,1730.0100
2017-03-21,141.0200,1717.2000
2017-03-22,136.0700,1718.1400
2017-03-23,132.5400,1715.2300
2017-03-24,136.6200,1718.0100
2017-03-27,135.3700,1716.4301
2017-03-28,134.4300,1724.5800
2017-03-29,132.3700,1727.9200
2017-03-30,138.8400,1731.7300
2017-03-31,138.3100,1729.6200
2017-04-03,135.2300,1728.9200
2017-04-04,132.2800,1730.0500
2017-04-05,130.9100,1723.9399
2017-04-06,131.2700,1728.7800
2017-04-07,132.7000,1728.8000
2017-04-10,132.8600,1730.0900
2017-04-11,136.6600,1728.7600
2017-04-12,131.9300,1722.7500
2017-04-13,134.3600,1713.6899
2017-04-17,139.6300,1727.0699
2017-04-18,137.2000,1721.6899
2017-04-19,140.2000,1718.7700
2017-04-20,146.8500,1732.4000
2017-04-21,148.4200,1732.8400
2017-04-24,144.4500,1739.8400
2017-04-25,139.0400,1743.0000
2017-04-26,142.1300,1742.6899
2017-04-27,142.5500,1743.7600
2017-04-28,146.9800,1743.0000
2017-05-01,128.4600,1745.0500
2017-05-02,127.4900,1745.0000
2017-05-03,129.3900,1744.7200
2017-05-04,130.4800,1745.3800
2017-05-05,131.3600,1746.2600
2017-05-08,128.1200,1748.3101
2017-05-09,128.2800,1748.3000
2017-05-10,128.2700,1751.8900
2017-05-11,128.2100,1751.6300
2017-05-12,129.6500,1752.2800
2017-05-15,129.4400,1753.0000
2017-05-16,131.2400,1753.1600
2017-05-17,133.5100,1747.4399
2017-05-18,137.0100,1752.9900
2017-05-19,131.3900,1752.9900
2017-05-22,128.5700,1759.0699
2017-05-23,124.5400,1760.6400
2017-05-24,123.1100,1762.8800
2017-05-25,123.6500,1764.7900
2017-05-26,125.4100,1765.2400
2017-05-30,125.3700,1765.6400
2017-05-31,125.1100,1765.7200
2017-06-01,124.5500,1768.3000
2017-06-02,124.2300,1769.3500
2017-06-05,125.0500,1769.8199
2017-06-06,125.7200,1769.3000
2017-06-07,125.9800,1769.9600
2017-06-08,127.0900,1770.6600
2017-06-09,131.2600,1770.3600
2017-06-12,136.8600,1770.8700
2017-06-13,136.4100,1771.8600
2017-06-14,135.8900,1771.9500
2017-06-15,134.1200,1772.0601
2017-06-16,135.0200,1772.0500
2017-06-19,138.7700,1778.9600
2017-06-20,133.3700,1776.3800
2017-06-21,129.8900,1775.7600
2017-06-22,130.8600,1776.2400
2017-06-23,132.7600,1778.3600
2017-06-26,128.6000,1779.6801
2017-06-27,125.4600,1774.6899
2017-06-28,126.9500,1780.5100
2017-06-29,129.1500,1773.1899
2017-06-30,129.5100,1775.6801
2017-07-03,126.6300,1778.0300
2017-07-05,128.6700,1780.1899
2017-07-06,127.2500,1772.6500
2017-07-07,131.5800,1780.0200
2017-07-10,133.4000,1781.7100
2017-07-11,132.7500,1782.7100
2017-07-12,134.9500,1787.2000
2017-07-13,138.3500,1788.2000
2017-07-14,137.7100,1789.2100
2017-07-17,139.8700,1789.5500
2017-07-18,137.5300,1789.8101
2017-07-19,136.8800,1790.1200
2017-07-20,130.8800,1790.2200
2017-07-21,134.5300,1790.2200
2017-07-24,132.6700,1792.2700
2017-07-25,135.6100,1794.3000
2017-07-26,135.6100,1794.8500
2017-07-27,140.8100,1794.0200
2017-07-28,139.9100,1793.4100
2017-07-31,139.8200,1794.7900
2017-08-01,138.7200,1796.1500
2017-08-02,142.0200,1796.8900
2017-08-03,138.3200,1795.8700
2017-08-04,139.8100,1797.5300
2017-08-07,138.9100,1799.7200
2017-08-08,140.0500,1797.7100
2017-08-09,141.2000,1798.1899
2017-08-10,136.4800,1780.6700
2017-08-11,135.4300,1784.3700
2017-08-14,142.0700,1797.8300
2017-08-15,143.2300,1799.3101
2017-08-16,,1801.8800
2017-08-17,142.7300,1779.6600
2017-08-18,128.8600,1779.5900
2017-08-21,131.6100,1777.3900
2017-08-22,135.7200,1786.3400
2017-08-23,129.9800,1783.6000
2017-08-24,129.9500,1783.6899
2017-08-25,130.1600,1785.7400
2017-08-28,128.3200,1787.3300
2017-08-29,131.4800,1787.9000
2017-08-30,130.5300,1790.8101
2017-08-31,134.0000,1793.4100
2017-09-01,134.8500,1794.4200
2017-09-05,133.4800,1792.6600
2017-09-06,136.4800,1794.3700
2017-09-07,135.3900,1795.0200
2017-09-08,130.5700,1793.9500
2017-09-11,136.9600,1796.9200
2017-09-12,139.6000,1797.1000
2017-09-13,142.7400,1797.2200
2017-09-14,,1797.4000
2017-09-15,144.5400,1798.2600
2017-09-18,143.6500,1800.3700
2017-09-19,142.6400,1801.1801
2017-09-20,138.9400,1801.8900
2017-09-21,137.8700,1800.5500
2017-09-22,137.5000,1801.3000
2017-09-25,135.0700,1799.9500
2017-09-26,134.2500,1800.7300
2017-09-27,129.4900,1803.2200
2017-09-28,132.9900,1805.0800
2017-09-29,137.7500,1807.1000
2017-10-02,138.0200,1809.5000
2017-10-03,137.1500,1810.0601
2017-10-04,144.1900,1810.5400
2017-10-05,140.3300,1811.8800
2017-10-06,140.3500,1811.7200
2017-10-09,139.8300,1811.6600
2017-10-10,139.2400,1812.4800
2017-10-11,138.7400,1813.0200
2017-10-12,136.3600,1813.2000
2017-10-13,138.2800,1813.5400
2017-10-16,147.5300,1813.9399
2017-10-17,150.1200,1814.0601
2017-10-18,147.9500,1814.3101
2017-10-19,146.1600,1814.4700
2017-10-20,148.8100,1815.6300
2017-10-23,142.4600,1811.7500
2017-10-24,142.1500,1813.2300
2017-10-25,138.0000,1808.6100
2017-10-26,135.3600,1809.9399
2017-10-27,135.7000,1818.0800
2017-10-30,132.5400,1815.7700
2017-10-31,131.8100,1817.5699
2017-11-01,129.0500,1818.5100
2017-11-02,128.9700,1819.7400
2017-11-03,130.3400,1822.0300
2017-11-06,130.5200,1824.0000
2017-11-07,129.1500,1823.6600
2017-11-08,131.5000,1825.0200
2017-11-09,128.9500,1822.7600
2017-11-10,130.5600,1822.5900
2017-11-13,129.7500,1825.0200
2017-11-14,130.1500,1824.8300
2017-11-15,135.2100,1822.0601
2017-11-16,136.3000,1827.6000
2017-11-17,137.1900,1827.6300
2017-11-20,135.8300,1830.1000
2017-11-21,133.5600,1835.4600
2017-11-22,132.5200,1834.9200
2017-11-24,130.9800,1837.1200
2017-11-27,130.1800,1837.7400
2017-11-28,124.0800,1840.7300
2017-11-29,126.2800,1840.3300
2017-11-30,128.9000,1841.3600
2017-12-01,128.8300,1840.9600
2017-12-04,132.1400,1841.6899
2017-12-05,132.0700,1842.0000
2017-12-06,130.9800,1842.6700
2017-12-07,130.8400,1844.2200
2017-12-08,132.5400,1844.9700
2017-12-11,133.9800,1845.3700
2017-12-12,133.0200,1845.5400
2017-12-13,134.7100,1845.6600
2017-12-14,134.0300,1845.6000
2017-12-15,135.7300,1845.6200
2017-12-18,132.7200,1849.7900
2017-12-19,130.6900,1847.3400
2017-12-20,133.1500,1848.0699
2017-12-21,132.6300,1849.6300
2017-12-22,134.4000,1849.7700
2017-12-26,135.6000,1850.1300
2017-12-27,138.4300,1849.8800
2017-12-28,137.8200,1851.2000
2017-12-29,137.0500,1847.8800
2018-01-02,135.3700,1854.1700
2018-01-03,133.4300,1856.8199
2018-01-04,131.2400,1858.0400
2018-01-05,127.0300,1858.7100
2018-01-08,128.0000,1859.4600
2018-01-09,126.3700,1859.6100
2018-01-10,129.1200,1859.8500
2018-01-11,126.1000,1860.0699
2018-01-12,124.9500,1860.1400
2018-01-16,128.6500,1860.3101
2018-01-17,136.1900,1860.5601
2018-01-18,131.4100,1860.7300
2018-01-19,132.2800,1860.7300
2018-01-22,127.1800,1868.4301
2018-01-23,122.9500,1869.4700
2018-01-24,120.2000,1868.6000
2018-01-25,121.8700,1869.0000
2018-01-26,117.9900,1873.5300
2018-01-29,118.8000,1869.2900
2018-01-30,122.8500,1863.5100
2018-01-31,121.2300,1866.9700
2018-02-01,120.5900,1866.3000
2018-02-02,126.4500,1841.7200
2018-02-05,,1811.6700
2018-02-06,129.6100,1801.8300
2018-02-07,136.9000,1789.7400
2018-02-08,130.9200,1739.9500
2018-02-09,128.5100,1758.2500
2018-02-12,148.0200,1781.5699
2018-02-13,143.0700,1786.7400
2018-02-14,127.8400,1811.7500
2018-02-15,131.6700,1835.3101
2018-02-16,,1833.8700
2018-02-20,131.6300,1820.5699
2018-02-21,130.0300,1814.5100
2018-02-22,134.3100,1822.5300
2018-02-23,139.2000,1837.7600
2018-02-26,131.7200,1846.0500
2018-02-27,132.2700,1836.0800
2018-02-28,138.9500,1828.0800
2018-03-01,136.5400,1810.3400
2018-03-02,127.4800,1818.7300
2018-03-05,130.1200,1832.3199
2018-03-06,128.4100,1837.3199
2018-03-07,128.1700,1836.6600
2018-03-08,129.6200,1843.5000
2018-03-09,127.7900,1853.9000
2018-03-12,141.9800,1854.8400
2018-03-13,140.4300,1853.9900
2018-03-14,141.6600,1852.7800
2018-03-15,146.5500,1855.5900
2018-03-16,147.3500,1855.5900
2018-03-19,143.9600,1841.8000
2018-03-20,139.5200,1842.9000
2018-03-21,,1841.6899
2018-03-22,131.5200,1800.9301
2018-03-23,130.7900,1772.3500
2018-03-26,128.9600,1811.0100
2018-03-27,128.6500,1784.5200
2018-03-28,128.3300,1779.2300
2018-03-29,119.3400,1798.0500
2018-04-02,119.6800,1759.2200
2018-04-03,118.3800,1785.8800
2018-04-04,119.2300,1807.5800
2018-04-05,121.5100,1817.9600
2018-04-06,122.3900,1780.6500
2018-04-09,119.9000,1786.6801
2018-04-10,121.2500,1813.9200
2018-04-11,122.2700,1806.1000
2018-04-12,122.2900,1821.3700
2018-04-13,126.0000,1817.1100
2018-04-16,131.4700,1833.9100
2018-04-17,130.5700,1850.9200
2018-04-18,146.2600,1853.4399
2018-04-19,138.2000,1841.4399
2018-04-20,133.0700,1841.8900
2018-04-23,126.4800,1841.9600
2018-04-24,126.5000,1827.6500
2018-04-25,124.2900,1831.6500
2018-04-26,127.0800,1845.7400
2018-04-27,128.4000,1846.8300
2018-04-30,130.7700,1839.0300
2018-05-01,128.2100,1841.8800
2018-05-02,122.4200,1830.7600
2018-05-03,126.7900,1834.7200
2018-05-04,127.3700,1850.2400
2018-05-07,123.0400,1852.5500
2018-05-08,125.1000,1855.1500
2018-05-09,126.0500,1864.4700
2018-05-10,129.3500,1868.3000
2018-05-11,,1870.4100
2018-05-14,133.9700,1871.0100
2018-05-15,136.7600,1869.8800
2018-05-16,134.4500,1871.7300
2018-05-17,134.7800,1872.2000
2018-05-18,133.3200,1872.1801
2018-05-21,134.0200,1878.0000
2018-05-22,134.6100,1876.7000
2018-05-23,135.6100,1879.6000
2018-05-24,139.2400,1879.9100
2018-05-25,140.7800,1877.4500
2018-05-29,141.8400,1865.0500
2018-05-30,143.8900,1880.0100
2018-05-31,,1874.7200
2018-06-01,134.5300,1884.5400
2018-06-04,132.7000,1888.3000
2018-06-05,132.5800,1889.6200
2018-06-06,136.5700,1891.8900
2018-06-07,133.8400,1891.6400
2018-06-08,133.1100,1892.8199
2018-06-11,138.9300,1893.6600
2018-06-12,142.8200,1894.2300
2018-06-13,141.7400,1894.3600
2018-06-14,142.3900,1894.8600
2018-06-15,140.9200,1894.8800
2018-06-18,140.9200,1898.3199
2018-06-19,139.3500,1893.5300
2018-06-20,140.8200,1896.3300
2018-06-21,139.9400,1888.6400
2018-06-22,140.5400,1891.5400
2018-06-25,134.6600,1873.7500
2018-06-26,134.9200,1877.7000
2018-06-27,131.3000,1864.4900
2018-06-28,136.3400,1874.4301
2018-06-29,141.7200,1878.4500
2018-07-02,140.8900,1882.2100
2018-07-03,134.5700,1875.9301
2018-07-05,139.8600,1889.3700
2018-07-06,141.0200,1901.8800
2018-07-09,138.9600,1911.2900
2018-07-10,139.2600,1913.6801
2018-07-11,136.8500,1909.3101
2018-07-12,138.2200,1915.5400
2018-07-13,142.4800,1916.8600
2018-07-16,148.1600,1917.9500
2018-07-17,149.5800,1919.1500
2018-07-18,154.2500,1919.6801
2018-07-19,150.9800,1919.9000
2018-07-20,152.7200,1918.2500
2018-07-23,153.7800,1921.1200
2018-07-24,145.9400,1924.6400
2018-07-25,145.0900,1929.7200
2018-07-26,142.1800,1928.6801
2018-07-27,144.5700,1924.6000
2018-07-30,141.5700,1921.3000
2018-07-31,144.4900,1928.3900
2018-08-01,142.7700,1926.1700
2018-08-02,143.8300,1930.8101
2018-08-03,146.1900,1934.3700
2018-08-06,142.0100,1936.7500
2018-08-07,138.9400,1938.1300
2018-08-08,139.8400,1938.3800
2018-08-09,138.6100,1938.3600
2018-08-10,149.2000,1935.4200
2018-08-13,159.0300,1934.4800
2018-08-14,152.4100,1939.1801
2018-08-15,148.4000,1937.3101
2018-08-16,148.4500,1940.6100
2018-08-17,146.0100,1940.6100
2018-08-20,145.5500,1945.8500
2018-08-21,144.7000,1947.0900
2018-08-22,143.7500,1947.4700
2018-08-23,147.3800,1947.2600
2018-08-24,148.2000,1951.1700
2018-08-27,144.8500,1955.6000
2018-08-28,140.8800,1955.7100
2018-08-29,140.7600,1957.5800
2018-08-30,141.8200,1955.4301
2018-08-31,146.9100,1956.2900
2018-09-04,142.1800,1957.1801
2018-09-05,142.2200,1956.5601
2018-09-06,140.5600,1955.0300
2018-09-07,145.8700,1954.8600
2018-09-10,144.8800,1958.0400
2018-09-11,147.8800,1960.5699
2018-09-12,148.7500,1961.0800
2018-09-13,150.6400,1962.7300
2018-09-14,151.5900,1963.0900
2018-09-17,150.9500,1962.5500
2018-09-18,151.3700,1963.9000
2018-09-19,145.1900,1964.0699
2018-09-20,144.8400,1964.4500
2018-09-21,141.5500,1962.3199
2018-09-24,138.8400,1960.2100
2018-09-25,137.6800,1958.7300
2018-09-26,140.9800,1955.8300
2018-09-27,142.1000,1960.0400
2018-09-28,144.4300,1961.5000
2018-10-01,141.5200,1965.9301
2018-10-02,137.9800,1965.7300
2018-10-03,136.3300,1967.4301
2018-10-04,,1956.0400
2018-10-05,130.2800,1950.6700
2018-10-08,129.6400,1949.4399
2018-10-09,128.9800,1947.6300
2018-10-10,127.6500,1878.3600
2018-10-11,130.8500,1855.2300
2018-10-12,125.5100,1871.1801
2018-10-15,128.3200,1858.9200
2018-10-16,132.1500,1905.1899
2018-10-17,130.6500,1903.9500
2018-10-18,125.9600,1875.7700
2018-10-19,124.9400,1874.3800
2018-10-22,125.6800,1869.4600
2018-10-23,126.5400,1861.9500
2018-10-24,128.9100,1820.5100
2018-10-25,125.2600,1833.0800
2018-10-26,121.7000,1823.9800
2018-10-29,120.8300,1808.8199
2018-10-30,118.1100,1833.2400
2018-10-31,117.6400,1848.1801
2018-11-01,118.2800,1867.4399
2018-11-02,115.7300,1861.7100
2018-11-05,118.8900,1871.5500
2018-11-06,119.9300,1879.0699
2018-11-07,120.5600,1905.2800
2018-11-08,121.8500,1904.9399
2018-11-09,120.0600,1897.6300
2018-11-12,,1870.2700
2018-11-13,122.0600,1868.0400
2018-11-14,120.6800,1855.6200
2018-11-15,120.7600,1874.6801
2018-11-16,118.7100,1872.1400
2018-11-19,115.7900,1856.1200
2018-11-20,119.5500,1831.7800
2018-11-21,119.3100,1837.1801
2018-11-23,117.2100,1828.8199
2018-11-26,117.5700,1851.6899
2018-11-27,115.8300,1857.3101
2018-11-28,115.9600,1879.4800
2018-11-29,115.4900,1879.4301
2018-11-30,114.7100,1882.0000
2018-12-03,118.4600,1896.2300
2018-12-04,117.7600,1866.1801
2018-12-06,116.6800,1866.1100
2018-12-07,114.3000,1834.3500
2018-12-10,117.6400,1840.4301
2018-12-11,116.8000,1841.6300
2018-12-12,116.7800,1850.8199
2018-12-13,117.0300,1851.4700
2018-12-14,118.6000,1819.2900
2018-12-17,123.9600,1786.0900
2018-12-18,124.2300,1773.9700
2018-12-19,125.3800,1751.6899
2018-12-20,124.0700,1726.5500
2018-12-21,122.1700,1726.5500
2018-12-24,118.2700,1661.6200
2018-12-26,116.4700,1716.8101
2018-12-27,115.1800,1722.8199
2018-12-28,117.2600,1726.6801
2018-12-31,,1740.9900
2019-01-02,116.0600,1747.3600
2019-01-03,112.2200,1725.4399
2019-01-04,111.4400,1755.0500
2019-01-07,113.5600,1760.5000
2019-01-08,115.3000,1764.9700
2019-01-09,117.0100,1766.7000
2019-01-10,117.7200,1768.7400
2019-01-11,119.0900,1769.9200
2019-01-14,125.2000,1770.3900
2019-01-15,126.8700,1771.0000
2019-01-16,131.6600,1771.2400
2019-01-17,133.0200,1771.4100
2019-01-18,,1771.8500
2019-01-22,122.8200,1756.9700
2019-01-23,123.8800,1761.0800
2019-01-24,130.9200,1764.9200
2019-01-25,126.1100,1773.2200
2019-01-28,123.0600,1766.7700
2019-01-29,121.9000,1765.6700
2019-01-30,123.2800,1780.8700
2019-01-31,126.5300,1788.6000
2019-02-01,126.0300,1789.7600
2019-02-04,128.4000,1794.7500
2019-02-05,123.4200,1795.8800
2019-02-06,123.7200,1796.3300
2019-02-07,124.4500,1793.9100
2019-02-08,127.7200,1795.7200
2019-02-11,129.1900,1796.8800
2019-02-12,128.6000,1799.0699
2019-02-13,127.1200,1799.4800
2019-02-14,126.8900,1799.7100
2019-02-15,129.5500,1799.6801
2019-02-19,124.6800,1805.5100
2019-02-20,123.3900,1809.0699
2019-02-21,122.4200,1806.3500
2019-02-22,121.0800,1811.9900
2019-02-25,127.6700,1813.3800
2019-02-26,125.5300,1813.2000
2019-02-27,126.4400,1814.6700
2019-02-28,126.4400,1814.4600
2019-03-01,126.9700,1818.9800
2019-03-04,125.0400,1817.4900
2019-03-05,126.4000,1817.9800
2019-03-06,125.8000,1813.7000
2019-03-07,123.1400,1806.3199
2019-03-08,125.7300,1806.8400
2019-03-11,132.9300,1821.9100
2019-03-12,,1823.4700
2019-03-13,,1826.5300
2019-03-14,130.5700,1826.9800
2019-03-15,128.7600,1826.9800
2019-03-18,127.1000,1830.0400
2019-03-19,123.1300,1828.9100
2019-03-20,120.5900,1827.7900
2019-03-21,120.6700,1834.1300
2019-03-22,117.5500,1816.2900
2019-03-25,117.6000,1817.7400
2019-03-26,117.8000,1826.9399
2019-03-27,117.6600,1822.9500
2019-03-28,119.2500,1828.2700
2019-03-29,120.9600,1835.3400
2019-04-01,126.7700,1843.0100
2019-04-02,127.3100,1844.1500
2019-04-03,127.3100,1844.9301
2019-04-04,126.2300,1846.0100
2019-04-05,128.7500,1848.2700
2019-04-08,129.1300,1849.2500
2019-04-09,127.6600,1848.4000
2019-04-10,127.6100,1849.9900
2019-04-11,126.2300,1850.4399
2019-04-12,124.2200,1851.1700
2019-04-15,127.6900,1851.6801
2019-04-16,125.8100,1851.8199
2019-04-17,125.7800,1851.9800
2019-04-18,123.6000,1852.0100
2019-04-22,124.2400,1855.9500
2019-04-23,124.6500,1861.1200
2019-04-24,123.8100,1859.4700
2019-04-25,124.1800,1859.7500
2019-04-26,126.2900,1862.8600
2019-04-29,125.7900,1864.0000
2019-04-30,126.4700,1865.3900
2019-05-01,125.3200,1859.7200
2019-05-02,124.5900,1860.3000
2019-05-03,122.2200,1866.9900
2019-05-06,123.2300,1863.9301
2019-05-07,116.8800,1846.0200
2019-05-08,117.7900,1848.5100
2019-05-09,117.6800,1843.4800
2019-05-10,118.5400,1855.0699
2019-05-13,119.3600,1819.1100
2019-05-14,119.9500,1834.2300
2019-05-15,120.8700,1846.1400
2019-05-16,121.0900,1861.8700
2019-05-17,118.6900,1840.2800
2019-05-20,115.2500,1834.3400
2019-05-21,117.1700,1845.8000
2019-05-22,115.4200,1844.2900
2019-05-23,114.7100,1826.9600
2019-05-24,114.1200,1834.4000
2019-05-28,112.5800,1822.6700
2019-05-29,111.9300,1809.9200
2019-05-30,112.6800,1816.3500
2019-05-31,112.6500,1794.0000
2019-06-03,112.3200,1789.0400
2019-06-04,112.7400,1826.6700
2019-06-05,112.9100,1838.7500
2019-06-06,113.8900,1847.6300
2019-06-07,114.6700,1858.6300
2019-06-10,114.3800,1864.1899
2019-06-11,113.8100,1865.0300
2019-06-12,114.6600,1865.1801
2019-06-13,113.3300,1869.9500
2019-06-14,113.3300,1870.9800
2019-06-17,115.3000,1874.1300
2019-06-18,116.2100,1878.2700
2019-06-19,115.9300,1880.9100
2019-06-20,119.2300,1881.5000
2019-06-21,118.4600,1881.5000
2019-06-24,117.0900,1879.6700
2019-06-25,116.8300,1869.0900
2019-06-26,117.1600,1868.5000
2019-06-27,117.5000,1873.3800
2019-06-28,117.5000,1883.7200
2019-07-01,118.1200,1892.0200
2019-07-02,122.1400,1897.3199
2019-07-03,120.8200,1900.8000
2019-07-05,126.6600,1901.5000
2019-07-08,121.4200,1900.3600
2019-07-09,120.4400,1901.2900
2019-07-10,120.6600,1904.2600
2019-07-11,122.4500,1905.3199
2019-07-12,123.6500,1906.3700
2019-07-15,126.2200,1907.1899
2019-07-16,125.1500,1907.3300
2019-07-17,123.9800,1907.2400
2019-07-18,123.9800,1908.0500
2019-07-19,125.5000,1908.0601
2019-07-22,125.3600,1907.4399
2019-07-23,124.6500,1914.5100
2019-07-24,124.6500,1918.3800
2019-07-25,121.8800,1914.7300
2019-07-26,121.8800,1920.0900
2019-07-29,123.2700,1920.5000
2019-07-30,121.9400,1917.3600
2019-07-31,121.9400,1905.8900
2019-08-01,121.7100,1894.6100
2019-08-02,117.0700,1888.3400
2019-08-05,117.2500,1825.6000
2019-08-06,113.3000,1858.8400
2019-08-07,114.2000,1858.5800
2019-08-08,113.9600,1894.3900
2019-08-09,117.7100,1884.0200
2019-08-12,116.3400,1861.5000
2019-08-13,115.1500,1892.9200
2019-08-14,117.5800,1834.3600
2019-08-15,113.4800,1837.4900
2019-08-16,112.5200,1855.5100
2019-08-19,115.8400,1868.5400
2019-08-20,116.4800,1863.2200
2019-08-21,114.7800,1872.6100
2019-08-22,114.4800,1870.2400
2019-08-23,114.4600,1847.3199
2019-08-26,112.6200,1859.0400
2019-08-27,113.0700,1854.4100
2019-08-28,113.6500,1863.2700
2019-08-29,113.6500,1874.8300
2019-08-30,115.0200,1872.6600
2019-09-03,114.6800,1871.7700
2019-09-04,115.9900,1881.8199
2019-09-05,115.9900,1888.9100
2019-09-06,118.8700,1891.2700
2019-09-09,118.7900,1893.0699
2019-09-10,119.0100,1893.8600
2019-09-11,119.9500,1895.3500
2019-09-12,119.9500,1895.8400
2019-09-13,118.4000,1896.3000
2019-09-16,119.1600,1896.7600
2019-09-17,117.9400,1897.1801
2019-09-18,117.9400,1897.3000
2019-09-19,118.7700,1897.7400
2019-09-20,118.7700,1889.5900
2019-09-23,117.5000,1893.8500
2019-09-24,118.0100,1881.7100
2019-09-25,117.9800,1890.5000
2019-09-26,117.5100,1888.1700
2019-09-27,116.6100,1880.9500
2019-09-30,116.6100,1893.1000
2019-10-01,117.6700,1870.7300
2019-10-02,114.0100,1838.6801
2019-10-03,111.4700,1858.5601
2019-10-04,114.5400,1881.1600
2019-10-07,114.5400,1874.6200
2019-10-08,118.7600,1848.3800
2019-10-09,118.4200,1864.3900
2019-10-10,119.9500,1877.4399
2019-10-11,120.8500,1894.8300
2019-10-14,122.4000,1895.0601
2019-10-15,124.8500,1912.5400
2019-10-16,127.1700,1911.3300
2019-10-17,128.0100,1916.0300
2019-10-18,128.0100,1916.0300
2019-10-21,128.4400,1922.2100
2019-10-22,125.7900,1919.3900
2019-10-23,125.7900,1922.8300
2019-10-24,125.2200,1925.6300
2019-10-25,125.7000,1929.8900
2019-10-28,125.7000,1933.4399
2019-10-29,125.2600,1933.0500
2019-10-30,127.2900,1936.0400
2019-10-31,129.6400,1934.5500
2019-11-01,130.7100,1938.9399
2019-11-04,129.7400,1940.4700
2019-11-05,129.7400,1940.8000
2019-11-06,126.7800,1941.7300
2019-11-07,124.6800,1942.2700
2019-11-08,124.6800,1942.8500
2019-11-11,123.3000,1943.2300
2019-11-12,123.8500,1943.4100
2019-11-13,123.1800,1943.5100
2019-11-14,124.6100,1943.6899
2019-11-15,126.2800,1945.7500
2019-11-18,126.5900,1947.0100
2019-11-19,127.4600,1946.8101
2019-11-20,127.4600,1944.6500
2019-11-21,125.6400,1942.8300
2019-11-22,124.8700,1945.7000
2019-11-25,125.5300,1953.7200
2019-11-26,128.6500,1955.9301
2019-11-27,130.2800,1958.3900
2019-11-29,130.3700,1956.2800
2019-12-02,129.8300,1948.9600
2019-12-03,126.3500,1941.8800
2019-12-04,123.3100,1948.7800
2019-12-05,123.6400,1951.9000
2019-12-06,131.4800,1959.5601
2019-12-09,136.5600,1957.6000
2019-12-10,135.0000,1957.7800
2019-12-11,134.3700,1960.9000
2019-12-12,132.6800,1965.6801
2019-12-13,144.5100,1967.6600
2019-12-16,143.8500,1969.9800
2019-12-17,137.4800,1970.6500
2019-12-18,144.5600,1970.9399
2019-12-19,150.1400,1971.0900
2019-12-20,147.1700,1970.1600
2019-12-23,143.9100,1971.7800
2019-12-24,143.9100,1972.2600
2019-12-26,143.0700,1976.5200
2019-12-27,143.0700,1974.8400
2019-12-30,140.2900,1970.5800
2019-12-31,139.5200,1974.6200
2020-01-02,137.7000,1982.5300
2020-01-03,133.4600,1976.6400
2020-01-06,132.5100,1981.4399
2020-01-07,129.7800,1980.8800
2020-01-08,136.4200,1983.9301
2020-01-09,133.4700,1987.9200
2020-01-10,128.1500,1987.8500
2020-01-13,131.2700,1990.6200
2020-01-14,130.8200,1990.7100
2020-01-15,130.8200,1991.2000
2020-01-16,133.1300,1991.4200
2020-01-17,134.6200,1993.3700
2020-01-21,132.7000,1990.7100
2020-01-22,129.9300,1991.8600
2020-01-23,131.7600,1992.8600
2020-01-24,127.0200,1982.3900
2020-01-27,127.0200,1960.2500
2020-01-28,127.2100,1975.7500
2020-01-29,125.1500,1974.4399
2020-01-30,125.1500,1980.6000
2020-01-31,135.7300,1953.1801
2020-02-03,127.7000,1966.4800
2020-02-04,127.7000,1988.2400
2020-02-05,129.7800,2000.8500
2020-02-06,129.7800,2004.5200
2020-02-07,134.4800,2000.4399
2020-02-10,133.2900,2007.8800
2020-02-11,133.2900,2009.5500
2020-02-12,133.2000,2014.1000
2020-02-13,133.0400,2013.7900
2020-02-14,133.0400,2015.4600
2020-02-18,137.6600,2016.5800
2020-02-19,141.8100,2017.9000
2020-02-20,137.1200,2018.1400
2020-02-21,137.1200,2015.2100
2020-02-24,135.1400,1969.0500
2020-02-25,130.7900,1916.4900
2020-02-26,130.6500,1908.7800
2020-02-27,130.6500,1824.9200
2020-02-28,130.8200,1808.9600
2020-03-02,126.8400,1894.7900
2020-03-03,123.0600,1840.1300
2020-03-04,127.3800,1917.0400
2020-03-05,123.6100,1853.7900
2020-03-06,126.0800,1821.3600
2020-03-09,121.5700,1679.8800
2020-03-10,121.3800,1767.4700
2020-03-11,121.7200,1680.5800
2020-03-12,115.7900,1515.2100
2020-03-13,115.7900,2050.2800
2020-03-16,114.6600,1468.3101
2020-03-17,116.6700,1553.9399
2020-03-18,113.5400,1478.0699
2020-03-19,115.4400,1480.3700
2020-03-20,118.1200,1455.3700
2020-03-23,117.0500,1434.3800
2020-03-24,117.7500,1513.7400
2020-03-25,116.6000,1514.2600
2020-03-26,118.9700,1548.9800
2020-03-27,117.4100,1533.9100
2020-03-30,122.1800,1565.3101
2020-03-31,125.4900,1566.2600
2020-04-01,115.4800,1539.9399
2020-04-02,118.4300,1562.3800
2020-04-03,120.5700,1562.0800
2020-04-06,121.0100,1592.4100
2020-04-07,118.4800,1593.9399
2020-04-08,119.3000,1603.5300
2020-04-09,120.8500,1606.7200
2020-04-13,119.6000,1608.8300
2020-04-14,122.3300,1609.1899
2020-04-15,122.3300,1609.3400
2020-04-16,122.3300,1609.4900
2020-04-17,126.4300,1619.9399
2020-04-20,125.3400,1603.8199
2020-04-21,123.7100,1575.8800
2020-04-22,126.1900,1602.8000
2020-04-23,125.2200,1605.4000
2020-04-24,125.2200,1625.3600
2020-04-27,129.2900,1640.7500
2020-04-28,129.2300,1637.4800
2020-04-29,132.6000,1653.9301
2020-04-30,130.3800,1648.1801
2020-05-01,129.9700,1630.3900
2020-05-04,129.9700,1639.3800
2020-05-05,131.2900,1648.4800
2020-05-06,128.5900,1645.7400
2020-05-07,130.6700,1657.4600
2020-05-08,132.2100,1669.3900
2020-05-11,132.2100,1672.4200
2020-05-12,125.9700,1665.0200
2020-05-13,123.4300,1655.2000
2020-05-14,124.3500,1671.8199
2020-05-15,124.4700,1680.8400
2020-05-18,129.2300,1702.1100
2020-05-19,127.4800,1695.9900
2020-05-20,125.9500,1707.7900
2020-05-21,124.5300,1703.9700
2020-05-22,125.7800,1707.0400
2020-05-26,129.1100,1714.4100
2020-05-27,129.9600,1719.4100
2020-05-28,130.7800,1718.2200
2020-05-29,131.7200,1721.4399
2020-06-01,132.0900,1723.5400
2020-06-02,132.6100,1726.3600
2020-06-03,131.5000,1729.5601
2020-06-04,130.7700,1729.7400
2020-06-05,129.8700,1731.7100
2020-06-08,129.1100,1732.1700
2020-06-09,129.1100,1731.9200
2020-06-10,127.7400,1732.1200
2020-06-11,127.7400,1719.4900
2020-06-12,133.5400,1727.8900
2020-06-15,133.5400,1731.7500
2020-06-16,137.3300,1732.9700
2020-06-17,133.8500,1733.2300
2020-06-18,135.4900,1733.3300
2020-06-19,134.9000,1721.8101
2020-06-22,135.5400,1732.2900
2020-06-23,135.2000,1737.0800
2020-06-24,135.2000,1711.5200
2020-06-25,131.9200,1726.4301
2020-06-26,137.4700,1698.8199
2020-06-29,135.7500,1722.4100
2020-06-30,148.2700,1739.4000
2020-07-01,142.4400,1747.4500
2020-07-02,146.3400,1756.6000
2020-07-06,140.9800,1766.6600
2020-07-07,138.3400,1760.7100
2020-07-08,138.3400,1768.4399
2020-07-09,138.8400,1765.8800
2020-07-10,135.6800,1775.6000
2020-07-13,135.6800,1769.4399
2020-07-14,128.5200,1778.6801
2020-07-15,146.5300,1783.0699
2020-07-16,142.4400,1783.9900
2020-07-17,140.8100,1787.1300
2020-07-20,145.9000,1796.8800
2020-07-21,134.8400,1797.0800
2020-07-22,140.3900,1802.8199
2020-07-23,140.7400,1793.5000
2020-07-24,139.4000,1791.2500
2020-07-27,139.6100,1800.0000
2020-07-28,139.6400,1795.5601
2020-07-29,140.8600,1806.6500
2020-07-30,138.9900,1803.0100
2020-07-31,138.9900,1810.7400
2020-08-03,141.5600,1815.8700
2020-08-04,141.7700,1818.8400
2020-08-05,139.5900,1822.7000
2020-08-06,139.5900,1825.6700
2020-08-07,139.7500,1826.7600
2020-08-10,137.5000,1828.7400
2020-08-11,136.3900,1825.6700
2020-08-12,137.0100,1830.7200
2020-08-13,136.1100,1831.3300
2020-08-14,136.8200,1832.3700
2020-08-17,137.4500,1833.1801
2020-08-18,138.0800,1833.3000
2020-08-19,138.0800,1833.2300
2020-08-20,138.2000,1833.5699
2020-08-21,144.0500,1837.2800
2020-08-24,146.7300,1845.3300
2020-08-25,147.2300,1847.8500
2020-08-26,146.5300,1851.0000
2020-08-27,142.0900,1851.3700
2020-08-28,145.0700,1856.7000
2020-08-31,145.7300,1847.3600
2020-09-01,144.6700,1857.8600
2020-09-02,142.2800,1861.0699
2020-09-03,144.6600,1842.5400
2020-09-04,144.6600,1840.9500
2020-09-08,133.2800,1819.9500
2020-09-09,132.5100,1841.8600
2020-09-10,130.1600,1826.8400
2020-09-11,125.4200,1831.3500
2020-09-14,125.4200,1850.8101
2020-09-15,130.9500,1858.0699
2020-09-16,132.9500,1858.6899
2020-09-17,136.0600,1851.8500
2020-09-18,139.4100,1848.5300
2020-09-21,132.0900,1836.6801
2020-09-22,130.6400,1848.9800
2020-09-23,129.8400,1822.4700
2020-09-24,129.8400,1827.0000
2020-09-25,129.1700,1848.1700
2020-09-28,129.2600,1863.4900
2020-09-29,123.9300,1859.2000
2020-09-30,123.9300,1867.0300
2020-10-01,120.9400,1871.7900
2020-10-02,117.7800,1867.2400
2020-10-05,119.5300,1882.1400
2020-10-06,119.5300,1874.2400
2020-10-07,120.6000,1887.4500
2020-10-08,121.8100,1893.0300
2020-10-09,121.8100,1896.0100
2020-10-12,123.9400,1897.0601
2020-10-13,123.9400,1897.3400
2020-10-14,122.6000,1897.3600
2020-10-15,122.6000,1897.6400
2020-10-16,123.4700,1892.4100
2020-10-19,124.7500,1877.0601
2020-10-20,125.3100,1881.8900
2020-10-21,124.3800,1881.3700
2020-10-22,124.9400,1887.9900
2020-10-23,126.7000,1893.2400
2020-10-26,126.0500,1868.0699
2020-10-27,126.0500,1864.6500
2020-10-28,127.5800,1811.5800
2020-10-29,129.3000,1830.3000
2020-10-30,128.0500,1812.0900
2020-11-02,129.0100,1834.2000
2020-11-03,133.8600,1860.6400
2020-11-04,136.4400,1894.8400
2020-11-05,133.3200,1917.3199
2020-11-06,127.6500,1922.8800
2020-11-09,124.5600,1932.5699
2020-11-10,127.4100,1935.6500
2020-11-11,126.3000,1943.2100
2020-11-12,129.4700,1937.3101
2020-11-13,131.4200,1947.6000
2020-11-16,129.3300,1953.2300
2020-11-17,129.5600,1953.4500
2020-11-18,128.9100,1952.7600
2020-11-19,133.5900,1954.6801
2020-11-20,133.5500,1948.6700
2020-11-23,133.5400,1957.6801
2020-11-24,134.2600,1970.8400
2020-11-25,134.1900,1970.8400
2020-11-27,133.9000,1973.2200
2020-11-30,132.4300,1972.7000
2020-12-01,133.9500,1979.3000
2020-12-02,132.6000,1980.4800
2020-12-03,134.6100,1981.3199
2020-12-04,132.4600,1986.7700
2020-12-07,133.0800,1987.9301
2020-12-08,132.4400,1989.7200
2020-12-09,134.9000,1987.6600
2020-12-10,135.7500,1988.5300
2020-12-11,135.7100,1988.2500
2020-12-14,139.9200,1988.4301
2020-12-15,139.2900,1992.7800
2020-12-16,138.9500,1993.8800
2020-12-17,144.7900,1994.1801
2020-12-18,147.0700,2000.4100
2020-12-21,147.0200,1992.2100
2020-12-22,146.5300,1992.9500
2020-12-23,146.2700,1996.7800
2020-12-24,147.3900,2003.3199
2020-12-28,148.2700,2012.4100
2020-12-29,145.3000,2010.4900
2020-12-30,142.7400,2012.6300
2020-12-31,143.0300,2016.7000
2021-01-04,147.8300,2006.2500
2021-01-05,143.8400,2013.8700
2021-01-06,145.5000,2017.8000
2021-01-07,147.0600,2030.3101
2021-01-08,145.9200,2032.5400
2021-01-11,139.2500,2031.8300
2021-01-12,134.7000,2034.0900
2021-01-13,139.9900,2035.5000
2021-01-14,139.9300,2035.8400
2021-01-15,138.0600,2035.4399
2021-01-19,136.7000,2044.2900
2021-01-20,141.3200,2056.0901
2021-01-21,146.6600,2057.2600
2021-01-22,144.2000,2056.1001
2021-01-25,145.5500,2058.3301
2021-01-26,143.3100,2057.4399
2021-01-27,143.3100,2027.7400
2021-01-28,137.9300,2039.5900
2021-01-29,145.8400,2021.5400
2021-02-01,134.3000,2043.1000
2021-02-02,141.6300,2058.8301
2021-02-03,141.1500,2063.2900
2021-02-04,136.5900,2071.3799
2021-02-05,136.0100,2075.0701
2021-02-08,135.0900,2077.8201
2021-02-09,136.6500,2078.0200
2021-02-10,140.0600,2077.8301
2021-02-11,139.3300,2079.1899
2021-02-12,137.6000,2081.3501
2021-02-16,137.6600,2079.5200
2021-02-17,140.1700,2081.9700
2021-02-18,144.4500,2082.2400
2021-02-19,142.5500,2076.2500
2021-02-22,141.5300,2067.9700
2021-02-23,138.8200,2070.1299
2021-02-24,136.6400,2084.7700
2021-02-25,138.5200,2044.9399
2021-02-26,142.0700,2050.2300
2021-03-01,136.2300,2081.0000
2021-03-02,141.3300,2070.8999
2021-03-03,141.6800,2051.5701
2021-03-04,140.5300,2030.3700
2021-03-05,137.1900,2062.5300
2021-03-08,135.9000,2054.7100
2021-03-09,137.0100,2077.5500
2021-03-10,134.4500,2089.1101
2021-03-11,138.5700,2101.7800
2021-03-12,139.6100,2106.8000
2021-03-15,140.2900,2113.4199
2021-03-16,141.2600,2113.4800
2021-03-17,142.5600,2117.1299
2021-03-18,143.1900,2110.5400
2021-03-19,148.1100,2112.3501
2021-03-22,141.4700,2124.7100
2021-03-23,146.1400,2115.9900
2021-03-24,143.4400,2111.2600
2021-03-25,143.7000,2119.1599
2021-03-26,140.8600,2132.8799
2021-03-29,145.4600,2131.2400
2021-03-30,143.6700,2133.0300
2021-03-31,142.2000,2137.6201
2021-04-01,140.9300,2143.5901
2021-04-05,136.2900,2147.3401
2021-04-06,139.6300,2147.7000
2021-04-07,142.4400,2148.8899
2021-04-08,140.6000,2149.8000
2021-04-09,139.0400,2150.5801
2021-04-12,132.8800,2150.8999
2021-04-13,134.2900,2150.9299
2021-04-14,134.7200,2150.8899
2021-04-15,137.6700,2151.0500
2021-04-16,139.2900,2152.3701
2021-04-19,138.3300,2147.8000
2021-04-20,137.1500,2138.0601
2021-04-21,134.8700,2149.9700
2021-04-22,139.4300,2139.1599
2021-04-23,138.0900,2154.0400
2021-04-26,140.0900,2156.9199
2021-04-27,139.0900,2157.6001
2021-04-28,139.1300,2159.0200
2021-04-29,139.3700,2163.9199
2021-04-30,139.3000,2158.8899
2021-05-03,146.3200,2163.1699
2021-05-04,143.7500,2157.2000
2021-05-05,139.2300,2158.0901
2021-05-06,142.1200,2167.7500
2021-05-07,144.4700,2174.8501
2021-05-10,145.7600,2167.1299
2021-05-11,142.7200,2156.5300
2021-05-12,140.1200,2121.8101
2021-05-13,142.6000,2144.6399
2021-05-14,139.2600,2169.8401
2021-05-17,139.0500,2169.5801
2021-05-18,138.3500,2158.2700
2021-05-19,139.4600,2154.8201
2021-05-20,143.7500,2175.7900
2021-05-21,142.9600,2182.8101
2021-05-24,144.5100,2197.3401
2021-05-25,144.6400,2195.6899
2021-05-26,144.6000,2200.2400
2021-05-27,149.8200,2203.2000
2021-05-28,149.3500,2205.5000
2021-06-01,155.3100,2204.9900
2021-06-02,149.0400,2208.8000
2021-06-03,148.5900,2205.2900
2021-06-04,145.2100,2214.5601
2021-06-07,147.7600,2216.3201
2021-06-08,151.2900,2215.9299
2021-06-09,150.7000,2214.5901
2021-06-10,150.7100,2220.3999
2021-06-11,154.8100,2221.9500
2021-06-14,159.2800,2223.0500
2021-06-15,160.6400,2222.6699
2021-06-16,161.3500,2220.7800
2021-06-17,155.9700,2224.3799
2021-06-18,161.0100,2219.9800
2021-06-21,158.3600,2238.1201
2021-06-22,160.5100,2244.1101
2021-06-23,154.8500,2245.0000
2021-06-24,161.0400,2248.4399
2021-06-25,170.5500,2251.5500
2021-06-28,162.0900,2253.0701
2021-06-29,163.8400,2253.3401
2021-06-30,161.8500,2254.1599
2021-07-01,155.6500,2256.2400
2021-07-02,157.9400,2257.9500
2021-07-06,153.7500,2257.8999
2021-07-07,152.1500,2258.8999
2021-07-08,152.8200,2256.5200
2021-07-09,155.7000,2259.7400
2021-07-12,157.9300,2260.6001
2021-07-13,154.4000,2260.4800
2021-07-14,154.3100,2260.8000
2021-07-15,154.1500,2259.8000
2021-07-16,151.9400,2254.4800
2021-07-19,155.7400,2233.6499
2021-07-20,154.5000,2254.1101
2021-07-21,155.3400,2265.8999
2021-07-22,152.6300,2268.4299
2021-07-23,159.4400,2277.2900
2021-07-26,153.2000,2279.7500
2021-07-27,151.0400,2275.9199
2021-07-28,152.2300,2277.5601
2021-07-29,149.9600,2282.1299
2021-07-30,153.7100,2278.4600
2021-08-02,153.3000,2277.6899
2021-08-03,152.5600,2286.2300
2021-08-04,151.4000,2283.8000
2021-08-05,148.2700,2288.6599
2021-08-06,,2291.9900
2021-08-09,148.2700,2292.8401
2021-08-10,,2293.7100
2021-08-11,154.3200,2295.9099
2021-08-12,157.1800,2297.0200
2021-08-13,159.6600,2298.0601
2021-08-16,152.5400,2298.4199
2021-08-17,149.0500,2297.8799
2021-08-18,148.5400,2294.4900
2021-08-19,151.1900,2298.3701
2021-08-20,153.5100,2303.3301
2021-08-23,159.0200,2314.3701
2021-08-24,157.1300,2316.0300
2021-08-25,159.5100,2318.5701
2021-08-26,157.2500,2312.5300
2021-08-27,162.4300,2322.2700
2021-08-30,157.9900,2325.7400
2021-08-31,155.9100,2325.1101
2021-09-01,154.7500,2326.2500
2021-09-02,156.9800,2327.3301
2021-09-03,162.2700,2328.7100
2021-09-07,,2328.2800
2021-09-08,153.3900,2328.9900
2021-09-09,149.9700,2326.8899
2021-09-10,151.1600,2320.4500
2021-09-13,148.5000,2327.0901
2021-09-14,146.7300,2326.3999
2021-09-15,154.3300,2333.1399
2021-09-16,152.8800,2334.3000
2021-09-17,149.5200,2332.8999
2021-09-20,141.5700,2308.3799
2021-09-21,139.9800,2308.6499
2021-09-22,144.1200,2326.9199
2021-09-23,146.8700,2344.4500
2021-09-24,145.6700,2348.7600
2021-09-27,144.6600,2347.6499
2021-09-28,140.0800,2314.3501
2021-09-29,137.9900,2318.6899
2021-09-30,135.5500,2296.1699
2021-10-01,135.0500,2320.5400
2021-10-04,130.8700,2296.9299
2021-10-05,131.6800,2317.7500
2021-10-06,131.5100,2327.1101
2021-10-07,133.3200,2343.5100
2021-10-08,,2343.7600
2021-10-11,134.7000,2330.5801
2021-10-12,134.1000,2326.1499
2021-10-13,135.7700,2334.5801
2021-10-14,143.7800,2370.4299
2021-10-15,147.2700,2376.6001
2021-10-18,143.7700,2380.8301
2021-10-19,141.0100,2388.4299
2021-10-20,141.2300,2391.6201
2021-10-21,140.9400,2394.4099
2021-10-22,139.3400,2393.4099
2021-10-25,140.9400,2398.1001
2021-10-26,141.3000,2397.5901
2021-10-27,140.6000,2393.7600
2021-10-28,144.7300,2400.4399
2021-10-29,148.0900,2401.2000
2021-11-01,145.8100,2403.7500
2021-11-02,146.6800,2405.9199
2021-11-03,149.7700,2408.7400
2021-11-04,151.6700,2409.8701
2021-11-05,148.8300,2410.3899
2021-11-08,149.2400,2411.3000
2021-11-09,144.0900,2411.1101
2021-11-10,144.8900,2410.3899
2021-11-11,144.0300,2411.8999
2021-11-12,144.3700,2413.3101
2021-11-15,142.3800,2413.7300
2021-11-16,139.5600,2413.7500
2021-11-17,141.9600,2413.8701
2021-11-18,144.8000,2413.9600
2021-11-19,148.4400,2411.1299
2021-11-22,147.4400,2407.7800
2021-11-23,146.9900,2411.1699
2021-11-24,148.1500,2414.5601
2021-11-26,148.2700,2374.8999
2021-11-29,149.9300,2401.2100
2021-11-30,150.5500,2368.6599
2021-12-01,155.2100,2340.9800
2021-12-02,151.3800,2372.8601
2021-12-03,149.6400,2357.2100
2021-12-06,151.6400,2383.6599
2021-12-07,151.6600,2419.5801
2021-12-08,151.2000,2426.4299
2021-12-09,149.6600,2417.3201
2021-12-10,147.3400,2433.4700
2021-12-13,146.0700,2423.3201
2021-12-14,137.7600,2411.9700
2021-12-15,141.7500,2439.0901
2021-12-16,140.2900,2429.6899
2021-12-17,134.9400,2410.3501
2021-12-20,131.7100,2396.4199
2021-12-21,136.3300,2421.1799
2021-12-22,,2436.0801
2021-12-23,150.2600,2443.4900
2021-12-27,151.8700,2454.7400
2021-12-28,153.2100,2455.2500
2021-12-29,156.2400,2457.5400
2021-12-30,155.2700,2456.5000
2021-12-31,154.3800,2456.0801
2022-01-03,151.4900,2461.1399
2022-01-04,150.3600,2461.3301
2022-01-05,143.4100,2447.0200
2022-01-06,140.7700,2447.6001
2022-01-07,139.1400,2447.8501
2022-01-10,139.2400,2449.2600
2022-01-11,138.0900,2457.0000
2022-01-12,135.7300,2461.2000
2022-01-13,133.1300,2448.6899
2022-01-14,133.8500,2453.6299
2022-01-18,129.7200,2429.1101
2022-01-19,134.7300,2408.2100
2022-01-20,127.5800,2380.8301
2022-01-21,136.1800,2350.6299
2022-01-24,136.0600,2354.9700
2022-01-25,133.9000,2342.7200
2022-01-26,133.3800,2336.6799
2022-01-27,132.2200,2332.2700
2022-01-28,132.9600,2371.6001
2022-01-31,131.4400,2397.8601
2022-02-01,133.0000,2409.9800
2022-02-02,,2418.3701
2022-02-03,132.7500,2393.3999
2022-02-04,,2404.0000
2022-02-07,,2405.2300
2022-02-08,127.7200,2415.8301
2022-02-09,129.7800,2427.5400
2022-02-10,128.1100,2412.3799
2022-02-11,126.8100,2386.9700
2022-02-14,128.1200,2387.3401
2022-02-15,129.7600,2416.6699
2022-02-16,132.7500,2424.0801
2022-02-17,131.3100,2385.2800
2022-02-18,128.3600,2387.5601
2022-02-22,128.3300,2377.7700
2022-02-23,126.8800,2352.3101
2022-02-24,130.4800,2376.8000
2022-02-25,132.5100,2406.1699
2022-02-28,137.3600,2402.7800
2022-03-01,134.4200,2379.7200
2022-03-02,136.1100,2407.7600
2022-03-03,133.2800,2404.2700
2022-03-04,,2395.6699
2022-03-07,136.6900,2351.7100
2022-03-08,135.2500,2339.7900
2022-03-09,134.1200,2389.2200
2022-03-10,130.9400,2386.9099
2022-03-11,130.7000,2362.1899
2022-03-14,131.8100,2349.6101
2022-03-15,130.6600,2396.3899
2022-03-16,132.0000,2440.8999
2022-03-17,134.9300,2456.6001
2022-03-18,136.6400,2467.6001
2022-03-21,135.7300,2471.6599
2022-03-22,139.7200,2482.4299
2022-03-23,136.7100,2472.0000
2022-03-24,138.3900,2486.5000
2022-03-25,140.2600,2492.4199
2022-03-28,138.8700,2499.9900
2022-03-29,140.0000,2505.2300
2022-03-30,139.2800,2504.2300
2022-03-31,140.7300,2498.2400
2022-04-01,145.5100,2504.3101
2022-04-04,146.4800,2509.2800
2022-04-05,141.3300,2504.1299
2022-04-06,144.2700,2500.0200
2022-04-07,139.5500,2504.5801
2022-04-08,141.5100,2506.0801
2022-04-11,137.9100,2495.1299
2022-04-12,137.6200,2495.8401
2022-04-13,139.8600,2511.6499
2022-04-14,134.3900,2501.3201
2022-04-18,130.9400,2505.2300
2022-04-19,,2525.1399
2022-04-20,134.1800,2526.6001
2022-04-21,132.7200,2506.9399
2022-04-22,136.2200,2460.0200
2022-04-25,133.4200,2473.2400
2022-04-26,,2414.5701
2022-04-27,138.0900,2421.8899
2022-04-28,136.3500,2471.1599
2022-04-29,136.6900,2393.8000
2022-05-02,131.4000,2409.0000
2022-05-03,129.0000,2420.0100
2022-05-04,127.7500,2484.7800
2022-05-05,128.6500,2407.1599
2022-05-06,126.2100,2394.3101
2022-05-09,127.0500,2318.9199
2022-05-10,125.8600,2324.1201
2022-05-11,124.5100,2287.8101
2022-05-12,119.9100,2283.4700
2022-05-13,122.0900,2338.5901
2022-05-16,117.5300,2332.0100
2022-05-17,117.6800,2377.3000
2022-05-18,123.4600,2283.7200
2022-05-19,122.6600,2267.5500
2022-05-20,122.3200,2297.7800
2022-05-23,120.5500,2318.4399
2022-05-24,122.9600,2312.0701
2022-05-25,118.8500,2322.6001
2022-05-26,122.2800,2338.6101
2022-05-27,121.2500,2351.2000
2022-05-31,119.1000,2351.1699
2022-06-01,119.3000,2351.1201
2022-06-02,121.4000,2357.7700
2022-06-03,122.2500,2355.1299
2022-06-06,122.3600,2358.0400
2022-06-07,120.6600,2361.2800
2022-06-08,119.1300,2360.9500
2022-06-09,120.6600,2352.7000
2022-06-10,121.6400,2332.7100
2022-06-13,124.1400,2274.9199
2022-06-14,125.1600,2271.3899
2022-06-15,118.3600,2304.5901
2022-06-16,122.4800,2237.9600
2022-06-17,121.1500,2234.3999
2022-06-21,121.3800,2260.0901
2022-06-22,119.2200,2261.7000
2022-06-23,121.1100,2269.0100
2022-06-24,120.4300,2284.6101
2022-06-27,119.9800,2287.1399
2022-06-28,120.4600,2279.6201
2022-06-29,119.2600,2280.5701
2022-06-30,119.9400,2277.2900
2022-07-01,118.5900,2286.3401
2022-07-05,118.1900,2289.3501
2022-07-06,117.4500,2292.4399
2022-07-07,118.7600,2296.3501
2022-07-08,118.1300,2297.8101
2022-07-11,119.8000,2298.3899
2022-07-12,121.3300,2297.2500
2022-07-13,120.4100,2298.8601
2022-07-14,121.9200,2299.4399
2022-07-15,122.4800,2301.7500
2022-07-18,120.5500,2293.9099
2022-07-19,120.0400,2319.0701
2022-07-20,117.2400,2325.9099
2022-07-21,118.7100,2335.5100
2022-07-22,119.1500,2331.7100
2022-07-25,119.4600,2335.0601
2022-07-26,121.2900,2324.8301
2022-07-27,121.9200,2344.2700
2022-07-28,122.6700,2350.7400
2022-07-29,122.2900,2356.1001
2022-08-01,122.9400,2355.5701
2022-08-02,121.7800,2353.8601
2022-08-03,121.1600,2359.0701
2022-08-04,122.8100,2359.8201
2022-08-05,,2360.5601
2022-08-08,123.6900,2361.4199
2022-08-09,123.9100,2361.3701
2022-08-10,125.0400,2362.8999
2022-08-11,126.8400,2363.0701
2022-08-12,129.3400,2363.4600
2022-08-15,127.6200,2363.8000
2022-08-16,126.0900,2363.8999
2022-08-17,122.0600,2364.0200
2022-08-18,124.2200,2364.1201
2022-08-19,123.6800,2364.7200
2022-08-22,123.9300,2336.3301
2022-08-23,123.8300,2333.3401
2022-08-24,122.7800,2341.1399
2022-08-25,123.1000,2362.3701
2022-08-26,124.5700,2305.7200
2022-08-29,121.9700,2293.5701
2022-08-30,121.0100,2271.5400
2022-08-31,119.7100,2255.3501
2022-09-01,120.7400,2263.5500
2022-09-02,119.8100,2239.9600
2022-09-06,119.8400,2232.4900
2022-09-07,119.0500,2272.0601
2022-09-08,119.0800,2286.5000
2022-09-09,119.6600,2321.7800
2022-09-12,121.0600,2344.9399
2022-09-13,125.4600,2245.6899
2022-09-14,120.1900,2254.2700
2022-09-15,119.9700,2228.8501
2022-09-16,117.7100,2219.9399
2022-09-19,116.2600,2230.2100
2022-09-20,116.6900,2218.3101
2022-09-21,116.2100,2198.1299
2022-09-22,115.8600,2191.0801
2022-09-23,118.9900,2166.4700
2022-09-26,120.0100,2150.5701
2022-09-27,120.3900,2147.5300
2022-09-28,120.3800,2180.6699
2022-09-29,121.5400,2148.3101
2022-09-30,,2122.1499
2022-10-03,121.3800,2170.7200
2022-10-04,122.4600,2217.3101
2022-10-05,121.7800,2216.9800
2022-10-06,122.4400,2201.5500
2022-10-07,121.8100,2156.0200
2022-10-10,120.0700,2141.3999
2022-10-11,120.1200,2129.0601
2022-10-12,119.9900,2122.8101
2022-10-13,117.8200,2175.2600
2022-10-14,119.3000,2130.9600
2022-10-17,116.9700,2183.6799
2022-10-18,116.8800,2209.5100
2022-10-19,117.2600,2196.1899
2022-10-20,117.4100,2177.6399
2022-10-21,116.1900,2183.5601
2022-10-24,114.9700,2195.1001
2022-10-25,114.6400,2207.7800
2022-10-26,113.8600,2206.3899
2022-10-27,113.2300,2204.9399
2022-10-28,112.0600,2218.4700
2022-10-31,111.9600,2218.9299
2022-11-01,111.4400,2218.2700
2022-11-02,111.9900,2206.1101
2022-11-03,110.3400,2200.6699
2022-11-04,111.6200,2213.5901
2022-11-07,111.6700,2222.6699
2022-11-08,113.5500,2224.8101
2022-11-09,114.3600,2215.0200
2022-11-10,111.4200,2234.7600
2022-11-11,114.0900,2235.7400
2022-11-14,113.6700,2236.6001
2022-11-15,115.9400,2236.8899
2022-11-16,115.5600,2237.2300
2022-11-17,115.2400,2237.4600
2022-11-18,114.9700,2240.8701
2022-11-21,114.5200,2241.5801
2022-11-22,116.2400,2256.6101
2022-11-23,118.6500,2264.0000
2022-11-25,128.1100,2265.8701
2022-11-28,118.4700,2252.4399
2022-11-29,120.3800,2251.3999
2022-11-30,118.4700,2277.8000
2022-12-01,117.7900,2278.5300
2022-12-02,118.1100,2280.2500
2022-12-05,117.7500,2269.1799
2022-12-06,117.1100,2253.4199
2022-12-07,117.8100,2252.0901
2022-12-08,117.5400,2262.3601
2022-12-09,119.2400,2256.0200
2022-12-12,121.8600,2268.9399
2022-12-13,122.7300,2285.3401
2022-12-14,124.2300,2290.4900
2022-12-15,124.4900,2265.7200
2022-12-16,120.0400,2255.0901
2022-12-19,117.0900,2249.5901
2022-12-20,115.5700,2252.9600
2022-12-21,114.2500,2270.9800
2022-12-22,114.4200,2254.4199
2022-12-23,114.5700,2262.9800
2022-12-27,113.4400,2261.7200
2022-12-28,112.0300,2246.3701
2022-12-29,113.2700,2269.0701
2022-12-30,113.5700,2267.9800
2023-01-03,112.7400,2266.1499
2023-01-04,112.1400,2277.3301
2023-01-05,112.6700,2264.4199
2023-01-06,113.8600,2292.1799
2023-01-09,114.4200,2293.9099
2023-01-10,114.6500,2301.1699
2023-01-11,115.1000,2306.7400
2023-01-12,117.3900,2313.4600
2023-01-13,121.7000,2314.9500
2023-01-17,120.0100,2316.6899
2023-01-18,119.9100,2316.6299
2023-01-19,121.2300,2317.3301
2023-01-20,120.1900,2325.7900
2023-01-23,120.9100,2336.3101
2023-01-24,121.3400,2336.8601
2023-01-25,121.0400,2338.5200
2023-01-26,121.4900,2345.1699
2023-01-27,121.9700,2347.7700
2023-01-30,120.6900,2341.0601
2023-01-31,123.2900,2349.5901
2023-02-01,122.1900,2355.3899
2023-02-02,123.8800,2358.3601
2023-02-03,123.0800,2358.0300
2023-02-06,123.0100,2358.4500
2023-02-07,123.3600,2361.5701
2023-02-08,121.5200,2360.6299
2023-02-09,120.5800,2358.4299
2023-02-10,120.8800,2360.9700
2023-02-13,122.4800,2364.1799
2023-02-14,,2365.3000
2023-02-15,121.3600,2365.7800
2023-02-16,123.0900,2365.8301
2023-02-17,122.8900,2373.5801
2023-02-21,124.0900,2351.0200
2023-02-22,122.8100,2351.7500
2023-02-23,121.8500,2361.2400
2023-02-24,121.2200,2346.7400
2023-02-27,120.5400,2355.1001
2023-02-28,120.0100,2350.8201
2023-03-01,118.8900,2345.1001
2023-03-02,,2358.8000
2023-03-03,118.1400,2383.8701
2023-03-06,120.1900,2387.2400
2023-03-07,120.5600,2365.9700
2023-03-08,,2370.4099
2023-03-09,122.2200,2333.8799
2023-03-10,130.2700,2303.2900
2023-03-13,132.1400,2301.1699
2023-03-14,132.7200,2339.1101
2023-03-15,136.6200,2326.4099
2023-03-16,134.5300,2364.8000
2023-03-17,131.3400,2363.4399
2023-03-20,129.9100,2378.0300
2023-03-21,127.4600,2394.2200
2023-03-22,123.1600,2379.9399
2023-03-23,,2381.1899
2023-03-24,126.8800,2390.9099
2023-03-27,126.0000,2398.0300
2023-03-28,122.9000,2399.3999
2023-03-29,123.7600,2410.9299
2023-03-30,126.3100,2414.9800
2023-03-31,125.8500,2421.1799
2023-04-03,126.2100,2425.7400
2023-04-04,127.0300,2425.3201
2023-04-05,126.9800,2425.9800
2023-04-06,124.4200,2428.3201
2023-04-10,126.9600,2430.9600
2023-04-11,127.4200,2431.5901
2023-04-12,130.0000,2432.1599
2023-04-13,132.3600,2433.8401
2023-04-14,134.6500,2434.5400
2023-04-17,135.0400,2435.7100
2023-04-18,137.1200,2436.0601
2023-04-19,,2436.4600
2023-04-20,133.4900,2436.8799
2023-04-21,132.9400,2439.6001
2023-04-24,132.4000,2443.4299
2023-04-25,130.2900,2422.3201
2023-04-26,130.5000,2419.2600
2023-04-27,136.6000,2445.4800
2023-04-28,138.4400,2455.2000
2023-05-01,135.6600,2457.3101
2023-05-02,131.0900,2445.0000
2023-05-03,130.4100,2437.8501
2023-05-04,130.5400,2427.8601
2023-05-05,134.3200,2455.7000
2023-05-08,132.3200,2460.8601
2023-05-09,133.8800,2457.0500
2023-05-10,138.6300,2464.6101
2023-05-11,,2465.2300
2023-05-12,140.2600,2466.0300
2023-05-15,138.5700,2473.5400
2023-05-16,137.3200,2467.7400
2023-05-17,137.5300,2478.8301
2023-05-18,138.0600,2480.4199
2023-05-19,135.5200,2482.3501
2023-05-22,136.2400,2484.5801
2023-05-23,136.4200,2469.3601
2023-05-24,138.3700,2457.3000
2023-05-25,140.7300,2471.6799
2023-05-26,,2489.9099
2023-05-30,145.1400,2494.8501
2023-05-31,158.3000,2490.6699
2023-06-01,151.9800,2504.4800
2023-06-02,142.6100,2516.3701
2023-06-05,143.1800,2517.9099
2023-06-06,146.2700,2520.3701
2023-06-07,151.0100,2520.5000
2023-06-08,155.5300,2523.2400
2023-06-09,152.7800,2524.7100
2023-06-12,157.7100,2526.8701
2023-06-13,156.4400,2527.9700
2023-06-14,150.3700,2528.7700
2023-06-15,147.8600,2529.2700
2023-06-16,143.0700,2527.3201
2023-06-20,138.7500,2523.8201
2023-06-21,133.7200,2518.9600
2023-06-22,136.1500,2525.6399
2023-06-23,137.8500,2514.8101
2023-06-26,140.0900,2508.6799
2023-06-27,,2528.8701
2023-06-28,138.3700,2530.2900
2023-06-29,143.0500,2536.6201
2023-06-30,149.9600,2552.2800
2023-07-03,,2553.8501
2023-07-05,144.0800,2553.2800
2023-07-06,148.4500,2544.2300
2023-07-07,148.1300,2543.9299
2023-07-10,142.4900,2548.7000
2023-07-11,,2557.4700
2023-07-12,148.3200,2565.9600
2023-07-13,147.0800,2570.1599
2023-07-14,149.4800,2571.3501
2023-07-17,142.2400,2573.6201
2023-07-18,141.8600,2574.3101
2023-07-19,141.2500,2574.8201
2023-07-20,142.8200,2575.2500
2023-07-21,142.5500,2572.3601
2023-07-24,143.7500,2579.0601
2023-07-25,142.1800,2581.5901
2023-07-26,143.5800,2584.7000
2023-07-27,147.9300,2576.8701
2023-07-28,143.4800,2588.5500
2023-07-31,145.4700,2592.8701
2023-08-01,142.5700,2590.6299
2023-08-02,145.7500,2573.6599
2023-08-03,147.3800,2569.0801
2023-08-04,153.3500,2563.7900
2023-08-07,148.5400,2582.1499
2023-08-08,142.3000,2575.8201
2023-08-09,137.1200,2563.8799
2023-08-10,136.5800,2565.3799
2023-08-11,135.1600,2565.0400
2023-08-14,136.9000,2579.9099
2023-08-15,136.6900,2553.1001
2023-08-16,132.0900,2533.9199
2023-08-17,132.5100,2514.5000
2023-08-18,134.7700,2496.0200
2023-08-21,133.5900,2505.1399
2023-08-22,134.0600,2504.7200
2023-08-23,131.8200,2515.2200
2023-08-24,132.4800,2504.9199
2023-08-25,132.2700,2514.0100
2023-08-28,130.1900,2521.6399
2023-08-29,135.2300,2528.8501
2023-08-30,142.1400,2531.1499
2023-08-31,144.7000,2532.0500
2023-09-01,144.2800,2533.3301
2023-09-05,139.6200,2534.7100
2023-09-06,137.8800,2534.3000
2023-09-07,135.5900,2534.6699
2023-09-08,138.1800,2536.4500
2023-09-11,138.2100,2538.8401
2023-09-12,136.2500,2539.0000
2023-09-13,137.4200,2539.9800
2023-09-14,144.3200,2540.4199
2023-09-15,142.9200,2536.3201
2023-09-18,137.6500,2538.5901
2023-09-19,137.3100,2536.8000
2023-09-20,135.7400,2523.8000
2023-09-21,135.9400,2493.8000
2023-09-22,137.7400,2489.6299
2023-09-25,133.0600,2500.5601
2023-09-26,136.3000,2469.6299
2023-09-27,135.3800,2469.7500
2023-09-28,133.4800,2483.2000
2023-09-29,134.5000,2479.1799
2023-10-02,,2480.3501
2023-10-03,129.7800,2449.1001
2023-10-04,130.6800,2465.5300
2023-10-05,129.7500,2464.3501
2023-10-06,129.3600,2491.6101
2023-10-09,133.6400,2508.0701
2023-10-10,135.1700,2520.6499
2023-10-11,137.6100,2531.4600
2023-10-12,136.1300,2518.0500
2023-10-13,144.3000,2506.2100
2023-10-16,137.9500,2532.2600
2023-10-17,138.7200,2532.8201
2023-10-18,137.1000,2499.5701
2023-10-19,137.7300,2477.1599
2023-10-20,136.7400,2473.8601
2023-10-23,133.9200,2476.2600
2023-10-24,132.4400,2487.3501
2023-10-25,132.2900,2470.3401
2023-10-26,133.3800,2452.7300
2023-10-27,132.7400,2446.0100
2023-10-30,130.1300,2469.7200
2023-10-31,128.2100,2482.4600
2023-11-01,129.8200,2499.3501
2023-11-02,133.8000,2517.4700
2023-11-03,,2523.3201
2023-11-06,137.8900,2526.5701
2023-11-07,139.5200,2528.0500
2023-11-08,139.4100,2529.3201
2023-11-09,139.2800,2528.3201
2023-11-10,,2531.3301
2023-11-13,135.2700,2532.7500
2023-11-14,138.3800,2533.3101
2023-11-15,142.9800,2533.8301
2023-11-16,154.4500,2534.3301
2023-11-17,146.8800,2536.4900
2023-11-20,,2546.0701
2023-11-21,140.8000,2545.1899
2023-11-22,141.5500,2549.5300
2023-11-24,,2552.2600
2023-11-27,142.2000,2553.4399
2023-11-28,142.6800,2554.7300
2023-11-29,139.8200,2553.5701
2023-11-30,144.5400,2557.1399
2023-12-01,144.5400,2561.2600
2023-12-04,144.5400,2560.8501
2023-12-05,144.5400,2561.9700
2023-12-06,144.5400,2560.4099
2023-12-07,130.8400,2564.8101
2023-12-08,134.1000,2568.1899
2023-12-11,140.9000,2570.6299
2023-12-12,148.8300,2571.5500
2023-12-13,152.0200,2572.0200
2023-12-14,162.5100,2572.4800
2023-12-15,153.2600,2571.1399
2023-12-18,139.3600,2577.8201
2023-12-19,133.1800,2583.0500
2023-12-20,136.8600,2567.9299
2023-12-21,138.1800,2578.5500
2023-12-22,134.4600,2582.0901
2023-12-26,,2589.0400
2023-12-27,135.6400,2592.5000
2023-12-28,136.9000,2592.9399
2023-12-29,138.0500,2592.7600
2024-01-02,134.8000,2590.8101
2024-01-03,134.2300,2582.0801
2024-01-04,136.6000,2578.7000
2024-01-05,132.6800,2582.6599
2024-01-08,137.0500,2600.0801
2024-01-09,140.9500,2600.6799
2024-01-10,137.4000,2604.6899
2024-01-11,140.3600,2606.0200
2024-01-12,143.8100,2607.5100
2024-01-16,139.9400,2609.3701
2024-01-17,147.7600,2608.2000
2024-01-18,148.1500,2612.1399
2024-01-19,,2620.8601
2024-01-22,146.0100,2625.3999
2024-01-23,148.1200,2629.3000
2024-01-24,150.2500,2629.6599
2024-01-25,153.0500,2632.7600
2024-01-26,151.3600,2633.5300
2024-01-29,149.0300,2638.2900
2024-01-30,148.7300,2639.1499
2024-01-31,150.2100,2629.7200
2024-02-01,160.0800,2638.8799
2024-02-02,160.0200,2642.7200
2024-02-05,155.4900,2644.4099
2024-02-06,152.8200,2646.1599
2024-02-07,151.4100,2647.3799
2024-02-08,150.3600,2648.0100
2024-02-09,156.6200,2648.4299
2024-02-12,152.8000,2649.7300
2024-02-13,170.5200,2649.7000
2024-02-14,160.4000,2650.7300
2024-02-15,148.9000,2651.2200
2024-02-16,142.6200,2645.3101
2024-02-20,141.4500,2640.2600
2024-02-21,142.7200,2642.7400
2024-02-22,145.9100,2664.9299
2024-02-23,144.0000,2667.9199
2024-02-26,143.6000,2667.8899
2024-02-27,147.2900,2670.6699
2024-02-28,149.0900,2670.2500
2024-02-29,149.8300,2673.1699
2024-03-01,150.4200,2678.3601
2024-03-04,145.9400,2679.7200
2024-03-05,144.9000,2674.7300
2024-03-06,143.6400,2678.3899
2024-03-07,142.9400,2682.5601
2024-03-08,141.1800,2682.1499
2024-03-11,142.2700,2683.8401
2024-03-12,142.2300,2686.9399
2024-03-13,144.1700,2687.5500
2024-03-14,143.9500,2687.8401
2024-03-15,138.9100,2688.1299
2024-03-18,139.9700,2697.3401
2024-03-19,141.6100,2704.4700
2024-03-20,141.1900,2713.1699
2024-03-21,154.0000,2716.0500
2024-03-22,155.8400,2716.0000
2024-03-25,151.6000,2716.9800
2024-03-26,157.6000,2716.4700
2024-03-27,157.1100,2722.6101
2024-03-28,155.4400,2722.6399
2024-04-01,146.3300,2724.2600
2024-04-02,142.1400,2720.7400
2024-04-03,138.5200,2722.4700
2024-04-04,142.4900,2709.0901
2024-04-05,142.6400,2720.2000
2024-04-08,140.6300,2725.3000
2024-04-09,139.2800,2727.4099
2024-04-10,139.9400,2719.9900
2024-04-11,136.1600,2728.6899
2024-04-12,142.3100,2714.5901
2024-04-15,137.7200,2696.5400
2024-04-16,135.6000,2695.1001
2024-04-17,134.3800,2681.8999
2024-04-18,131.8000,2675.8201
2024-04-19,133.4000,2670.2100
2024-04-22,131.6800,2688.6001
2024-04-23,135.6100,2702.2800
2024-04-24,135.0600,2703.4700
2024-04-25,,2699.8000
2024-04-26,140.8600,2710.1799
2024-04-29,138.3000,2715.1399
2024-04-30,132.4000,2701.7900
2024-05-01,133.3500,2700.7700
2024-05-02,132.1200,2711.5300
2024-05-03,135.1800,2722.3401
2024-05-06,130.0800,2726.9600
2024-05-07,133.6400,2727.9900
2024-05-08,133.2400,2729.0000
2024-05-09,136.4600,2730.0300
2024-05-10,137.3000,2730.6899
2024-05-13,139.6500,2732.0500
2024-05-14,140.1800,2732.4199
2024-05-15,140.6400,2732.9600
2024-05-16,147.8500,2733.3899
2024-05-17,143.0500,2736.6001
2024-05-20,144.5400,2739.9399
2024-05-21,149.5200,2744.1201
2024-05-22,150.1400,2740.9900
2024-05-23,153.3300,2732.0100
2024-05-24,155.8600,2743.1101
2024-05-28,152.2300,2745.7600
2024-05-29,151.8000,2735.8101
2024-05-30,,2726.2600
2024-05-31,148.1000,2741.1299
2024-06-03,139.0100,2743.3999
2024-06-04,138.1800,2745.1001
2024-06-05,141.4000,2758.5100
2024-06-06,140.1800,2760.3301
2024-06-07,139.6100,2761.2600
2024-06-10,141.5600,2765.4399
2024-06-11,144.7000,2767.7900
2024-06-12,,2773.4700
2024-06-13,,2774.7000
2024-06-14,156.1800,2775.1499
2024-06-17,153.8400,2776.9500
2024-06-18,142.9000,2777.6201
2024-06-20,148.6000,2778.4900
2024-06-21,151.7900,2776.7600
2024-06-24,147.1300,2775.7300
2024-06-25,146.6400,2781.6299
2024-06-26,143.4900,2784.9500
2024-06-27,143.0600,2788.0901
2024-06-28,141.7900,2784.2000
2024-07-01,145.8200,2790.7700
2024-07-02,147.1600,2798.0300
2024-07-03,148.8300,2801.7900
2024-07-05,150.2000,2806.2800
2024-07-08,148.5300,2808.8301
2024-07-09,151.0900,2810.1201
2024-07-10,156.9600,2811.7400
2024-07-11,152.2300,2811.9700
2024-07-12,150.8600,2813.7500
2024-07-15,147.4000,2815.2200
2024-07-16,151.5300,2815.8401
2024-07-17,146.3900,2816.1699
2024-07-18,151.1200,2816.4199
2024-07-19,146.9900,2815.4700
2024-07-22,141.3800,2831.9099
2024-07-23,137.0000,2831.4199
2024-07-24,136.8400,2794.6201
2024-07-25,134.1700,2784.6799
2024-07-26,131.7300,2807.6101
2024-07-29,128.9300,2811.2500
2024-07-30,127.3100,2801.6001
2024-07-31,136.6900,2828.4700
2024-08-01,,2805.9700
2024-08-02,139.6500,2764.8601
2024-08-05,145.3000,2691.4700
2024-08-06,,2716.7300
2024-08-07,,2698.5400
2024-08-08,,2758.8999
2024-08-09,144.5200,2771.7500
2024-08-12,140.8200,2774.8601
2024-08-13,143.8700,2818.3899
2024-08-14,141.8200,2828.9600
2024-08-15,143.5600,2865.5901
2024-08-16,142.5500,2869.5901
2024-08-19,141.5000,2881.6299
2024-08-20,146.2600,2878.5300
2024-08-21,149.6700,2881.5601
2024-08-22,154.1600,2873.7600
2024-08-23,153.9500,2885.7900
2024-08-26,151.5000,2887.1101
2024-08-27,151.8300,2889.7400
2024-08-28,151.6800,2883.5801
2024-08-29,153.0100,2887.1399
2024-08-30,159.0000,2895.9900
2024-09-03,163.6000,2875.0100
2024-09-04,160.9000,2872.1201
2024-09-05,156.7100,2871.1101
2024-09-06,148.9800,2840.8101
2024-09-09,140.3300,2867.2000
2024-09-10,139.7500,2876.2700
2024-09-11,139.7300,2891.8899
2024-09-12,145.8800,2903.8401
2024-09-13,149.9900,2909.0300
2024-09-16,152.1700,2911.9399
2024-09-17,157.5400,2912.6899
2024-09-18,167.4200,2915.1899
2024-09-19,171.7200,2918.1399
2024-09-20,165.7500,2920.3401
2024-09-23,165.6000,2927.3601
2024-09-24,,2932.0300
2024-09-25,160.4800,2930.7100
2024-09-26,158.6700,2935.0601
2024-09-27,160.9900,2932.2000
2024-09-30,154.3000,2939.4299
2024-10-01,,2927.4399
2024-10-02,161.5000,2929.7400
2024-10-03,162.7800,2927.4700
2024-10-04,156.4300,2941.7700
2024-10-07,155.5700,2932.3601
2024-10-08,156.2800,2945.1399
2024-10-09,156.9300,2952.1899
2024-10-10,154.0900,2954.2000
2024-10-11,159.4300,2958.4500
2024-10-14,153.0800,2962.2000
2024-10-15,159.6900,2962.7700
2024-10-16,161.8500,2963.8301
2024-10-17,165.8200,2964.4199
2024-10-18,155.5500,2966.2700
2024-10-21,150.9700,2966.3601
2024-10-22,146.8000,2966.4299
2024-10-23,146.9700,2952.2300
2024-10-24,144.7100,2957.0901
2024-10-25,148.9100,2955.8401
2024-10-28,148.4600,2963.0100
2024-10-29,150.7400,2966.3000
2024-10-30,153.4500,2962.3401
2024-10-31,152.0700,2925.4399
2024-11-01,146.6600,2935.6699
2024-11-04,148.9500,2933.8000
2024-11-05,152.6800,2959.7200
2024-11-06,148.1100,3003.8301
2024-11-07,152.1200,3010.9099
2024-11-08,150.3400,3013.3301
2024-11-11,140.3200,3015.6001
2024-11-12,141.5000,3016.3799
2024-11-13,142.9200,3017.2700
2024-11-14,147.9800,3017.7700
2024-11-15,149.5500,3018.7500
2024-11-18,147.3300,3027.2700
2024-11-19,149.4600,3030.0300
2024-11-20,153.0000,3028.9700
2024-11-21,155.7200,3035.9900
2024-11-22,161.6400,3042.7300
2024-11-25,167.2800,3049.4700
2024-11-26,166.2300,3054.3000
2024-11-27,167.9400,3053.7600
2024-11-29,167.9400,3058.3899
2024-12-02,170.6500,3061.4600
2024-12-03,170.2300,3062.8601
2024-12-04,172.4500,3065.0901
2024-12-05,173.9300,3065.8401
2024-12-06,168.0500,3067.7400
2024-12-09,163.1400,3068.2200
2024-12-10,165.1200,3068.3101
2024-12-11,169.0600,3070.7800
2024-12-12,167.4300,3071.0500
2024-12-13,169.9100,3072.0300
2024-12-16,166.7900,3073.3401
2024-12-17,173.0400,3073.5901
2024-12-18,168.9200,3049.0300
2024-12-19,163.1000,3062.4700
2024-12-20,161.2100,3052.0801
2024-12-23,170.6500,3063.1499
2024-12-24,180.0900,3076.4399
2024-12-26,173.7200,3077.8601
2024-12-27,167.9200,3069.5000
2024-12-30,161.0800,3058.5701
2024-12-31,169.1600,3055.3999
2025-01-02,157.2000,3051.5500
2025-01-03,157.3200,3073.2100
2025-01-06,152.6400,3081.7000
2025-01-07,155.1000,3068.8799
2025-01-08,154.3400,3072.4900
2025-01-10,151.4500,3047.9800
2025-01-13,170.5500,3054.4800
2025-01-14,167.6400,3059.0100
2025-01-15,163.5400,3094.3999
2025-01-16,167.4100,3097.5801
2025-01-17,165.3500,3096.9399
2025-01-21,173.0000,3112.9800
2025-01-22,179.9800,3119.3799
2025-01-23,179.3200,3124.3999
2025-01-24,173.1600,3123.2600
2025-01-27,168.5500,3105.5400
2025-01-28,163.6400,3118.4199
2025-01-29,157.4300,3114.0701
2025-01-30,156.7000,3122.8000
2025-01-31,158.4700,3116.4299
2025-02-03,155.4500,3106.9099
2025-02-04,159.4400,3120.8201
2025-02-05,162.6400,3128.4800
2025-02-06,163.5700,3133.7900
2025-02-07,166.5300,3125.7600
2025-02-10,166.9500,3137.6299
2025-02-11,168.8100,3139.6699
2025-02-12,166.1000,3138.8501
2025-02-13,163.3600,3147.2300
2025-02-14,167.9700,3149.3501
2025-02-18,183.1200,3152.7800
2025-02-19,175.7600,3153.5500
2025-02-20,178.5700,3154.1399
2025-02-21,165.0000,3134.4800
2025-02-24,156.9300,3126.6799
2025-02-25,157.6000,3116.4099
2025-02-26,153.4400,3117.4199
2025-02-27,149.3200,3079.3701
2025-02-28,157.9400,3117.2400
2025-03-03,154.2600,3075.2900
2025-03-04,151.3800,3041.8799
2025-03-05,138.8800,3072.8201
2025-03-06,137.6500,3021.4700
2025-03-07,139.9400,3037.9700
2025-03-10,146.0400,2959.6001
2025-03-11,132.7900,2935.7300
2025-03-12,128.6900,2949.7300
2025-03-13,128.8600,2910.5500
2025-03-14,130.3000,2969.0901
2025-03-17,133.9000,2992.5601
2025-03-18,136.7500,2960.5000
2025-03-19,136.4500,2992.1299
2025-03-20,140.7900,2985.1299
2025-03-21,141.7300,2974.2800
2025-03-24,144.0100,2996.6599
2025-03-25,148.6800,3000.7300
2025-03-26,144.7500,2989.7700
2025-03-27,140.8500,2987.4299
2025-03-28,139.0400,2957.3301
2025-03-31,148.5800,2969.2600
2025-04-01,143.0100,2975.2800
2025-04-02,144.2700,2984.6699
2025-04-03,139.2000,2889.7300
2025-04-04,136.5400,2725.7800
2025-04-07,133.8200,2720.0400
2025-04-08,135.6800,2679.1101
2025-04-09,142.2300,2914.9800
2025-04-10,127.5400,2826.7900
2025-04-11,128.6400,2875.8301
2025-04-14,135.7100,2906.4099
2025-04-15,135.7600,2902.3101
2025-04-16,131.3200,2836.3201
2025-04-17,130.0200,2851.1201
2025-04-21,125.7700,2815.3000
2025-04-22,125.9300,2857.3201
2025-04-23,126.6700,2880.0000
2025-04-24,129.0200,2900.2000
2025-04-25,132.3700,2909.3999
2025-04-28,131.2800,2913.5701
2025-04-29,134.2900,2918.8301
2025-04-30,132.7300,2920.9600
2025-05-01,134.0700,2924.1499
2025-05-02,134.7800,2930.0801
2025-05-05,134.1200,2932.3999
2025-05-06,133.2400,2931.4399
2025-05-07,132.2100,2933.8201
2025-05-08,131.5200,2936.0400
2025-05-09,128.4000,2937.2900
2025-05-12,137.6700,2939.3201
2025-05-13,140.5200,2939.5901
2025-05-14,138.9400,2940.0500
2025-05-15,140.8500,2940.4399
2025-05-16,136.0100,2946.1399
2025-05-19,135.9400,2947.9199
2025-05-20,137.2700,2945.6399
2025-05-21,137.2800,2919.6399
2025-05-22,139.0400,2921.6499
2025-05-23,139.3400,2907.8999
2025-05-27,140.8900,2949.5500
2025-05-28,137.6500,2942.5000
2025-05-29,137.2600,2949.1499
2025-05-30,138.2500,2948.9700
2025-06-02,141.0400,2959.9099
2025-06-03,141.6000,2969.1399
2025-06-04,137.4600,2970.4900
2025-06-05,140.0900,2965.3401
2025-06-06,138.8500,2980.0601
2025-06-09,139.1800,2983.7600
2025-06-10,141.2200,2988.6899
2025-06-11,141.3900,2987.3701
2025-06-12,145.6000,2990.2100
2025-06-13,149.6500,2981.4700
2025-06-16,156.6000,2994.5601
2025-06-17,154.3600,2988.6799
2025-06-18,148.4100,2995.7800
2025-06-20,149.1900,2996.7700
2025-06-23,154.7800,3013.4399
2025-06-24,154.9700,3027.4099
2025-06-25,152.2400,3030.2400
2025-06-26,147.4600,3036.4199
2025-06-27,143.4400,3039.8101
2025-06-30,139.6500,3043.4399
2025-07-01,140.0700,3044.3101
2025-07-02,139.2800,3046.4199
2025-07-03,141.3600,3048.4500
2025-07-07,137.9600,3049.9800
2025-07-08,140.8000,3051.8301
2025-07-09,141.7500,3053.4800
2025-07-10,143.3200,3054.1599
2025-07-11,144.9600,3054.6299
2025-07-14,147.0000,3056.1201
2025-07-15,143.7200,3056.4800
2025-07-16,146.7100,3057.0400
2025-07-17,151.1200,3057.4700
2025-07-18,150.4500,3057.0000
2025-07-21,154.8300,3062.0801
2025-07-22,153.4400,3063.6599
2025-07-23,159.2900,3075.4700
2025-07-24,159.4100,3077.6599
2025-07-25,145.5700,3082.3501
2025-07-28,147.6500,3085.2200
2025-07-29,149.1200,3082.7500
2025-07-30,154.0800,3083.1699
2025-07-31,152.2900,3079.9500
2025-08-01,155.4900,3053.6499
2025-08-04,159.3100,3082.8701
2025-08-05,149.9100,3078.3000
2025-08-06,149.7100,3089.8301
2025-08-07,147.0300,3090.6201
2025-08-08,147.5300,3099.0400
2025-08-11,148.5500,3099.7100
2025-08-12,151.4500,3104.9600
2025-08-13,153.1300,3105.8899
2025-08-14,150.6200,3106.4199
2025-08-15,153.7900,3106.8501
2025-08-18,153.9500,3109.8899
2025-08-19,153.1700,3102.4600
2025-08-20,144.5600,3098.1899
2025-08-21,144.3200,3090.1001
2025-08-22,146.3900,3118.1799
2025-08-25,149.9900,3115.3201
2025-08-26,156.5300,3121.6201
2025-08-27,150.8800,3124.2100
2025-08-28,152.5000,3130.8000
2025-08-29,152.1000,3123.1399
2025-09-02,151.4800,3113.5901
2025-09-03,150.2200,3124.0801
2025-09-04,153.9600,3136.2500
2025-09-05,148.1600,3136.1001
2025-09-08,148.8200,3141.5300
2025-09-09,150.9300,3144.6799
2025-09-10,151.9200,3147.5000
2025-09-11,147.6300,3153.6399
2025-09-12,149.4900,3154.5000
2025-09-15,152.1100,3157.0801
2025-09-16,148.2100,3157.4199
2025-09-17,146.3700,3159.1699
2025-09-18,148.1900,3160.2700
2025-09-19,146.9700,3166.3201
2025-09-22,145.4600,3172.5500
2025-09-23,146.5300,3166.6499
2025-09-24,145.8700,3164.8701
2025-09-25,145.8900,3159.4800
2025-09-26,141.5100,3171.4099
2025-09-29,143.0300,3177.8101
2025-09-30,143.4400,3182.2400
2025-10-01,143.6800,3187.1799
2025-10-02,145.9300,3188.5901
2025-10-03,144.6500,3190.4800
2025-10-06,142.5000,3196.9800
2025-10-07,145.2200,3194.2600
2025-10-08,145.7600,3201.1299
2025-10-09,145.3400,3200.4600
2025-10-10,138.8600,3155.3401
2025-10-13,142.8100,3194.0500
2025-10-14,146.4800,3193.1101
2025-10-15,144.9800,3201.7800
2025-10-16,147.1400,3197.9199
2025-10-17,147.6300,3209.3999
2025-10-20,151.3100,3229.8899
2025-10-21,149.9500,3232.0500
2025-10-22,152.8500,3226.6299
2025-10-23,154.3400,3235.7900
2025-10-24,153.4900,3244.0000
2025-10-27,148.5000,3253.3899
2025-10-28,140.3700,3254.1399
2025-10-29,139.4500,3253.8501
2025-10-30,141.1500,3249.7200
2025-10-31,142.7800,3252.4700
2025-11-03,141.9900,3257.5100
2025-11-04,144.0100,3249.3201
2025-11-05,143.6400,3255.2200
2025-11-06,143.5400,3245.5901
2025-11-07,141.2700,3249.2100
2025-11-10,142.9400,3264.7500
2025-11-11,143.4500,3267.8000
2025-11-12,138.5700,3268.7200
2025-11-13,142.4900,3258.3501
2025-11-14,137.9300,3261.3000
2025-11-17,140.9000,3255.1699
2025-11-18,142.9800,3247.0100
2025-11-19,143.0500,3257.5901
2025-11-20,144.9600,3236.9399
2025-11-21,148.3400,3252.2100
2025-11-24,148.6000,3276.5200
2025-11-25,151.6800,3288.1001
2025-11-26,145.0400,3294.5701
2025-11-28,143.0000,3299.8799
2025-12-01,144.8600,3299.8701
2025-12-02,144.9400,3302.9500
2025-12-03,149.2300,3305.7100
2025-12-04,148.9100,3307.3601
2025-12-05,148.8300,3309.1001
2025-12-08,150.6300,3310.0500
2025-12-09,150.3200,3310.9099
2025-12-10,147.5500,3312.8799
2025-12-11,148.3200,3314.3301
2025-12-12,153.5900,3314.1799
2025-12-15,161.8600,3315.9399
2025-12-16,156.9900,3316.5000
2025-12-17,153.4900,3316.1001
2025-12-18,155.3800,3317.5801
2025-12-19,155.8700,3320.1599
2025-12-22,159.9300,3332.3101
2025-12-23,160.5300,3337.7000
2025-12-24,160.5300,3341.7600
2025-12-26,151.4500,3344.0300
2025-12-29,150.4700,3344.0000
2025-12-30,148.3300,3343.9099
2025-12-31,148.7000,3336.1399
2026-01-02,141.8600,3341.3201
2026-01-05,142.4500,3350.9299
2026-01-06,146.2300,3355.8501
2026-01-07,143.5700,3354.8201
2026-01-08,147.0800,3355.7700
2026-01-09,146.0400,3361.1899
2026-01-12,149.7500,3363.3501
2026-01-13,151.6000,3363.8401
2026-01-14,152.5200,3364.5300
2026-01-15,151.5700,3365.6899
2026-01-16,153.5900,3363.6499
2026-01-20,154.9600,3323.1201
2026-01-21,144.4100,3352.0000
2026-01-22,141.3100,3364.6499
2026-01-23,144.0200,3366.0701
2026-01-26,148.1000,3376.4199
2026-01-27,147.2500,3382.5801
2026-01-28,144.9800,3382.1799
2026-01-29,143.7400,3380.1201
2026-01-30,143.6500,3376.1101
2026-02-02,146.5600,3389.2300
2026-02-03,143.8500,3374.8899
2026-02-04,143.1600,3364.1399
2026-02-05,137.1600,3334.7000
2026-02-06,140.3100,3383.3000
2026-02-09,145.2300,3395.2300
2026-02-10,145.7100,3393.2500
2026-02-11,143.7800,3395.4600
2026-02-12,142.5000,3361.1599
2026-02-13,139.3500,3366.1799
2026-02-17,140.2800,3375.4399
2026-02-18,139.1700,3392.1899
2026-02-19,141.1900,3386.7000
2026-02-20,145.5200,3376.2400
2026-02-23,141.4300,3359.3101
2026-02-24,141.9400,3376.6001
2026-02-25,146.0500,3393.0100
2026-02-26,146.5700,3386.9099
2026-02-27,146.6700,3378.4299
2026-03-02,151.7800,3379.2000
2026-03-03,152.8300,3361.7000
2026-03-04,152.8700,3380.3899
2026-03-05,153.9500,3369.4500
2026-03-06,151.8000,3333.9399
2026-03-09,157.9800,3363.9800
2026-03-10,154.4600,3360.4900
2026-03-11,152.4400,3363.1001
2026-03-12,139.9400,3318.9299
2026-03-13,137.7600,3303.1001
2026-03-16,141.4900,3337.4800
2026-03-17,145.0400,3348.4600
2026-03-18,136.5400,3301.1699
2026-03-19,138.2600,3292.2800
2026-03-20,139.1200,3271.0400
2026-03-23,142.0200,3294.2800
2026-03-24,142.6300,3289.9800
2026-03-25,140.8800,3301.8799
2026-03-26,143.9900,3271.2000
2026-03-27,139.0000,3235.3101
2026-03-30,142.2300,3236.7400
2026-03-31,145.4500,3299.9500
2026-04-01,143.7700,3314.6299
2026-04-02,146.9500,3319.6499
2026-04-06,147.6000,3331.3799
2026-04-07,148.4500,3327.5801
2026-04-08,150.3600,3358.2400
2026-04-09,143.2700,3363.6299
2026-04-10,144.1800,3364.7400
2026-04-13,156.9300,3367.5100
2026-04-14,149.9400,3368.4700
2026-04-15,139.2300,3369.0801
2026-04-16,140.7400,3369.5801
2026-04-17,141.8200,3366.4700
2026-04-20,141.9000,3364.3000
2026-04-21,140.9100,3351.6101
2026-04-22,140.8400,3371.8401
2026-04-23,139.5900,3366.5801
2026-04-24,139.0800,3378.1599
2026-04-27,139.6400,3385.3201
2026-04-28,138.1600,3381.6299
2026-04-29,141.8800,3381.7500
2026-04-30,143.3300,3398.7100
2026-05-01,141.3800,3403.1499
2026-05-04,141.7400,3401.7500
2026-05-05,138.7400,3411.7100
2026-05-06,135.4200,3418.4800
2026-05-07,136.1100,3419.5200
2026-05-08,138.2100,3422.2200
2026-05-11,140.2100,3423.7600
2026-05-12,139.4100,3424.6201
2026-05-13,141.5100,3425.3301
2026-05-14,139.3200,3425.8899
2026-05-15,145.7700,3425.0901
2026-05-18,138.4000,3429.1599
2026-05-19,135.5000,3419.2100
2026-05-20,132.3100,3436.6699
2026-05-21,136.9600,3443.5000
2026-05-22,137.3900,3448.9399
2026-05-26,139.0400,3461.2100
2026-05-27,138.5700,3464.5300
2026-05-28,139.5200,3472.5801
2026-05-29,144.1800,3475.0300
2026-06-01,142.4600,3478.8401
2026-06-02,143.2400,3481.3799
2026-06-03,136.8600,3478.2000
2026-06-04,142.1500,3483.6399
2026-06-05,152.2500,3446.1499
2026-06-08,145.0000,3456.8201
2026-06-09,141.9700,3449.8899
2026-06-10,143.0800,3411.4500
2026-06-11,142.9800,3454.5200
2026-06-12,142.6000,3472.2900
2026-06-15,144.3200,3494.4600
2026-06-16,142.6600,3494.0801
2026-06-17,142.6200,3486.7700
2026-06-18,146.7200,3500.5200
2026-06-22,141.8500,3499.6201
2026-06-23,143.1400,3470.3799
2026-06-24,145.3000,3470.2400
2026-06-25,139.8900,3472.8701
2026-06-26,139.4000,3502.7300
2026-06-29,144.4600,3501.9500
2026-06-30,149.6000,3517.1201
2026-07-01,154.8200,3520.0200
2026-07-02,150.0200,3519.3601
2026-07-06,145.3800,3539.2900
2026-07-07,145.7400,3532.9700
2026-07-08,149.7900,3528.3401
2026-07-09,144.6700,3543.9900
2026-07-10,144.2700,3550.6699
2026-07-13,145.6900,3543.8601
2026-07-14,145.1300,3552.6899
2026-07-15,148.5100,3557.5601
2026-07-16,145.7200,3557.7100
2026-07-17,147.2800,3525.1201
2026-07-20,146.0500,3527.3601
2026-07-21,151.6600,3543.8401
2026-07-22,150.1900,3543.4800
2026-07-23,145.9500,3521.1899
2026-07-24,147.2800,3525.5300
2026-07-27,146.6000,3529.2100
2026-07-28,142.9800,3535.0901
2026-07-29,139.5500,3499.5701
2026-07-30,139.9000,3544.9399
2026-07-31,141.2300,3557.5901
2026-08-03,139.9600,3578.0701
2026-08-04,126.4100,3586.8401
2026-08-05,133.3200,3588.3799
2026-08-06,134.7300,3589.5200
2026-08-07,132.5700,3592.9399
2026-08-10,137.1300,3594.6699
2026-08-11,135.5900,3595.0400
2026-08-12,136.5400,3596.9600
2026-08-13,134.3700,3598.1599
2026-08-14,138.3600,3598.9500
2026-08-17,142.9100,3600.1499
2026-08-18,143.6000,3600.3401
2026-08-19,142.9300,3601.0701
2026-08-20,143.2300,3601.5801
2026-08-21,143.9000,3599.6499
