date,y2,y5,y6,y7,y10
1971-08-16,6.1155,6.3100,6.3315,6.3467,6.3740
1971-08-17,5.8363,6.1026,6.1327,6.1541,6.1923
1971-08-18,5.7221,6.1917,6.2696,6.3282,6.4373
1971-08-19,5.6210,6.1196,6.2053,6.2703,6.3930
1971-08-20,5.7276,6.1781,6.2435,6.2911,6.3774
1971-08-23,5.9207,6.3347,6.3890,6.4279,6.4976
1971-08-24,5.7660,6.1978,6.2608,6.3067,6.3899
1971-08-25,5.7915,6.2218,6.2799,6.3217,6.3968
1971-08-26,5.7552,6.1849,6.2433,6.2855,6.3612
1971-08-27,5.6930,6.1356,6.2014,6.2497,6.3374
1971-08-30,5.6426,6.1130,6.1880,6.2439,6.3468
1971-08-31,5.5942,6.0457,6.1084,6.1539,6.2357
1971-09-01,5.6400,6.0748,6.1364,6.1812,6.2620
1971-09-02,5.6570,6.0274,6.0746,6.1084,6.1688
1971-09-03,5.6143,5.9981,6.0484,6.0846,6.1493
1971-09-07,5.5705,5.9705,6.0264,6.0669,6.1400
1971-09-08,5.6541,6.0241,6.0714,6.1053,6.1660
1971-09-09,5.7562,6.1184,6.1626,6.1941,6.2504
1971-09-10,5.7864,6.1287,6.1695,6.1985,6.2502
1971-09-13,5.8720,6.2090,6.2490,6.2776,6.3285
1971-09-14,5.8295,6.1503,6.1882,6.2153,6.2635
1971-09-15,5.7038,6.1163,6.1742,6.2162,6.2919
1971-09-16,5.6777,6.0909,6.1489,6.1910,6.2669
1971-09-17,5.6959,6.0464,6.0910,6.1230,6.1801
1971-09-20,5.7162,6.1062,6.1575,6.1943,6.2603
1971-09-21,5.7446,6.1339,6.1859,6.2232,6.2902
1971-09-22,5.7635,6.1574,6.2108,6.2492,6.3183
1971-09-23,5.7385,6.1482,6.2064,6.2487,6.3250
1971-09-24,5.7066,6.1131,6.1709,6.2129,6.2888
1971-09-27,5.6767,6.0895,6.1495,6.1932,6.2724
1971-09-28,5.6883,6.0979,6.1585,6.2028,6.2831
1971-09-29,5.6458,6.0576,6.1169,6.1601,6.2382
1971-09-30,5.5748,5.9813,6.0370,6.0772,6.1495
1971-10-01,5.5382,5.9637,6.0235,6.0668,6.1450
1971-10-04,5.4737,5.9948,6.0449,6.0633,6.0188
1971-10-05,5.4976,6.0416,6.0878,6.1009,6.0410
1971-10-06,5.4684,6.0027,6.0516,6.0685,6.0214
1971-10-07,5.4669,6.0171,6.0637,6.0771,6.0192
1971-10-08,5.4254,5.9797,6.0298,6.0473,6.0025
1971-10-12,5.3400,5.9055,5.9600,5.9836,5.9647
1971-10-13,5.2795,5.8321,5.8929,5.9291,5.9707
1971-10-14,5.2816,5.8039,5.8729,5.9225,6.0113
1971-10-15,5.3617,5.7971,5.8455,5.8799,5.9414
1971-10-18,5.3385,5.8546,5.9247,5.9753,6.0662
1971-10-19,5.3928,5.8335,5.8828,5.9179,5.9804
1971-10-20,5.2981,5.7646,5.8168,5.8539,5.9202
1971-10-21,5.2551,5.7611,5.8183,5.8589,5.9314
1971-10-22,5.2400,5.7530,5.8107,5.8517,5.9250
1971-10-26,5.1835,5.7564,5.8219,5.8685,5.9517
1971-10-27,5.1611,5.7716,5.8430,5.8938,5.9844
1971-10-28,5.1192,5.7568,5.8461,5.9104,6.0252
1971-10-29,5.0317,5.6964,5.7863,5.8506,5.9654
1971-11-01,5.0396,5.6437,5.7125,5.7615,5.8489
1971-11-03,4.9629,5.6212,5.7138,5.7804,5.8994
1971-11-04,5.0037,5.6418,5.7250,5.7843,5.8902
1971-11-05,5.0104,5.6295,5.7081,5.7642,5.8642
1971-11-08,5.0637,5.6803,5.7592,5.8154,5.9158
1971-11-09,5.0680,5.6923,5.7716,5.8281,5.9289
1971-11-10,5.1328,5.7423,5.8168,5.8698,5.9644
1971-11-11,5.0889,5.7027,5.7838,5.8417,5.9450
1971-11-12,5.0419,5.6523,5.7354,5.7950,5.9016
1971-11-15,5.0389,5.6611,5.7561,5.8258,5.9524
1971-11-16,5.0037,5.6593,5.7553,5.8249,5.9501
1971-11-17,5.0065,5.6573,5.7524,5.8215,5.9459
1971-11-18,5.0048,5.6605,5.7559,5.8250,5.9492
1971-11-19,5.0450,5.7011,5.7939,5.8607,5.9805
1971-11-22,5.0927,5.7393,5.8321,5.8992,6.0200
1971-11-23,5.1865,5.8336,5.9199,5.9817,6.0921
1971-11-24,5.2353,5.8664,5.9566,6.0221,6.1398
1971-11-26,5.1854,5.8123,5.9013,5.9655,6.0804
1971-11-29,5.1606,5.8166,5.9096,5.9766,6.0964
1971-11-30,5.1131,5.7667,5.8720,5.9496,6.0909
1971-12-01,5.0759,5.7416,5.8499,5.9296,6.0744
1971-12-02,5.0633,5.7062,5.8186,5.9034,6.0612
1971-12-03,5.0165,5.6659,5.7809,5.8680,6.0308
1971-12-06,5.0246,5.6826,5.7915,5.8719,6.0187
1971-12-07,5.0634,5.7106,5.8203,5.9022,6.0532
1971-12-08,5.0445,5.6904,5.8020,5.8860,6.0422
1971-12-09,5.0896,5.7295,5.8368,5.9173,6.0665
1971-12-10,5.0713,5.7113,5.8215,5.9050,6.0613
1971-12-13,5.0173,5.6650,5.7792,5.8661,6.0302
1971-12-14,5.0417,5.6973,5.8115,5.8983,6.0616
1971-12-15,5.0740,5.7228,5.8378,5.9255,6.0909
1971-12-16,5.0475,5.6908,5.8080,5.8985,6.0724
1971-12-17,4.9975,5.6529,5.7752,5.8699,6.0519
1971-12-20,5.0321,5.6863,5.8044,5.8950,6.0672
1971-12-21,5.0381,5.6927,5.8123,5.9049,6.0833
1971-12-22,5.0121,5.6785,5.8016,5.8971,6.0820
1971-12-23,4.9140,5.6176,5.7466,5.8465,6.0393
1971-12-27,4.8362,5.5506,5.6842,5.7883,5.9907
1971-12-28,4.8037,5.5085,5.6407,5.7439,5.9447
1971-12-29,4.8612,5.5642,5.6892,5.7850,5.9678
1971-12-30,4.8588,5.5607,5.6872,5.7846,5.9712
1971-12-31,4.8356,5.5430,5.6699,5.7676,5.9545
1972-01-03,4.8798,5.6012,5.7264,5.8217,6.0018
1972-01-04,4.8553,5.5924,5.7222,5.8214,6.0098
1972-01-05,4.8291,5.5896,5.7249,5.8286,6.0264
1972-01-06,4.7886,5.5736,5.7101,5.8141,6.0107
1972-01-07,4.7454,5.5509,5.6892,5.7943,5.9921
1972-01-10,4.6607,5.5017,5.6438,5.7513,5.9525
1972-01-11,4.6797,5.5223,5.6563,5.7561,5.9398
1972-01-12,4.6521,5.5054,5.6464,5.7523,5.9493
1972-01-13,4.6003,5.4709,5.6186,5.7303,5.9397
1972-01-14,4.5869,5.4762,5.6244,5.7360,5.9441
1972-01-17,4.6350,5.5153,5.6653,5.7790,5.9925
1972-01-18,4.6819,5.5579,5.7029,5.8118,6.0146
1972-01-19,4.8063,5.6491,5.7817,5.8801,6.0608
1972-01-20,4.7920,5.6539,5.7915,5.8933,6.0794
1972-01-21,4.8414,5.6737,5.8073,5.9067,6.0902
1972-01-24,4.9194,5.7173,5.8394,5.9294,6.0937
1972-01-25,4.9016,5.6920,5.8118,5.8999,6.0605
1972-01-26,4.8701,5.6779,5.8024,5.8943,6.0623
1972-01-27,4.8633,5.7348,5.8665,5.9614,6.1273
1972-01-28,4.9238,5.7738,5.8987,5.9900,6.1554
1972-01-31,4.9592,5.7893,5.9075,5.9933,6.1481
1972-02-01,5.0175,5.8163,5.9254,6.0041,6.1455
1972-02-02,4.9569,5.7787,5.8953,5.9799,6.1325
1972-02-03,5.0136,5.8105,5.9181,5.9957,6.1347
1972-02-04,4.9601,5.7699,5.8800,5.9594,6.1019
1972-02-07,4.9471,5.7791,5.8907,5.9710,6.1149
1972-02-08,4.9515,5.7895,5.9019,5.9828,6.1278
1972-02-09,4.9250,5.7755,5.8907,5.9738,6.1227
1972-02-10,4.8764,5.7383,5.8574,5.9436,6.0985
1972-02-11,4.8558,5.7441,5.8672,5.9562,6.1161
1972-02-14,4.8632,5.7268,5.8426,5.9259,6.0753
1972-02-15,4.8510,5.7382,5.8588,5.9458,6.1018
1972-02-16,4.7348,5.6722,5.8198,5.9293,6.1305
1972-02-17,4.7484,5.6700,5.8143,5.9212,6.1172
1972-02-18,4.7740,5.6874,5.8272,5.9302,6.1184
1972-02-22,4.7694,5.6829,5.8258,5.9316,6.1256
1972-02-23,4.8450,5.7267,5.8609,5.9598,6.1401
1972-02-24,4.8376,5.7215,5.8551,5.9533,6.1321
1972-02-25,4.8407,5.7129,5.8480,5.9478,6.1305
1972-02-28,4.8679,5.7281,5.8584,5.9541,6.1286
1972-02-29,4.8867,5.7345,5.8618,5.9553,6.1253
1972-03-01,4.8507,5.7162,5.8482,5.9454,6.1228
1972-03-02,4.8190,5.6905,5.8258,5.9258,6.1088
1972-03-03,4.8356,5.6990,5.8321,5.9304,6.1101
1972-03-06,4.8511,5.7116,5.8450,5.9435,6.1240
1972-03-07,4.8837,5.7333,5.8629,5.9584,6.1325
1972-03-08,4.9000,5.7430,5.8691,5.9617,6.1300
1972-03-09,4.9659,5.7745,5.8957,5.9846,6.1462
1972-03-10,5.0912,5.8347,5.9416,6.0194,6.1599
1972-03-13,5.2267,5.9236,6.0187,6.0873,6.2105
1972-03-14,5.3060,5.9414,6.0234,6.0822,6.1872
1972-03-15,5.4443,6.0123,6.0814,6.1306,6.2184
1972-03-16,5.3949,5.9798,6.0536,6.1064,6.2007
1972-03-17,5.4744,6.0147,6.0773,6.1216,6.1999
1972-03-20,5.4526,5.9947,6.0610,6.1082,6.1925
1972-03-21,5.3537,5.9409,6.0177,6.0728,6.1714
1972-03-22,5.2828,5.9048,5.9874,6.0469,6.1534
1972-03-23,5.3910,5.9586,6.0280,6.0775,6.1659
1972-03-24,5.4618,5.9944,6.0586,6.1044,6.1860
1972-03-27,5.4509,5.9775,6.0416,6.0874,6.1690
1972-03-28,5.5023,6.0117,6.0722,6.1153,6.1921
1972-03-29,5.5950,6.0591,6.1127,6.1509,6.2189
1972-03-30,5.6293,6.0754,6.1267,6.1632,6.2282
1972-04-03,5.6629,6.1112,6.1626,6.1991,6.2643
1972-04-04,5.7711,6.2003,6.2475,6.2810,6.3406
1972-04-05,5.7141,6.1695,6.2220,6.2594,6.3261
1972-04-06,5.7100,6.1784,6.2321,6.2702,6.3382
1972-04-07,5.7015,6.1743,6.2282,6.2666,6.3350
1972-04-10,5.6353,6.1332,6.1905,6.2312,6.3038
1972-04-11,5.6863,6.1779,6.2342,6.2743,6.3458
1972-04-12,5.7326,6.2166,6.2711,6.3098,6.3788
1972-04-13,5.7267,6.2197,6.2764,6.3167,6.3885
1972-04-14,5.6612,6.1834,6.2447,6.2884,6.3663
1972-04-17,5.6153,6.1562,6.2198,6.2651,6.3458
1972-04-18,5.5931,6.1489,6.2142,6.2607,6.3435
1972-04-19,5.5919,6.1436,6.2075,6.2530,6.3340
1972-04-20,5.5473,6.1235,6.1907,6.2384,6.3235
1972-04-21,5.5075,6.1286,6.2004,6.2515,6.3425
1972-04-24,5.4673,6.1185,6.1950,6.2493,6.3462
1972-04-25,5.3980,6.0978,6.1810,6.2401,6.3455
1972-04-26,5.3801,6.0764,6.1583,6.2166,6.3204
1972-04-27,5.1743,5.8957,5.9908,6.0590,6.1810
1972-04-28,5.2229,5.9023,5.9910,6.0546,6.1685
1972-05-01,5.1735,5.8719,5.9668,6.0352,6.1581
1972-05-02,5.2055,5.8996,5.9931,6.0605,6.1813
1972-05-03,5.2274,5.9171,6.0088,6.0748,6.1929
1972-05-04,5.2630,5.9348,6.0220,6.0844,6.1961
1972-05-05,5.2446,5.9269,6.0158,6.0795,6.1936
1972-05-08,5.2658,5.9328,6.0183,6.0795,6.1888
1972-05-09,5.3277,5.9690,6.0511,6.1100,6.2151
1972-05-10,5.2897,5.9392,6.0234,6.0838,6.1917
1972-05-11,5.2553,5.9186,6.0051,6.0671,6.1781
1972-05-12,5.2040,5.8775,5.9674,6.0321,6.1480
1972-05-15,5.1943,5.8679,5.9582,6.0231,6.1396
1972-05-16,5.2377,5.8865,5.9739,6.0369,6.1499
1972-05-17,5.2706,5.9012,5.9847,6.0447,6.1521
1972-05-18,5.2204,5.8825,5.9808,6.0529,6.1837
1972-05-19,5.2049,5.8628,5.9612,6.0334,6.1647
1972-05-22,5.1472,5.8239,5.9295,6.0077,6.1512
1972-05-23,5.1120,5.8043,5.9120,5.9916,6.1375
1972-05-24,5.1245,5.8099,5.9186,5.9995,6.1485
1972-05-25,5.0692,5.7816,5.8976,5.9842,6.1445
1972-05-26,5.0733,5.7849,5.8992,5.9844,6.1417
1972-05-30,5.0681,5.7699,5.8837,5.9687,6.1260
1972-05-31,5.1092,5.7981,5.9069,5.9878,6.1366
1972-06-01,5.1756,5.8292,5.9325,6.0092,6.1503
1972-06-02,5.2106,5.8500,5.9524,6.0287,6.1696
1972-06-05,5.2400,5.8671,5.9664,6.0402,6.1760
1972-06-06,5.2731,5.8958,5.9930,6.0650,6.1971
1972-06-07,5.2551,5.8749,5.9741,6.0481,6.1845
1972-06-08,5.2515,5.8791,5.9780,6.0514,6.1863
1972-06-09,5.2488,5.8714,5.9688,6.0410,6.1735
1972-06-12,5.2574,5.8728,5.9672,6.0368,6.1641
1972-06-13,5.2758,5.8864,5.9770,6.0434,6.1640
1972-06-14,5.2726,5.8792,5.9687,6.0343,6.1532
1972-06-15,5.3010,5.8886,5.9730,6.0345,6.1456
1972-06-16,5.3312,5.9067,5.9883,6.0476,6.1545
1972-06-19,5.3336,5.8997,5.9787,6.0358,6.1387
1972-06-20,5.3507,5.9122,5.9913,6.0486,6.1520
1972-06-21,5.3918,5.9410,6.0159,6.0699,6.1670
1972-06-22,5.4526,5.9747,6.0436,6.0930,6.1816
1972-06-23,5.4799,5.9786,6.0437,6.0904,6.1739
1972-06-26,5.5322,5.9983,6.0581,6.1010,6.1777
1972-06-27,5.4944,5.9769,6.0415,6.0880,6.1713
1972-06-28,5.4908,5.9713,6.0353,6.0814,6.1640
1972-06-29,5.5432,5.9985,6.0562,6.0975,6.1713
1972-06-30,5.5698,6.0063,6.0613,6.1006,6.1708
1972-07-03,5.5610,6.0003,6.0551,6.0942,6.1641
1972-07-05,5.5323,5.9747,6.0303,6.0701,6.1412
1972-07-06,5.5052,5.9607,6.0184,6.0597,6.1335
1972-07-07,5.5363,5.9868,6.0427,6.0826,6.1538
1972-07-10,5.5510,5.9891,6.0426,6.0808,6.1490
1972-07-11,5.5461,5.9886,6.0429,6.0817,6.1509
1972-07-12,5.5398,5.9836,6.0380,6.0767,6.1459
1972-07-13,5.5276,5.9715,6.0247,6.0626,6.1302
1972-07-14,5.4981,5.9475,6.0002,6.0378,6.1047
1972-07-17,5.5060,5.9597,6.0125,6.0500,6.1170
1972-07-18,5.5124,5.9673,6.0202,6.0578,6.1250
1972-07-19,5.5011,5.9524,6.0039,6.0406,6.1059
1972-07-20,5.5202,5.9737,6.0253,6.0620,6.1275
1972-07-21,5.5176,5.9899,6.0445,6.0833,6.1526
1972-07-24,5.5033,5.9926,6.0502,6.0913,6.1644
1972-07-25,5.5017,5.9812,6.0368,6.0763,6.1469
1972-07-26,5.4678,5.9737,6.0335,6.0760,6.1519
1972-07-27,5.4667,6.0218,6.0890,6.1370,6.2225
1972-07-28,5.4648,5.9995,6.0627,6.1077,6.1880
1972-07-31,5.4502,5.9900,6.0535,6.0987,6.1793
1972-08-01,5.4505,5.9959,6.0603,6.1061,6.1878
1972-08-02,5.3706,5.9705,6.0461,6.1001,6.1965
1972-08-03,5.3926,5.9823,6.0562,6.1091,6.2034
1972-08-04,5.4227,5.9963,6.0667,6.1169,6.2066
1972-08-07,5.4413,6.0000,6.0679,6.1163,6.2027
1972-08-08,5.4408,5.9927,6.0595,6.1071,6.1920
1972-08-09,5.4144,5.9735,6.0417,6.0904,6.1771
1972-08-10,5.4056,5.9797,6.0518,6.1033,6.1953
1972-08-11,5.4127,5.9815,6.0518,6.1020,6.1916
1972-08-14,5.4322,5.9951,6.0654,6.1157,6.2055
1972-08-15,5.4194,6.0162,6.0945,6.1506,6.2511
1972-08-16,5.4173,6.0133,6.0913,6.1473,6.2475
1972-08-17,5.4219,6.0175,6.0949,6.1504,6.2496
1972-08-18,5.4355,6.0298,6.1084,6.1646,6.2651
1972-08-21,5.4460,6.0279,6.1060,6.1619,6.2617
1972-08-22,5.4694,6.0325,6.1077,6.1615,6.2575
1972-08-23,5.5246,6.0527,6.1279,6.1820,6.2790
1972-08-24,5.5410,6.0649,6.1401,6.1944,6.2917
1972-08-25,5.6638,6.1363,6.2018,6.2490,6.3337
1972-08-28,5.7320,6.1801,6.2414,6.2857,6.3652
1972-08-29,5.7516,6.1973,6.2578,6.3014,6.3796
1972-08-30,5.7970,6.2389,6.2984,6.3413,6.4182
1972-08-31,5.7915,6.2305,6.2887,6.3305,6.4054
1972-09-01,5.7620,6.2197,6.2828,6.3284,6.4103
1972-09-05,5.8081,6.2655,6.3269,6.3711,6.4504
1972-09-06,5.8384,6.2910,6.3510,6.3941,6.4712
1972-09-07,5.8383,6.3087,6.3742,6.4216,6.5068
1972-09-08,5.8652,6.3414,6.4098,6.4596,6.5495
1972-09-11,5.8203,6.3140,6.3861,6.4388,6.5340
1972-09-12,5.8374,6.3164,6.3838,6.4327,6.5207
1972-09-13,5.8692,6.3378,6.4025,6.4494,6.5336
1972-09-14,5.9015,6.3530,6.4155,6.4607,6.5419
1972-09-15,5.8581,6.3191,6.3865,6.4356,6.5246
1972-09-18,5.8139,6.2861,6.3552,6.4056,6.4971
1972-09-19,5.8004,6.2744,6.3438,6.3944,6.4862
1972-09-20,5.8218,6.2917,6.3573,6.4047,6.4901
1972-09-21,5.8468,6.3079,6.3728,6.4200,6.5049
1972-09-22,5.9124,6.3385,6.3954,6.4364,6.5098
1972-09-25,5.9150,6.3360,6.3926,6.4334,6.5064
1972-09-26,5.8600,6.2967,6.3592,6.4046,6.4866
1972-09-27,5.8738,6.2921,6.3505,6.3929,6.4691
1972-09-28,5.8755,6.2770,6.3294,6.3669,6.4341
1972-09-29,5.8906,6.2622,6.3085,6.3415,6.4005
1972-10-02,5.8552,6.2583,6.3106,6.3482,6.4154
1972-10-03,5.9186,6.2931,6.3387,6.3712,6.4292
1972-10-04,5.8833,6.2738,6.3231,6.3582,6.4211
1972-10-05,5.8871,6.2719,6.3199,6.3542,6.4154
1972-10-06,5.9230,6.2568,6.2958,6.3237,6.3733
1972-10-10,5.8395,6.2243,6.2718,6.3057,6.3663
1972-10-11,5.8722,6.2349,6.2778,6.3083,6.3627
1972-10-12,5.9301,6.2704,6.3095,6.3374,6.3870
1972-10-13,5.9426,6.2699,6.3073,6.3339,6.3813
1972-10-16,5.9249,6.2573,6.2957,6.3230,6.3717
1972-10-17,5.9246,6.2513,6.2889,6.3156,6.3632
1972-10-18,5.9424,6.2701,6.3078,6.3345,6.3822
1972-10-19,5.9535,6.2664,6.3020,6.3273,6.3725
1972-10-20,5.9307,6.2578,6.2953,6.3220,6.3696
1972-10-24,5.8906,6.2297,6.2692,6.2972,6.3472
1972-10-25,5.8946,6.2320,6.2715,6.2996,6.3497
1972-10-26,5.8862,6.2267,6.2667,6.2952,6.3459
1972-10-27,5.8982,6.2345,6.2737,6.3016,6.3513
1972-10-30,5.9247,6.2497,6.2871,6.3137,6.3611
1972-10-31,5.9125,6.2400,6.2779,6.3048,6.3527
1972-11-01,5.8915,6.2293,6.2686,6.2966,6.3464
1972-11-02,5.8165,6.1767,6.2195,6.2499,6.3043
1972-11-03,5.7775,6.1522,6.1965,6.2280,6.2843
1972-11-06,5.7456,6.1241,6.1690,6.2010,6.2579
1972-11-08,5.7961,6.1588,6.2015,6.2319,6.2861
1972-11-09,5.8002,6.1620,6.2053,6.2362,6.2912
1972-11-10,5.7762,6.1550,6.2011,6.2341,6.2928
1972-11-13,5.7201,6.1264,6.1775,6.2141,6.2794
1972-11-14,5.7167,6.1193,6.1688,6.2042,6.2673
1972-11-15,5.6776,6.0847,6.1359,6.1724,6.2378
1972-11-16,5.6891,6.0984,6.1495,6.1861,6.2513
1972-11-17,5.7300,6.1161,6.1628,6.1960,6.2553
1972-11-20,5.6910,6.1094,6.1610,6.1977,6.2632
1972-11-21,5.7120,6.1199,6.1744,6.2136,6.2839
1972-11-22,5.7270,6.1227,6.1755,6.2135,6.2817
1972-11-24,5.7317,6.1278,6.1799,6.2173,6.2843
1972-11-27,5.7894,6.1597,6.2055,6.2382,6.2966
1972-11-28,5.7752,6.1524,6.1995,6.2331,6.2931
1972-11-29,5.7552,6.1291,6.1778,6.2128,6.2753
1972-11-30,5.7644,6.1374,6.1840,6.2173,6.2768
1972-12-01,5.7591,6.1373,6.1857,6.2203,6.2822
1972-12-04,5.7790,6.1442,6.1908,6.2242,6.2838
1972-12-05,5.7989,6.1587,6.2051,6.2384,6.2978
1972-12-06,5.7990,6.1511,6.1963,6.2287,6.2867
1972-12-07,5.7870,6.1417,6.1870,6.2194,6.2772
1972-12-08,5.8004,6.1563,6.2018,6.2344,6.2926
1972-12-11,5.8141,6.1637,6.2085,6.2407,6.2981
1972-12-12,5.7935,6.1534,6.2005,6.2344,6.2949
1972-12-13,5.7837,6.1485,6.1967,6.2314,6.2935
1972-12-14,5.7779,6.1442,6.1927,6.2277,6.2903
1972-12-15,5.7885,6.1443,6.1913,6.2250,6.2854
1972-12-18,5.8554,6.1959,6.2399,6.2715,6.3280
1972-12-19,5.8543,6.1998,6.2454,6.2781,6.3367
1972-12-20,5.8663,6.2039,6.2505,6.2842,6.3447
1972-12-21,5.8708,6.1913,6.2336,6.2641,6.3187
1972-12-22,5.8840,6.2011,6.2442,6.2753,6.3310
1972-12-26,5.8874,6.1980,6.2395,6.2693,6.3228
1972-12-27,5.9305,6.2153,6.2520,6.2783,6.3254
1972-12-28,5.9677,6.2362,6.2691,6.2926,6.3345
1972-12-29,5.9986,6.2534,6.2847,6.3071,6.3471
1973-01-02,6.0579,6.2772,6.3027,6.3208,6.3532
1973-01-03,6.0141,6.2600,6.2903,6.3119,6.3504
1973-01-04,5.9768,6.2299,6.2610,6.2832,6.3228
1973-01-05,6.0283,6.2627,6.2904,6.3101,6.3453
1973-01-08,6.0634,6.2882,6.3145,6.3332,6.3667
1973-01-09,6.0534,6.2756,6.3014,6.3197,6.3524
1973-01-10,6.0762,6.2878,6.3122,6.3296,6.3605
1973-01-11,6.1028,6.2943,6.3159,6.3313,6.3588
1973-01-12,6.1462,6.3144,6.3332,6.3467,6.3706
1973-01-15,6.1473,6.3057,6.3235,6.3362,6.3587
1973-01-16,6.1550,6.3145,6.3326,6.3454,6.3683
1973-01-17,6.1389,6.3033,6.3220,6.3354,6.3591
1973-01-18,6.1396,6.3187,6.3397,6.3547,6.3814
1973-01-19,6.1889,6.3606,6.3805,6.3947,6.4200
1973-01-22,6.2317,6.3809,6.3977,6.4097,6.4310
1973-01-23,6.2113,6.3624,6.3795,6.3917,6.4134
1973-01-24,6.2575,6.3968,6.4126,6.4237,6.4437
1973-01-25,6.2919,6.4226,6.4366,6.4465,6.4641
1973-01-26,6.3802,6.4483,6.4555,6.4607,6.4698
1973-01-29,6.3851,6.4632,6.4708,6.4762,6.4859
1973-01-30,6.3712,6.4567,6.4660,6.4725,6.4842
1973-01-31,6.3725,6.4592,6.4677,6.4737,6.4843
1973-02-01,6.4731,6.5455,6.5498,6.5528,6.5579
1973-02-02,6.5087,6.5764,6.5799,6.5822,6.5862
1973-02-05,6.4905,6.5700,6.5757,6.5797,6.5867
1973-02-06,6.4896,6.5720,6.5780,6.5822,6.5895
1973-02-07,6.4634,6.5679,6.5778,6.5848,6.5972
1973-02-08,6.4366,6.5769,6.5860,6.5917,6.6007
1973-02-09,6.3743,6.5380,6.5489,6.5554,6.5651
1973-02-13,6.3937,6.5429,6.5510,6.5553,6.5613
1973-02-14,6.3758,6.5506,6.5599,6.5644,6.5690
1973-02-15,6.3425,6.5564,6.5673,6.5707,6.5672
1973-02-16,6.3627,6.5808,6.5895,6.5899,6.5773
1973-02-20,6.4732,6.6752,6.6733,6.6625,6.6193
1973-02-21,6.5196,6.6770,6.6691,6.6558,6.6151
1973-02-22,6.5168,6.6633,6.6545,6.6412,6.6029
1973-02-23,6.5226,6.6326,6.6209,6.6067,6.5700
1973-02-26,6.6851,6.7141,6.6895,6.6671,6.6195
1973-02-27,6.7003,6.7065,6.6828,6.6622,6.6197
1973-02-28,6.6999,6.7148,6.6919,6.6708,6.6251
1973-03-01,6.6766,6.7095,6.6873,6.6658,6.6169
1973-03-02,6.7110,6.7611,6.7379,6.7121,6.6433
1973-03-05,6.7353,6.7786,6.7524,6.7241,6.6506
1973-03-06,6.7823,6.8013,6.7729,6.7421,6.6590
1973-03-07,6.7589,6.7774,6.7509,6.7219,6.6426
1973-03-08,6.7712,6.7948,6.7676,6.7372,6.6527
1973-03-09,6.8077,6.7923,6.7605,6.7286,6.6489
1973-03-12,6.8405,6.8036,6.7695,6.7372,6.6620
1973-03-13,6.8490,6.7856,6.7538,6.7266,6.6700
1973-03-14,6.8844,6.7838,6.7561,6.7350,6.6956
1973-03-15,6.9773,6.8114,6.7813,6.7594,6.7200
1973-03-16,7.1278,6.8810,6.8451,6.8193,6.7733
1973-03-19,7.0443,6.8535,6.8134,6.7831,6.7272
1973-03-20,7.0152,6.8343,6.8069,6.7872,6.7521
1973-03-21,6.9872,6.8162,6.7934,6.7772,6.7483
1973-03-22,6.9905,6.8205,6.7954,6.7773,6.7449
1973-03-23,6.9800,6.8190,6.7909,6.7702,6.7327
1973-03-26,6.8871,6.7564,6.7408,6.7297,6.7099
1973-03-27,6.8705,6.7501,6.7304,6.7158,6.6894
1973-03-28,6.8426,6.7038,6.6881,6.6769,6.6569
1973-03-29,6.8311,6.6935,6.6780,6.6670,6.6474
1973-03-30,6.9921,6.7934,6.7671,6.7483,6.7148
1973-04-02,7.0030,6.7973,6.7709,6.7520,6.7184
1973-04-03,6.9526,6.7637,6.7411,6.7250,6.6963
1973-04-04,6.8852,6.7208,6.7019,6.6884,6.6645
1973-04-05,6.8615,6.7078,6.6901,6.6775,6.6550
1973-04-06,6.7276,6.6255,6.6142,6.6062,6.5919
1973-04-09,6.6646,6.5956,6.5879,6.5825,6.5728
1973-04-10,6.6928,6.6211,6.6132,6.6076,6.5975
1973-04-11,6.7751,6.6643,6.6516,6.6426,6.6265
1973-04-12,6.7942,6.6768,6.6626,6.6525,6.6344
1973-04-13,6.7309,6.6187,6.6056,6.5963,6.5796
1973-04-16,6.7239,6.6235,6.6116,6.6031,6.5881
1973-04-17,6.7807,6.6769,6.6604,6.6485,6.6272
1973-04-18,6.7701,6.6882,6.6735,6.6628,6.6436
1973-04-19,6.8183,6.7228,6.7034,6.6891,6.6634
1973-04-23,6.8823,6.7715,6.7424,6.7199,6.6776
1973-04-24,6.8582,6.7491,6.7227,6.7027,6.6657
1973-04-25,6.8493,6.7341,6.7131,6.6978,6.6702
1973-04-26,6.7569,6.6939,6.6866,6.6814,6.6721
1973-04-27,6.7786,6.7154,6.7078,6.7024,6.6928
1973-04-30,6.8160,6.7364,6.7263,6.7192,6.7064
1973-05-01,6.8468,6.7543,6.7425,6.7340,6.7190
1973-05-02,6.8283,6.7542,6.7456,6.7395,6.7287
1973-05-03,6.8314,6.7624,6.7544,6.7487,6.7386
1973-05-04,6.8520,6.7827,6.7735,6.7669,6.7551
1973-05-07,6.8616,6.7878,6.7780,6.7710,6.7585
1973-05-08,6.7961,6.7573,6.7529,6.7498,6.7442
1973-05-09,6.7622,6.7393,6.7367,6.7349,6.7316
1973-05-10,6.7565,6.7355,6.7331,6.7313,6.7282
1973-05-11,6.8085,6.7624,6.7565,6.7524,6.7450
1973-05-14,6.8188,6.7630,6.7558,6.7507,6.7417
1973-05-15,6.7878,6.7646,6.7617,6.7596,6.7560
1973-05-16,6.7666,6.7517,6.7498,6.7485,6.7462
1973-05-17,6.8549,6.7888,6.7811,6.7756,6.7658
1973-05-18,6.9088,6.8157,6.8053,6.7979,6.7848
1973-05-21,6.9383,6.8424,6.8317,6.8241,6.8105
1973-05-22,6.9485,6.8442,6.8326,6.8243,6.8096
1973-05-23,6.9599,6.8445,6.8317,6.8226,6.8065
1973-05-24,6.9085,6.8048,6.7934,6.7852,6.7707
1973-05-25,6.9077,6.8033,6.7918,6.7836,6.7690
1973-05-29,6.9420,6.8197,6.8062,6.7966,6.7795
1973-05-30,6.9564,6.8120,6.7960,6.7847,6.7645
1973-05-31,6.9435,6.8039,6.7885,6.7775,6.7580
1973-06-01,6.9676,6.8230,6.8070,6.7957,6.7754
1973-06-04,7.0170,6.8436,6.8244,6.8108,6.7865
1973-06-05,6.9462,6.7840,6.7661,6.7533,6.7306
1973-06-06,6.8384,6.6921,6.6760,6.6645,6.6441
1973-06-07,6.8717,6.7254,6.7092,6.6977,6.6773
1973-06-08,6.8697,6.7090,6.6913,6.6787,6.6562
1973-06-11,6.8939,6.7311,6.7131,6.7003,6.6775
1973-06-12,6.8674,6.7114,6.6942,6.6819,6.6601
1973-06-13,6.8614,6.7080,6.6911,6.6790,6.6576
1973-06-14,6.8647,6.7131,6.6963,6.6844,6.6632
1973-06-15,6.8681,6.7191,6.7026,6.6909,6.6701
1973-06-18,6.8988,6.7308,6.7123,6.6991,6.6756
1973-06-19,6.9163,6.7376,6.7179,6.7038,6.6788
1973-06-20,6.9226,6.7443,6.7246,6.7106,6.6857
1973-06-21,6.9218,6.7459,6.7265,6.7127,6.6880
1973-06-22,6.9690,6.7795,6.7585,6.7436,6.7171
1973-06-25,7.0102,6.8086,6.7864,6.7706,6.7423
1973-06-26,7.0476,6.8277,6.8034,6.7862,6.7554
1973-06-27,7.0952,6.8407,6.8126,6.7926,6.7570
1973-06-28,7.1472,6.8879,6.8592,6.8389,6.8026
1973-06-29,7.2438,6.9229,6.8874,6.8622,6.8173
1973-07-02,7.4060,7.0153,6.9721,6.9414,6.8867
1973-07-03,7.4382,7.0304,6.9853,6.9532,6.8961
1973-07-05,7.4368,7.0241,6.9785,6.9461,6.8883
1973-07-06,7.4771,7.0581,7.0118,6.9789,6.9202
1973-07-09,7.5763,7.1370,7.0885,7.0539,6.9924
1973-07-10,7.5079,7.0934,7.0476,7.0151,6.9570
1973-07-11,7.4570,7.0871,7.0463,7.0172,6.9655
1973-07-12,7.4946,7.1020,7.0587,7.0278,6.9729
1973-07-13,7.5793,7.1441,7.0961,7.0618,7.0009
1973-07-16,7.6127,7.1692,7.1202,7.0853,7.0232
1973-07-17,7.6448,7.1882,7.1377,7.1018,7.0378
1973-07-18,7.7543,7.2191,7.1598,7.1176,7.0425
1973-07-19,7.8950,7.3210,7.2573,7.2119,7.1311
1973-07-20,7.9933,7.3969,7.3304,7.2830,7.1987
1973-07-23,7.9825,7.3889,7.3227,7.2756,7.1917
1973-07-24,8.0262,7.4264,7.3594,7.3117,7.2268
1973-07-25,8.0398,7.4458,7.3797,7.3327,7.2490
1973-07-26,8.1538,7.5611,7.4934,7.4453,7.3596
1973-07-27,8.2201,7.6407,7.5759,7.5298,7.4477
1973-07-30,8.2194,7.6612,7.5992,7.5552,7.4769
1973-07-31,8.2608,7.7040,7.6413,7.5968,7.5175
1973-08-01,8.3758,7.7978,7.7127,7.6505,7.5374
1973-08-02,8.3456,7.7585,7.6662,7.5977,7.4715
1973-08-03,8.4262,7.8211,7.7193,7.6423,7.4980
1973-08-06,8.5290,7.8767,7.7625,7.6751,7.5089
1973-08-07,8.6533,7.9459,7.8209,7.7251,7.5421
1973-08-08,8.5852,7.8778,7.7572,7.6657,7.4933
1973-08-09,8.5732,7.8808,7.7628,7.6732,7.5045
1973-08-10,8.5731,7.8543,7.7360,7.6471,7.4815
1973-08-13,8.4820,7.7747,7.6626,7.5792,7.4254
1973-08-14,8.3969,7.7297,7.6271,7.5513,7.4125
1973-08-15,8.3153,7.6642,7.5714,7.5039,7.3818
1973-08-16,8.0273,7.4622,7.3983,7.3546,7.2808
1973-08-17,7.9073,7.3570,7.2991,7.2620,7.2055
1973-08-20,8.1271,7.4889,7.4117,7.3614,7.2873
1973-08-21,8.1188,7.4712,7.3965,7.3488,7.2808
1973-08-22,8.1086,7.4906,7.4175,7.3685,7.2892
1973-08-23,7.9024,7.3239,7.2698,7.2392,7.2061
1973-08-24,7.7509,7.1671,7.1276,7.1124,7.1181
1973-08-27,7.8158,7.2638,7.2188,7.1925,7.1572
1973-08-28,7.8572,7.2796,7.2340,7.2083,7.1766
1973-08-29,7.7948,7.1861,7.1501,7.1368,7.1408
1973-08-30,7.7885,7.2075,7.1675,7.1483,7.1335
1973-08-31,7.8019,7.2203,7.1796,7.1591,7.1403
1973-09-04,7.7983,7.1937,7.1482,7.1249,7.1036
1973-09-05,7.6827,7.0948,7.0563,7.0393,7.0323
1973-09-06,7.6977,7.1120,7.0696,7.0477,7.0257
1973-09-07,7.6560,7.0775,7.0431,7.0296,7.0296
1973-09-10,7.7452,7.2116,7.1598,7.1247,7.0644
1973-09-11,7.8322,7.3024,7.2455,7.2054,7.1341
1973-09-12,7.8712,7.2959,7.2438,7.2091,7.1509
1973-09-13,7.8725,7.2815,7.2364,7.2092,7.1685
1973-09-14,7.8030,7.2250,7.1902,7.1720,7.1499
1973-09-17,7.6545,7.0800,7.0680,7.0734,7.1099
1973-09-18,7.5346,6.9998,6.9934,7.0025,7.0442
1973-09-19,7.5791,7.0104,7.0026,7.0131,7.0642
1973-09-20,7.5037,6.9454,6.9465,6.9672,7.0470
1973-09-21,7.3289,6.8830,6.8974,6.9225,6.9937
1973-09-24,7.2682,6.7782,6.7982,6.8367,6.9612
1973-09-25,7.2597,6.7628,6.7688,6.7986,6.9193
1973-09-26,7.2477,6.7998,6.7998,6.8232,6.9320
1973-09-27,7.1465,6.7895,6.7845,6.8003,6.8894
1973-09-28,7.0051,6.7093,6.7233,6.7521,6.8539
1973-10-01,7.0561,6.7437,6.7498,6.7722,6.8629
1973-10-02,7.2156,6.8460,6.8356,6.8411,6.8841
1973-10-03,7.1830,6.8018,6.7964,6.8084,6.8712
1973-10-04,7.1962,6.8375,6.8261,6.8300,6.8681
1973-10-05,7.0044,6.7134,6.7217,6.7432,6.8216
1973-10-09,6.9155,6.6626,6.6718,6.6927,6.7671
1973-10-10,6.9943,6.7333,6.7311,6.7385,6.7719
1973-10-11,6.9714,6.7365,6.7366,6.7428,6.7649
1973-10-12,6.8752,6.6796,6.6892,6.7029,6.7396
1973-10-15,6.9376,6.7242,6.7270,6.7353,6.7615
1973-10-16,6.9846,6.7643,6.7655,6.7730,6.7986
1973-10-17,6.9333,6.7532,6.7633,6.7774,6.8152
1973-10-18,6.9123,6.7396,6.7511,6.7664,6.8066
1973-10-19,6.8615,6.7306,6.7438,6.7583,6.7920
1973-10-23,6.8975,6.7721,6.7773,6.7842,6.8012
1973-10-24,6.8568,6.7705,6.7732,6.7765,6.7840
1973-10-25,6.8377,6.7429,6.7477,6.7532,6.7657
1973-10-26,6.8443,6.7453,6.7435,6.7430,6.7428
1973-10-29,6.8503,6.7502,6.7465,6.7444,6.7411
1973-10-30,6.8173,6.7349,6.7349,6.7355,6.7370
1973-10-31,6.8782,6.7752,6.7676,6.7623,6.7529
1973-11-01,6.9573,6.8039,6.7882,6.7770,6.7571
1973-11-02,6.9980,6.8129,6.7993,6.7901,6.7744
1973-11-05,7.2002,6.9429,6.9142,6.8938,6.8575
1973-11-07,7.2689,6.9659,6.9324,6.9085,6.8660
1973-11-08,7.1879,6.9136,6.8834,6.8618,6.8235
1973-11-09,7.2243,6.9284,6.8958,6.8726,6.8312
1973-11-12,7.3279,6.9855,6.9477,6.9207,6.8727
1973-11-13,7.4480,7.0515,7.0071,6.9756,6.9193
1973-11-14,7.4590,7.0680,7.0244,6.9935,6.9382
1973-11-15,7.3042,7.0086,6.9759,6.9527,6.9113
1973-11-16,7.2432,6.9749,6.9453,6.9243,6.8868
1973-11-19,7.1154,6.8844,6.8589,6.8408,6.8085
1973-11-20,7.0859,6.8492,6.8230,6.8045,6.7713
1973-11-21,7.0231,6.7873,6.7613,6.7428,6.7098
1973-11-23,7.0325,6.7904,6.7637,6.7446,6.7108
1973-11-26,6.9207,6.7145,6.6918,6.6756,6.6467
1973-11-27,6.9710,6.7570,6.7334,6.7166,6.6867
1973-11-28,6.9898,6.7647,6.7399,6.7222,6.6908
1973-11-29,6.9775,6.7537,6.7291,6.7115,6.6802
1973-11-30,6.9491,6.7237,6.6988,6.6811,6.6496
1973-12-03,6.9951,6.7669,6.7417,6.7238,6.6919
1973-12-04,7.0183,6.7834,6.7575,6.7391,6.7062
1973-12-05,7.1060,6.8494,6.8211,6.8009,6.7650
1973-12-06,7.1250,6.8550,6.8252,6.8040,6.7662
1973-12-07,7.1012,6.8354,6.8061,6.7853,6.7481
1973-12-10,6.9439,6.7029,6.6763,6.6574,6.6237
1973-12-11,6.9491,6.7193,6.6940,6.6759,6.6438
1973-12-12,6.8904,6.6807,6.6576,6.6411,6.6117
1973-12-13,6.9099,6.6952,6.6715,6.6547,6.6246
1973-12-14,6.8570,6.6699,6.6492,6.6345,6.6083
1973-12-17,6.6805,6.6953,6.7108,6.7221,6.7425
1973-12-18,6.7546,6.7210,6.7287,6.7345,6.7449
1973-12-19,6.7752,6.7294,6.7389,6.7462,6.7596
1973-12-20,6.7568,6.7140,6.7269,6.7370,6.7556
1973-12-21,6.7771,6.7387,6.7573,6.7720,6.7996
1973-12-26,6.9511,6.8215,6.8277,6.8340,6.8470
1973-12-27,6.9126,6.8076,6.8196,6.8302,6.8512
1973-12-28,6.8947,6.7901,6.8043,6.8169,6.8422
1973-12-31,6.9241,6.7998,6.8123,6.8241,6.8483
1974-01-02,6.9981,6.8196,6.8326,6.8471,6.8810
1974-01-03,6.9678,6.8373,6.8427,6.8485,6.8608
1974-01-04,6.9286,6.8176,6.8264,6.8347,6.8515
1974-01-07,6.9785,6.8540,6.8616,6.8690,6.8845
1974-01-08,6.9824,6.8540,6.8640,6.8737,6.8940
1974-01-09,6.9733,6.8529,6.8643,6.8749,6.8966
1974-01-10,7.0341,6.8988,6.9072,6.9154,6.9324
1974-01-11,7.0810,6.9459,6.9438,6.9431,6.9422
1974-01-14,7.1174,6.9554,6.9548,6.9559,6.9592
1974-01-15,7.0679,6.9266,6.9349,6.9432,6.9609
1974-01-16,7.0827,6.9371,6.9436,6.9505,6.9654
1974-01-17,7.0283,6.9115,6.9204,6.9287,6.9452
1974-01-18,7.0544,6.9284,6.9320,6.9359,6.9440
1974-01-21,7.1066,6.9760,6.9742,6.9735,6.9728
1974-01-22,7.1537,7.0152,7.0068,7.0010,6.9908
1974-01-23,7.1905,7.0422,7.0328,7.0263,7.0150
1974-01-24,7.1608,7.0328,7.0259,7.0213,7.0132
1974-01-25,7.1645,7.0303,7.0263,7.0240,7.0205
1974-01-28,7.0783,6.9922,7.0000,7.0067,7.0197
1974-01-29,7.0703,6.9904,6.9999,7.0081,7.0242
1974-01-30,6.9796,6.9813,7.0004,7.0153,7.0427
1974-01-31,6.8615,6.9137,6.9447,6.9688,7.0136
1974-02-01,6.7218,6.8717,6.9066,6.9321,6.9780
1974-02-04,6.6013,6.8230,6.8707,6.9055,6.9682
1974-02-05,6.6244,6.8124,6.8580,6.8917,6.9526
1974-02-06,6.5748,6.7864,6.8385,6.8771,6.9471
1974-02-07,6.6928,6.8387,6.8806,6.9117,6.9683
1974-02-08,6.6520,6.8181,6.8640,6.8982,6.9604
1974-02-11,6.6698,6.8055,6.8533,6.8900,6.9582
1974-02-13,6.6283,6.7851,6.8367,6.8762,6.9496
1974-02-14,6.6025,6.7646,6.8197,6.8627,6.9433
1974-02-15,6.6128,6.7957,6.8363,6.8660,6.9194
1974-02-19,6.6630,6.8233,6.8543,6.8766,6.9167
1974-02-20,6.6761,6.8255,6.8599,6.8851,6.9306
1974-02-21,6.6882,6.8426,6.8766,6.9014,6.9460
1974-02-22,6.7086,6.8485,6.8834,6.9091,6.9554
1974-02-25,6.7322,6.8630,6.8922,6.9134,6.9514
1974-02-26,6.8763,6.9447,6.9604,6.9717,6.9919
1974-02-27,6.9058,6.9697,6.9822,6.9911,7.0070
1974-02-28,6.9425,6.9738,6.9806,6.9855,6.9942
1974-03-01,7.0458,7.0656,7.0696,7.0724,7.0774
1974-03-04,7.0939,7.0904,7.0909,7.0913,7.0920
1974-03-05,7.0745,7.0916,7.0960,7.0991,7.1047
1974-03-06,7.0207,7.0501,7.0563,7.0608,7.0687
1974-03-07,7.0062,7.0229,7.0268,7.0296,7.0346
1974-03-08,7.1282,7.0891,7.0861,7.0841,7.0804
1974-03-11,7.1440,7.1122,7.1129,7.1134,7.1144
1974-03-12,7.1346,7.1184,7.1212,7.1231,7.1267
1974-03-13,7.1957,7.1472,7.1502,7.1526,7.1569
1974-03-14,7.1558,7.1295,7.1332,7.1360,7.1411
1974-03-15,7.2350,7.1991,7.2031,7.2062,7.2117
1974-03-18,7.4112,7.3084,7.3011,7.2959,7.2867
1974-03-19,7.4253,7.3115,7.3037,7.2982,7.2886
1974-03-20,7.5652,7.3736,7.3550,7.3419,7.3185
1974-03-21,7.8546,7.5006,7.4613,7.4335,7.3840
1974-03-22,7.9217,7.5836,7.5470,7.5212,7.4753
1974-03-25,7.9118,7.5964,7.5645,7.5420,7.5022
1974-03-26,7.8064,7.5458,7.5182,7.4986,7.4637
1974-03-27,7.7596,7.5263,7.5006,7.4823,7.4497
1974-03-28,7.9475,7.6236,7.5875,7.5618,7.5161
1974-03-29,7.9023,7.6114,7.5792,7.5563,7.5156
1974-04-01,7.8964,7.6305,7.6011,7.5802,7.5431
1974-04-02,7.9563,7.6672,7.6350,7.6121,7.5714
1974-04-03,7.9890,7.6978,7.6652,7.6420,7.6007
1974-04-04,8.1932,7.8035,7.7545,7.7195,7.6571
1974-04-05,8.2782,7.8594,7.8051,7.7662,7.6967
1974-04-08,8.2228,7.8126,7.7597,7.7218,7.6542
1974-04-09,8.1955,7.8092,7.7626,7.7295,7.6705
1974-04-10,8.0892,7.7520,7.7125,7.6844,7.6345
1974-04-11,8.0581,7.7388,7.7026,7.6770,7.6313
1974-04-15,7.9617,7.6727,7.6399,7.6167,7.5753
1974-04-16,8.0844,7.7583,7.7205,7.6935,7.6456
1974-04-17,8.1341,7.7691,7.7262,7.6957,7.6415
1974-04-18,8.1974,7.8299,7.7867,7.7559,7.7012
1974-04-19,8.1398,7.7981,7.7583,7.7299,7.6795
1974-04-22,8.1591,7.8226,7.7833,7.7554,7.7057
1974-04-23,8.1751,7.8398,7.8010,7.7734,7.7244
1974-04-24,8.1528,7.8392,7.8038,7.7786,7.7339
1974-04-25,8.2673,7.9285,7.8901,7.8629,7.8144
1974-04-26,8.3562,8.0066,7.9669,7.9387,7.8886
1974-04-29,8.5013,8.0638,8.0111,7.9736,7.9069
1974-04-30,8.5150,8.0730,8.0193,7.9810,7.9129
1974-05-01,8.4798,8.0311,7.9750,7.9350,7.8636
1974-05-02,8.5123,8.0492,7.9885,7.9450,7.8673
1974-05-03,8.7312,8.1893,8.1132,8.0580,7.9586
1974-05-06,8.8012,8.2427,8.1603,8.1000,7.9907
1974-05-07,8.8792,8.3104,8.2079,8.1288,7.9771
1974-05-08,8.7742,8.2364,8.1485,8.0827,7.9605
1974-05-09,8.8125,8.2764,8.1770,8.0996,7.9492
1974-05-10,8.5751,8.0831,8.0040,7.9450,7.8359
1974-05-13,8.4088,7.9734,7.9046,7.8535,7.7595
1974-05-14,8.4873,8.0319,7.9509,7.8888,7.7703
1974-05-15,8.4023,8.0307,7.9406,7.8630,7.6866
1974-05-16,8.4292,8.0614,7.9675,7.8846,7.6886
1974-05-17,8.5150,8.1101,8.0187,7.9422,7.7769
1974-05-20,8.4743,8.1049,8.0134,7.9337,7.7499
1974-05-21,8.3136,7.9998,7.9509,7.9148,7.8485
1974-05-22,8.1837,7.9490,7.9211,7.9012,7.8660
1974-05-23,8.0568,7.8594,7.8371,7.8213,7.7932
1974-05-24,7.9948,7.8323,7.8143,7.8016,7.7790
1974-05-28,8.1279,7.9371,7.9160,7.9010,7.8744
1974-05-29,8.1779,7.9474,7.9218,7.9036,7.8713
1974-05-30,8.1273,7.8899,7.8636,7.8448,7.8115
1974-05-31,8.2589,7.9429,7.9065,7.8805,7.8345
1974-06-03,8.3731,7.9917,7.9428,7.9078,7.8454
1974-06-04,8.2296,7.9205,7.8825,7.8554,7.8071
1974-06-05,8.2402,7.9285,7.8902,7.8629,7.8143
1974-06-06,8.1546,7.8806,7.8478,7.8245,7.7831
1974-06-07,8.0916,7.8195,7.7873,7.7644,7.7236
1974-06-10,8.0859,7.8203,7.7897,7.7680,7.7293
1974-06-11,8.1140,7.8414,7.8101,7.7879,7.7484
1974-06-12,8.2066,7.9041,7.8693,7.8446,7.8007
1974-06-13,8.3206,7.9589,7.9162,7.8858,7.8319
1974-06-14,8.2628,7.9276,7.8892,7.8619,7.8134
1974-06-17,8.1671,7.8844,7.8523,7.8296,7.7891
1974-06-18,8.2183,7.9187,7.8846,7.8603,7.8171
1974-06-19,8.1775,7.9070,7.8764,7.8547,7.8162
1974-06-20,8.1942,7.9220,7.8908,7.8686,7.8292
1974-06-21,8.2623,7.9399,7.8958,7.8640,7.8070
1974-06-24,8.3642,8.0364,7.9926,7.9611,7.9048
1974-06-25,8.4539,8.0846,8.0204,7.9714,7.8789
1974-06-26,8.3877,8.0580,8.0061,7.9676,7.8967
1974-06-27,8.5449,8.1658,8.0809,8.0101,7.8580
1974-06-28,8.4898,8.1257,8.0650,8.0193,7.9339
1974-07-01,8.6004,8.2005,8.1126,8.0400,7.8857
1974-07-02,8.5214,8.1593,8.1017,8.0588,7.9799
1974-07-03,8.6527,8.3024,8.1982,8.0996,7.8336
1974-07-05,8.7531,8.3851,8.2714,8.1619,7.8564
1974-07-08,8.8862,8.4876,8.3673,8.2526,7.9385
1974-07-09,8.8764,8.5038,8.3893,8.2792,7.9735
1974-07-10,8.7994,8.4519,8.3459,8.2444,7.9640
1974-07-11,8.7357,8.4278,8.3331,8.2422,7.9895
1974-07-12,8.5439,8.3111,8.2381,8.1672,7.9674
1974-07-15,8.5072,8.3298,8.2606,8.1882,7.9602
1974-07-16,8.5269,8.3441,8.2760,8.2057,7.9882
1974-07-17,8.4774,8.3102,8.2463,8.1798,7.9717
1974-07-18,8.4744,8.3013,8.2367,8.1701,7.9633
1974-07-19,8.4189,8.2117,8.1471,8.0846,7.9093
1974-07-22,8.3109,8.1047,8.0405,7.9784,7.8043
1974-07-23,8.1916,8.0434,8.0264,8.0142,7.9927
1974-07-24,8.0753,7.9639,7.9534,7.9460,7.9330
1974-07-25,8.0791,7.9461,7.9349,7.9272,7.9139
1974-07-26,8.4048,8.1301,8.0887,8.0582,8.0029
1974-07-29,8.5058,8.2081,8.1545,8.1132,8.0341
1974-07-30,8.7424,8.4227,8.3241,8.2291,7.9647
1974-07-31,8.7162,8.3920,8.2965,8.2064,7.9657
1974-08-01,8.8211,8.4852,8.3828,8.2848,8.0142
1974-08-02,8.9167,8.5741,8.4688,8.3676,8.0867
1974-08-05,8.7255,8.4308,8.3903,8.3611,8.3089
1974-08-06,8.6066,8.3520,8.3211,8.2990,8.2599
1974-08-07,8.7078,8.4123,8.3740,8.3466,8.2978
1974-08-08,8.7211,8.4034,8.3619,8.3322,8.2793
1974-08-09,8.7649,8.4384,8.3984,8.3700,8.3194
1974-08-12,8.6987,8.4085,8.3755,8.3520,8.3104
1974-08-13,8.7062,8.4256,8.3942,8.3720,8.3326
1974-08-14,8.6872,8.4204,8.3914,8.3708,8.3344
1974-08-15,8.6195,8.4040,8.3823,8.3669,8.3397
1974-08-16,8.5960,8.3998,8.3811,8.3678,8.3444
1974-08-19,8.5942,8.3936,8.3730,8.3584,8.3325
1974-08-20,8.6756,8.4269,8.4014,8.3833,8.3512
1974-08-21,8.8452,8.5088,8.4722,8.4462,8.4001
1974-08-22,9.1476,8.5840,8.5159,8.4674,8.3815
1974-08-23,9.2978,8.6564,8.5707,8.5091,8.3990
1974-08-26,9.2401,8.6256,8.5565,8.5074,8.4202
1974-08-27,9.1462,8.5844,8.5214,8.4766,8.3972
1974-08-28,9.1357,8.5763,8.5136,8.4690,8.3900
1974-08-29,9.0868,8.5367,8.4750,8.4312,8.3535
1974-08-30,9.0239,8.4926,8.4332,8.3910,8.3161
1974-09-03,9.0579,8.5215,8.4609,8.4178,8.3414
1974-09-04,9.0536,8.5243,8.4643,8.4217,8.3461
1974-09-05,8.9449,8.4773,8.4243,8.3867,8.3200
1974-09-06,8.8249,8.4455,8.4034,8.3734,8.3203
1974-09-09,8.5880,8.3577,8.3324,8.3144,8.2825
1974-09-10,8.6257,8.3874,8.3612,8.3426,8.3096
1974-09-11,8.5605,8.3668,8.3455,8.3304,8.3036
1974-09-12,8.6966,8.4530,8.4262,8.4072,8.3735
1974-09-13,8.6436,8.4089,8.3830,8.3647,8.3322
1974-09-16,8.4706,8.3332,8.3181,8.3073,8.2883
1974-09-17,8.4796,8.3470,8.3324,8.3221,8.3037
1974-09-18,8.4222,8.2706,8.2539,8.2421,8.2211
1974-09-19,8.3564,8.2229,8.2082,8.1978,8.1793
1974-09-20,8.2933,8.1689,8.1552,8.1455,8.1282
1974-09-23,8.2322,8.0905,8.0749,8.0638,8.0442
1974-09-24,8.2626,8.1117,8.0951,8.0833,8.0624
1974-09-25,8.2549,8.1124,8.0967,8.0856,8.0658
1974-09-26,8.2156,8.0780,8.0626,8.0517,8.0323
1974-09-27,8.1184,8.0189,8.0074,7.9991,7.9845
1974-09-30,8.1357,8.0234,8.0106,8.0015,7.9853
1974-10-01,8.2611,8.0719,8.0462,8.0279,7.9953
1974-10-02,8.3253,8.1046,8.0728,8.0500,8.0096
1974-10-03,8.3150,8.1805,8.1255,8.0671,7.8792
1974-10-04,8.1451,8.0660,8.0286,7.9872,7.8463
1974-10-07,7.9090,7.9898,7.9795,7.9560,7.8285
1974-10-08,7.9041,7.9899,7.9727,7.9398,7.7754
1974-10-09,8.0279,8.0077,7.9759,7.9352,7.7758
1974-10-10,8.0468,7.9960,7.9619,7.9216,7.7745
1974-10-11,8.0163,7.9368,7.8990,7.8570,7.7141
1974-10-15,8.0064,7.9315,7.8934,7.8505,7.7021
1974-10-16,8.0926,7.9478,7.9013,7.8557,7.7246
1974-10-17,8.0719,7.9718,7.9294,7.8837,7.7338
1974-10-18,7.9244,7.8766,7.8478,7.8141,7.6926
1974-10-21,7.8640,7.8390,7.8138,7.7824,7.6613
1974-10-22,7.8722,7.8420,7.8152,7.7823,7.6571
1974-10-23,7.9103,7.8575,7.8298,7.7984,7.6877
1974-10-24,7.9092,7.8536,7.8270,7.7973,7.6949
1974-10-25,7.9476,7.8737,7.8423,7.8084,7.6963
1974-10-28,8.0456,7.9222,7.8815,7.8411,7.7227
1974-10-29,7.9716,7.8795,7.8476,7.8153,7.7176
1974-10-30,7.9623,7.8817,7.8531,7.8239,7.7342
1974-10-31,7.9235,7.8895,7.8594,7.8224,7.6823
1974-11-01,7.9471,7.8924,7.8612,7.8253,7.6971
1974-11-04,7.9175,7.8559,7.8281,7.7977,7.6949
1974-11-06,7.8157,7.8009,7.7809,7.7554,7.6538
1974-11-07,7.7491,7.7500,7.7377,7.7205,7.6465
1974-11-08,7.7358,7.7177,7.7055,7.6908,7.6353
1974-11-12,7.6878,7.6918,7.6825,7.6689,7.6088
1974-11-13,7.6824,7.6872,7.6760,7.6598,7.5885
1974-11-14,7.5510,7.6272,7.6257,7.6141,7.5341
1974-11-15,7.4620,7.5507,7.5579,7.5564,7.5118
1974-11-18,7.5138,7.5682,7.5689,7.5629,7.5135
1974-11-19,7.5222,7.5534,7.5512,7.5439,7.4987
1974-11-20,7.4643,7.5004,7.5038,7.5036,7.4860
1974-11-21,7.4827,7.5038,7.5054,7.5047,7.4913
1974-11-22,7.4484,7.4790,7.4833,7.4852,7.4785
1974-11-25,7.4587,7.4800,7.4817,7.4811,7.4679
1974-11-26,7.5135,7.5124,7.5076,7.5010,7.4721
1974-11-27,7.5486,7.5247,7.5133,7.5005,7.4556
1974-11-29,7.5403,7.5108,7.5007,7.4905,7.4602
1974-12-02,7.4652,7.5334,7.5461,7.5552,7.5714
1974-12-03,7.4424,7.5460,7.5640,7.5769,7.5998
1974-12-04,7.3836,7.4967,7.5179,7.5332,7.5605
1974-12-05,7.3066,7.4442,7.4713,7.4910,7.5262
1974-12-06,7.2876,7.3998,7.4236,7.4410,7.4721
1974-12-09,7.0477,7.2062,7.2414,7.2674,7.3148
1974-12-10,7.0943,7.2329,7.2666,7.2918,7.3376
1974-12-11,7.0510,7.1912,7.2237,7.2480,7.2922
1974-12-12,7.0815,7.2059,7.2352,7.2569,7.2964
1974-12-13,7.0487,7.1866,7.2167,7.2387,7.2783
1974-12-16,7.0312,7.1695,7.1959,7.2151,7.2493
1974-12-17,7.0063,7.1221,7.1435,7.1589,7.1865
1974-12-18,6.9928,7.0827,7.1010,7.1142,7.1380
1974-12-19,6.9990,7.0862,7.1025,7.1143,7.1352
1974-12-20,7.0262,7.0996,7.1097,7.1170,7.1299
1974-12-23,7.2081,7.2383,7.2419,7.2445,7.2491
1974-12-24,7.2422,7.2404,7.2402,7.2401,7.2399
1974-12-26,7.1958,7.2029,7.2038,7.2044,7.2054
1974-12-27,7.2264,7.2189,7.2181,7.2176,7.2165
1974-12-30,7.2530,7.2494,7.2490,7.2487,7.2482
1974-12-31,7.2835,7.2891,7.2897,7.2901,7.2909
1975-01-02,7.2646,7.2863,7.2887,7.2904,7.2934
1975-01-03,7.2622,7.2903,7.2934,7.2956,7.2995
1975-01-06,7.1898,7.2474,7.2537,7.2582,7.2662
1975-01-07,7.1629,7.2579,7.2684,7.2759,7.2893
1975-01-08,7.1168,7.2366,7.2499,7.2594,7.2762
1975-01-09,7.0877,7.1961,7.2081,7.2166,7.2318
1975-01-10,7.1251,7.2283,7.2397,7.2479,7.2623
1975-01-13,7.1599,7.2661,7.2778,7.2862,7.3010
1975-01-14,7.1441,7.2752,7.2897,7.2999,7.3182
1975-01-15,7.1973,7.3215,7.3352,7.3450,7.3623
1975-01-16,7.1695,7.3252,7.3428,7.3553,7.3774
1975-01-17,7.1225,7.3034,7.3237,7.3382,7.3640
1975-01-20,7.1967,7.3688,7.3878,7.4014,7.4255
1975-01-21,7.0930,7.3286,7.3551,7.3739,7.4073
1975-01-22,7.0348,7.3160,7.3474,7.3698,7.4095
1975-01-23,6.9740,7.3532,7.3958,7.4260,7.4797
1975-01-24,6.9152,7.3299,7.3764,7.4095,7.4681
1975-01-27,6.8942,7.3134,7.3607,7.3943,7.4539
1975-01-28,6.8742,7.2890,7.3355,7.3686,7.4273
1975-01-29,6.8532,7.2617,7.3082,7.3413,7.4000
1975-01-30,6.8219,7.2269,7.2734,7.3064,7.3650
1975-01-31,6.7651,7.2065,7.2577,7.2940,7.3585
1975-02-03,6.6088,7.1381,7.2000,7.2439,7.3220
1975-02-04,6.5377,7.0947,7.1609,7.2079,7.2914
1975-02-05,6.3391,6.9879,7.0679,7.1248,7.2258
1975-02-06,6.3796,7.0039,7.0803,7.1345,7.2308
1975-02-07,6.4071,7.0199,7.0954,7.1491,7.2444
1975-02-10,6.5461,7.0839,7.1490,7.1953,7.2775
1975-02-11,6.4966,7.0562,7.1261,7.1759,7.2641
1975-02-13,6.5088,7.0717,7.1424,7.1926,7.2818
1975-02-14,6.3866,6.9985,7.0761,7.1313,7.2294
1975-02-18,6.2702,6.9222,7.0056,7.0648,7.1701
1975-02-19,6.1530,6.8656,6.9724,7.0493,7.1864
1975-02-20,6.1838,6.8669,6.9753,7.0540,7.1950
1975-02-21,6.1732,6.8517,6.9637,7.0455,7.1925
1975-02-24,6.2429,6.8973,7.0020,7.0781,7.2144
1975-02-25,6.3602,6.9834,7.0744,7.1397,7.2562
1975-02-26,6.4638,7.0521,7.1313,7.1878,7.2883
1975-02-27,6.4373,7.0198,7.1004,7.1580,7.2606
1975-02-28,6.3650,6.9986,7.0848,7.1463,7.2555
1975-03-03,6.3934,7.0265,7.1119,7.1728,7.2809
1975-03-04,6.4001,7.0381,7.1250,7.1869,7.2970
1975-03-05,6.3256,6.9841,7.0805,7.1498,7.2731
1975-03-06,6.3271,6.9888,7.0802,7.1454,7.2614
1975-03-07,6.4036,7.0238,7.1115,7.1742,7.2859
1975-03-10,6.4419,7.0555,7.1386,7.1979,7.3032
1975-03-11,6.3859,7.0441,7.1317,7.1940,7.3048
1975-03-12,6.3589,7.0387,7.1323,7.1990,7.3178
1975-03-13,6.3356,7.0340,7.1280,7.1950,7.3140
1975-03-14,6.3691,7.0496,7.1404,7.2051,7.3200
1975-03-17,6.4920,7.1253,7.2036,7.2593,7.3580
1975-03-18,6.5113,7.1491,7.2281,7.2842,7.3838
1975-03-19,6.6233,7.2325,7.3051,7.3567,7.4483
1975-03-20,6.5763,7.2112,7.2893,7.3448,7.4432
1975-03-21,6.5956,7.2296,7.3069,7.3618,7.4593
1975-03-24,6.7223,7.3060,7.3745,7.4231,7.5094
1975-03-25,6.7093,7.2911,7.3597,7.4084,7.4948
1975-03-26,6.7651,7.3208,7.3857,7.4318,7.5136
1975-03-27,6.7750,7.3204,7.3835,7.4283,7.5078
1975-03-31,6.8509,7.3496,7.4070,7.4478,7.5202
1975-04-01,7.0693,7.4479,7.4896,7.5193,7.5719
1975-04-02,7.3738,7.6788,7.7123,7.7362,7.7784
1975-04-03,7.3231,7.6682,7.7061,7.7331,7.7809
1975-04-04,7.3636,7.6751,7.7093,7.7337,7.7768
1975-04-07,7.5817,7.8768,7.9093,7.9323,7.9731
1975-04-08,7.4711,7.8167,7.8548,7.8818,7.9298
1975-04-09,7.3855,7.7668,7.8092,7.8392,7.8924
1975-04-10,7.4248,7.7971,7.8381,7.8672,7.9189
1975-04-11,7.4066,7.7905,7.8329,7.8630,7.9163
1975-04-14,7.3878,7.7634,7.8048,7.8341,7.8862
1975-04-15,7.3780,7.7585,7.8004,7.8301,7.8828
1975-04-16,7.3520,7.7481,7.7917,7.8227,7.8775
1975-04-17,7.4097,7.8059,7.8495,7.8804,7.9352
1975-04-18,7.5042,7.8696,7.9097,7.9382,7.9888
1975-04-21,7.5844,7.9418,7.9811,8.0089,8.0583
1975-04-22,7.5968,7.9476,7.9862,8.0135,8.0620
1975-04-23,7.5604,7.9133,7.9521,7.9796,8.0284
1975-04-24,7.5381,7.8971,7.9365,7.9646,8.0142
1975-04-25,7.5419,7.9090,7.9494,7.9780,8.0288
1975-04-28,7.6186,7.9793,8.0190,8.0471,8.0970
1975-04-29,7.5472,7.9385,7.9815,8.0121,8.0662
1975-04-30,7.5206,7.9349,7.9804,8.0128,8.0701
1975-05-01,7.5520,7.9491,7.9928,8.0237,8.0786
1975-05-02,7.3036,7.7604,7.8108,7.8465,7.9098
1975-05-05,7.2509,7.7240,7.7761,7.8131,7.8788
1975-05-06,7.2904,7.7462,7.7964,7.8321,7.8953
1975-05-07,7.2604,7.7157,7.7659,7.8015,7.8647
1975-05-08,7.2039,7.6766,7.7290,7.7661,7.8321
1975-05-09,7.1984,7.6700,7.7221,7.7591,7.8247
1975-05-12,7.0600,7.6283,7.6917,7.7368,7.8166
1975-05-13,6.9905,7.5811,7.6470,7.6937,7.7766
1975-05-14,6.9173,7.5247,7.5933,7.6419,7.7282
1975-05-15,6.9375,7.5561,7.6272,7.6777,7.7672
1975-05-16,6.8856,7.5186,7.5924,7.6448,7.7377
1975-05-19,6.8360,7.4841,7.5598,7.6136,7.7089
1975-05-20,6.7899,7.4695,7.5493,7.6059,7.7062
1975-05-21,6.7910,7.4725,7.5533,7.6107,7.7124
1975-05-22,6.8547,7.5109,7.5891,7.6447,7.7431
1975-05-23,6.8564,7.4965,7.5773,7.6350,7.7375
1975-05-27,6.9476,7.5550,7.6296,7.6827,7.7771
1975-05-28,6.9105,7.5397,7.6179,7.6737,7.7728
1975-05-29,6.9395,7.5730,7.6471,7.6997,7.7930
1975-05-30,6.8677,7.5191,7.5958,7.6503,7.7469
1975-06-02,6.8864,7.5204,7.5947,7.6474,7.7409
1975-06-03,6.8634,7.5089,7.5833,7.6361,7.7298
1975-06-04,6.8414,7.4846,7.5591,7.6120,7.7058
1975-06-05,6.8302,7.4656,7.5393,7.5916,7.6842
1975-06-06,6.7851,7.4175,7.4918,7.5446,7.6382
1975-06-09,6.6648,7.3147,7.3931,7.4487,7.5474
1975-06-10,6.6224,7.3013,7.3851,7.4446,7.5502
1975-06-11,6.4550,7.1867,7.2874,7.3595,7.4878
1975-06-12,6.4397,7.1907,7.2947,7.3692,7.5018
1975-06-13,6.4393,7.1944,7.2990,7.3741,7.5077
1975-06-16,6.4040,7.1714,7.2814,7.3608,7.5025
1975-06-17,6.5221,7.2244,7.3299,7.4072,7.5474
1975-06-18,6.7155,7.3251,7.4077,7.4672,7.5736
1975-06-19,6.7970,7.3484,7.4207,7.4725,7.5650
1975-06-20,7.0939,7.5293,7.5716,7.5993,7.6445
1975-06-23,7.0549,7.5350,7.5841,7.6148,7.6591
1975-06-24,7.0997,7.5452,7.5882,7.6153,7.6560
1975-06-25,7.1198,7.5729,7.6206,7.6513,7.6985
1975-06-26,7.2261,7.6459,7.6836,7.7051,7.7309
1975-06-27,7.1910,7.6267,7.6752,7.7054,7.7466
1975-06-30,7.2462,7.6357,7.6743,7.6976,7.7284
1975-07-01,7.3066,7.6652,7.6945,7.7112,7.7323
1975-07-02,7.3913,7.7305,7.7510,7.7605,7.7680
1975-07-03,7.4492,7.7425,7.7584,7.7671,7.7789
1975-07-07,7.4682,7.7615,7.7748,7.7807,7.7855
1975-07-08,7.3385,7.6943,7.7253,7.7445,7.7738
1975-07-09,7.4171,7.7261,7.7473,7.7597,7.7778
1975-07-10,7.3970,7.7237,7.7466,7.7594,7.7759
1975-07-11,7.3532,7.6930,7.7176,7.7313,7.7488
1975-07-14,7.3045,7.6589,7.6894,7.7079,7.7351
1975-07-15,7.3365,7.6918,7.7145,7.7246,7.7298
1975-07-16,7.4389,7.7720,7.7833,7.7835,7.7680
1975-07-17,7.4492,7.7706,7.7819,7.7830,7.7709
1975-07-18,7.4693,7.7958,7.8068,7.8069,7.7910
1975-07-21,7.5284,7.8354,7.8442,7.8423,7.8218
1975-07-22,7.5871,7.8392,7.8455,7.8439,7.8286
1975-07-23,7.6181,7.8329,7.8371,7.8353,7.8236
1975-07-24,7.6293,7.8424,7.8449,7.8417,7.8268
1975-07-25,7.6720,7.8723,7.8696,7.8623,7.8395
1975-07-28,7.6808,7.8727,7.8694,7.8618,7.8398
1975-07-29,7.6722,7.8726,7.8704,7.8638,7.8434
1975-07-30,7.6737,7.8758,7.8727,7.8650,7.8421
1975-07-31,7.6969,7.9071,7.9022,7.8927,7.8658
1975-08-01,7.7967,7.9624,7.9500,7.9359,7.9027
1975-08-04,7.8721,8.0416,8.0298,8.0161,7.9833
1975-08-05,7.8786,8.0461,8.0339,8.0198,7.9866
1975-08-06,7.9050,8.0545,8.0490,8.0424,8.0272
1975-08-07,8.0369,8.1311,8.1210,8.1122,8.0948
1975-08-08,8.0078,8.0933,8.0853,8.0784,8.0649
1975-08-11,7.9659,8.0548,8.0455,8.0372,8.0209
1975-08-12,8.0253,8.1135,8.0959,8.0803,8.0493
1975-08-13,8.0319,8.1163,8.1015,8.0886,8.0635
1975-08-14,8.1178,8.1686,8.1468,8.1290,8.0950
1975-08-15,8.1552,8.2317,8.2135,8.1983,8.1687
1975-08-18,8.0903,8.2074,8.1909,8.1755,8.1435
1975-08-19,8.0394,8.1649,8.1617,8.1581,8.1504
1975-08-20,8.0495,8.1737,8.1734,8.1723,8.1695
1975-08-21,8.1087,8.2416,8.2299,8.2183,8.1939
1975-08-22,8.0456,8.2127,8.2101,8.2056,8.1944
1975-08-25,8.0607,8.2159,8.2136,8.2097,8.2003
1975-08-26,7.9792,8.1633,8.1691,8.1715,8.1738
1975-08-27,7.9063,8.1257,8.1331,8.1352,8.1339
1975-08-28,7.8787,8.0934,8.0977,8.0967,8.0887
1975-08-29,7.8123,8.0290,8.0385,8.0426,8.0456
1975-09-02,7.8284,8.0674,8.0728,8.0713,8.0590
1975-09-03,7.8818,8.0835,8.0845,8.0812,8.0691
1975-09-04,7.8646,8.0869,8.0887,8.0850,8.0702
1975-09-05,7.9161,8.1521,8.1484,8.1381,8.1054
1975-09-08,7.9312,8.1759,8.1750,8.1675,8.1414
1975-09-09,7.9691,8.2121,8.2097,8.2009,8.1726
1975-09-10,8.0211,8.2793,8.2731,8.2598,8.2188
1975-09-11,8.2260,8.3981,8.3699,8.3411,8.2757
1975-09-12,8.2467,8.4033,8.3776,8.3525,8.2978
1975-09-15,8.2884,8.4310,8.4007,8.3719,8.3102
1975-09-16,8.3008,8.4280,8.4015,8.3769,8.3255
1975-09-17,8.2442,8.3857,8.3644,8.3440,8.3003
1975-09-18,8.1788,8.3474,8.3290,8.3100,8.2673
1975-09-19,8.0806,8.2633,8.2548,8.2443,8.2194
1975-09-22,7.9754,8.1767,8.1858,8.1909,8.1983
1975-09-23,7.9975,8.2076,8.2080,8.2043,8.1920
1975-09-24,7.9419,8.1751,8.1805,8.1803,8.1732
1975-09-25,8.0201,8.2428,8.2424,8.2375,8.2215
1975-09-26,8.1008,8.3005,8.2936,8.2836,8.2584
1975-09-29,8.1157,8.3105,8.3095,8.3054,8.2936
1975-09-30,8.0865,8.3185,8.3215,8.3194,8.3093
1975-10-01,8.0665,8.3069,8.3123,8.3121,8.3057
1975-10-02,7.9752,8.2683,8.2830,8.2888,8.2904
1975-10-03,7.7645,8.1047,8.1448,8.1727,8.2210
1975-10-06,7.6749,8.0609,8.0999,8.1236,8.1558
1975-10-07,7.7930,8.1088,8.1333,8.1481,8.1699
1975-10-08,7.7666,8.0963,8.1165,8.1267,8.1376
1975-10-09,7.7236,8.0703,8.0877,8.0949,8.0990
1975-10-10,7.5845,7.9951,8.0221,8.0364,8.0531
1975-10-14,7.6418,8.0397,8.0586,8.0653,8.0650
1975-10-15,7.6485,8.0490,8.0691,8.0775,8.0820
1975-10-16,7.4800,7.9127,7.9460,7.9658,7.9943
1975-10-17,7.4761,7.9163,7.9487,7.9671,7.9914
1975-10-20,7.4511,7.8998,7.9359,7.9580,7.9914
1975-10-21,7.3286,7.8363,7.8874,7.9213,7.9777
1975-10-22,7.3284,7.8376,7.8895,7.9242,7.9818
1975-10-23,7.2341,7.7578,7.8199,7.8633,7.9390
1975-10-24,7.2191,7.7558,7.8214,7.8678,7.9492
1975-10-27,7.2157,7.7586,7.8261,7.8740,7.9583
1975-10-28,7.1730,7.7436,7.8162,7.8676,7.9580
1975-10-29,7.0780,7.6761,7.7572,7.8156,7.9198
1975-10-30,6.9543,7.5983,7.6768,7.7326,7.8313
1975-10-31,7.0222,7.6199,7.6906,7.7408,7.8298
1975-11-03,7.0775,7.6603,7.7275,7.7752,7.8598
1975-11-05,6.9905,7.6178,7.6933,7.7470,7.8421
1975-11-06,7.0143,7.6375,7.7116,7.7641,7.8574
1975-11-07,6.8785,7.5729,7.6630,7.7271,7.8410
1975-11-10,6.8110,7.5287,7.6340,7.7106,7.8482
1975-11-12,6.8950,7.5677,7.6631,7.7323,7.8564
1975-11-13,6.9776,7.6113,7.6989,7.7623,7.8755
1975-11-14,7.1476,7.7344,7.8084,7.8609,7.9535
1975-11-17,7.2047,7.7735,7.8423,7.8910,7.9768
1975-11-18,7.1918,7.7918,7.8648,7.9166,8.0083
1975-11-19,7.2117,7.8154,7.8865,7.9365,8.0241
1975-11-20,7.1857,7.7797,7.8509,7.9012,7.9899
1975-11-21,7.3261,7.8801,7.9399,7.9810,8.0518
1975-11-24,7.2326,7.8279,7.8955,7.9415,8.0190
1975-11-25,7.2769,7.8319,7.8947,7.9382,8.0131
1975-11-26,7.2581,7.8175,7.8840,7.9305,8.0118
1975-11-28,7.2444,7.8031,7.8715,7.9200,8.0056
1975-12-01,7.2238,7.7820,7.8518,7.9015,7.9899
1975-12-02,7.1888,7.7564,7.8308,7.8841,7.9789
1975-12-03,7.1857,7.7393,7.8111,7.8625,7.9539
1975-12-04,7.3518,7.8122,7.8670,7.9059,7.9750
1975-12-05,7.3190,7.7898,7.8474,7.8885,7.9613
1975-12-08,7.3812,7.8372,7.8925,7.9318,8.0015
1975-12-09,7.4433,7.8820,7.9339,7.9707,8.0360
1975-12-10,7.4175,7.8791,7.9344,7.9737,8.0434
1975-12-11,7.3721,7.8378,7.8930,7.9322,8.0017
1975-12-12,7.3638,7.8068,7.8581,7.8946,7.9592
1975-12-15,7.2991,7.7557,7.8091,7.8470,7.9142
1975-12-16,7.2642,7.7123,7.7649,7.8023,7.8687
1975-12-17,7.1778,7.6443,7.7000,7.7397,7.8101
1975-12-18,7.2014,7.6438,7.6957,7.7327,7.7982
1975-12-19,7.0563,7.5634,7.6255,7.6698,7.7484
1975-12-22,7.0355,7.5672,7.6333,7.6805,7.7642
1975-12-23,7.0386,7.5554,7.6140,7.6556,7.7294
1975-12-24,7.0043,7.5182,7.5763,7.6176,7.6908
1975-12-26,6.8351,7.4364,7.5137,7.5690,7.6674
1975-12-29,6.8581,7.4420,7.5104,7.5590,7.6451
1975-12-30,6.7724,7.4057,7.4880,7.5467,7.6512
1975-12-31,6.7831,7.4360,7.5237,7.5866,7.6988
1976-01-02,6.8029,7.4462,7.5305,7.5908,7.6981
1976-01-05,6.7888,7.4242,7.5021,7.5574,7.6556
1976-01-06,6.6980,7.3528,7.4311,7.4866,7.5852
1976-01-07,6.6685,7.3596,7.4408,7.4985,7.6008
1976-01-08,6.6834,7.3807,7.4613,7.5185,7.6200
1976-01-09,6.5074,7.2981,7.3972,7.4676,7.5926
1976-01-12,6.4629,7.2513,7.3488,7.4180,7.5409
1976-01-13,6.4626,7.2517,7.3473,7.4153,7.5358
1976-01-14,6.5291,7.3164,7.4106,7.4775,7.5961
1976-01-15,6.5764,7.3610,7.4547,7.5213,7.6392
1976-01-16,6.7075,7.4241,7.5056,7.5633,7.6658
1976-01-19,6.5852,7.3776,7.4705,7.5363,7.6531
1976-01-20,6.6225,7.4118,7.5035,7.5685,7.6838
1976-01-21,6.5589,7.3788,7.4752,7.5435,7.6647
1976-01-22,6.5968,7.3987,7.4922,7.5585,7.6762
1976-01-23,6.4896,7.3530,7.4552,7.5276,7.6561
1976-01-26,6.5249,7.3823,7.4826,7.5538,7.6799
1976-01-27,6.5453,7.3929,7.4910,7.5605,7.6839
1976-01-28,6.4915,7.4086,7.5192,7.5978,7.7369
1976-01-29,6.4639,7.3853,7.4961,7.5748,7.7142
1976-01-30,6.4727,7.3746,7.4826,7.5592,7.6949
1976-02-02,6.4919,7.3785,7.4852,7.5610,7.6952
1976-02-03,6.5543,7.3893,7.4908,7.5629,7.6906
1976-02-04,6.6273,7.4232,7.5212,7.5908,7.7141
1976-02-05,6.6020,7.3851,7.4816,7.5503,7.6719
1976-02-06,6.6583,7.4281,7.5212,7.5873,7.7046
1976-02-09,6.6224,7.4084,7.5054,7.5744,7.6966
1976-02-10,6.6584,7.4352,7.5296,7.5966,7.7155
1976-02-11,6.6455,7.4135,7.5057,7.5711,7.6872
1976-02-13,6.6533,7.4111,7.5014,7.5655,7.6791
1976-02-17,6.6467,7.3956,7.4842,7.5470,7.6585
1976-02-18,6.7003,7.4084,7.4924,7.5521,7.6580
1976-02-19,6.7145,7.4095,7.4911,7.5490,7.6517
1976-02-20,6.6976,7.3906,7.4720,7.5298,7.6323
1976-02-23,6.6597,7.3564,7.4388,7.4973,7.6010
1976-02-24,6.6739,7.3455,7.4246,7.4808,7.5804
1976-02-25,6.6807,7.3381,7.4158,7.4710,7.5688
1976-02-26,6.6867,7.3379,7.4152,7.4702,7.5676
1976-02-27,6.8243,7.4099,7.4781,7.5265,7.6123
1976-03-01,6.9871,7.5202,7.5842,7.6298,7.7106
1976-03-02,6.9622,7.4937,7.5580,7.6038,7.6850
1976-03-03,6.9845,7.5152,7.5737,7.6143,7.6849
1976-03-04,7.0387,7.5479,7.6063,7.6476,7.7206
1976-03-05,6.9500,7.5032,7.5646,7.6069,7.6799
1976-03-08,6.8895,7.4518,7.5216,7.5714,7.6598
1976-03-09,6.9215,7.4779,7.5457,7.5940,7.6798
1976-03-10,6.8930,7.4665,7.5366,7.5865,7.6751
1976-03-11,6.8927,7.4727,7.5430,7.5929,7.6814
1976-03-12,6.8291,7.4230,7.4951,7.5465,7.6376
1976-03-15,6.8656,7.4340,7.5023,7.5509,7.6371
1976-03-16,6.8651,7.4521,7.5250,7.5768,7.6689
1976-03-17,6.8481,7.4487,7.5237,7.5772,7.6721
1976-03-18,6.7820,7.3961,7.4759,7.5329,7.6344
1976-03-19,6.7832,7.4121,7.4906,7.5464,7.6456
1976-03-22,6.6842,7.3591,7.4456,7.5073,7.6168
1976-03-23,6.6798,7.3445,7.4282,7.4878,7.5936
1976-03-24,6.6583,7.3285,7.4117,7.4709,7.5760
1976-03-25,6.6690,7.3229,7.4020,7.4582,7.5580
1976-03-26,6.6671,7.3264,7.4077,7.4656,7.5683
1976-03-29,6.6771,7.3223,7.4015,7.4578,7.5578
1976-03-30,6.7159,7.3387,7.4142,7.4679,7.5633
1976-03-31,6.7163,7.3364,7.4148,7.4708,7.5704
1976-04-01,6.7773,7.3691,7.4422,7.4944,7.5870
1976-04-02,6.6949,7.3251,7.4059,7.4637,7.5665
1976-04-05,6.6453,7.2886,7.3726,7.4329,7.5402
1976-04-06,6.6039,7.2687,7.3538,7.4144,7.5222
1976-04-07,6.5692,7.2384,7.3252,7.3872,7.4974
1976-04-08,6.4876,7.1785,7.2757,7.3461,7.4723
1976-04-09,6.4654,7.1655,7.2634,7.3343,7.4613
1976-04-12,6.3846,7.1366,7.2416,7.3172,7.4523
1976-04-13,6.3199,7.1078,7.2149,7.2916,7.4282
1976-04-14,6.3086,7.0796,7.1838,7.2584,7.3913
1976-04-15,6.3307,7.0880,7.1921,7.2670,7.4005
1976-04-19,6.3980,7.1241,7.2266,7.3009,7.4344
1976-04-20,6.3940,7.1178,7.2188,7.2919,7.4230
1976-04-21,6.2995,7.0684,7.1842,7.2691,7.4232
1976-04-22,6.3902,7.1269,7.2342,7.3125,7.4536
1976-04-23,6.6022,7.2313,7.3112,7.3682,7.4698
1976-04-26,6.5833,7.2451,7.3335,7.3970,7.5104
1976-04-27,6.5970,7.2522,7.3394,7.4021,7.5140
1976-04-28,6.5620,7.2254,7.3140,7.3778,7.4915
1976-04-29,6.5674,7.2252,7.3130,7.3760,7.4884
1976-04-30,6.6659,7.3017,7.3843,7.4435,7.5488
1976-05-03,6.6776,7.3282,7.4139,7.4754,7.5850
1976-05-04,6.6366,7.2929,7.3795,7.4417,7.5525
1976-05-05,6.6321,7.3075,7.3986,7.4642,7.5813
1976-05-06,6.6867,7.3395,7.4249,7.4861,7.5952
1976-05-07,6.7624,7.4131,7.4991,7.5608,7.6707
1976-05-10,6.8251,7.4430,7.5227,7.5797,7.6811
1976-05-11,6.8384,7.4544,7.5338,7.5907,7.6918
1976-05-12,6.9228,7.5019,7.5747,7.6267,7.7191
1976-05-13,6.9296,7.4988,7.5701,7.6210,7.7115
1976-05-14,7.0061,7.5484,7.6146,7.6617,7.7454
1976-05-17,7.0580,7.5895,7.6542,7.7002,7.7820
1976-05-18,7.0505,7.5768,7.6420,7.6885,7.7710
1976-05-19,7.0953,7.5890,7.6487,7.6912,7.7665
1976-05-20,7.1874,7.6525,7.7071,7.7460,7.8149
1976-05-21,7.2960,7.7164,7.7646,7.7989,7.8596
1976-05-24,7.2458,7.6779,7.7286,7.7645,7.8284
1976-05-25,7.2065,7.6511,7.7027,7.7392,7.8038
1976-05-26,7.2890,7.7060,7.7506,7.7819,7.8369
1976-05-27,7.3512,7.7462,7.7841,7.8101,7.8550
1976-05-28,7.3081,7.7048,7.7461,7.7750,7.8257
1976-06-01,7.2337,7.6596,7.7044,7.7354,7.7893
1976-06-02,7.2460,7.6687,7.7124,7.7426,7.7950
1976-06-03,7.2531,7.6694,7.7144,7.7460,7.8017
1976-06-04,7.1369,7.5921,7.6471,7.6861,7.7555
1976-06-07,7.0843,7.5736,7.6336,7.6764,7.7523
1976-06-08,7.1127,7.5905,7.6490,7.6907,7.7647
1976-06-09,7.0687,7.5781,7.6425,7.6885,7.7704
1976-06-10,7.0276,7.5390,7.6037,7.6499,7.7319
1976-06-11,7.0154,7.5319,7.5977,7.6448,7.7284
1976-06-14,6.9801,7.5131,7.5826,7.6323,7.7209
1976-06-15,6.9951,7.5173,7.5855,7.6343,7.7213
1976-06-16,7.0436,7.5404,7.6043,7.6499,7.7311
1976-06-17,7.0341,7.5312,7.5949,7.6404,7.7214
1976-06-18,6.9648,7.4916,7.5604,7.6098,7.6977
1976-06-21,6.9447,7.4687,7.5373,7.5865,7.6741
1976-06-22,6.9760,7.4859,7.5512,7.5980,7.6812
1976-06-23,6.9594,7.4739,7.5407,7.5886,7.6739
1976-06-24,6.9500,7.4720,7.5399,7.5885,7.6751
1976-06-25,6.9721,7.4954,7.5644,7.6139,7.7021
1976-06-28,7.0002,7.5176,7.5843,7.6320,7.7168
1976-06-29,6.9875,7.5134,7.5807,7.6288,7.7143
1976-06-30,6.9807,7.5165,7.5869,7.6374,7.7273
1976-07-01,6.9857,7.5247,7.5955,7.6462,7.7367
1976-07-02,6.9608,7.4933,7.5633,7.6136,7.7032
1976-07-06,6.9214,7.4809,7.5577,7.6131,7.7122
1976-07-07,6.9376,7.4988,7.5751,7.6301,7.7283
1976-07-08,6.8765,7.4672,7.5496,7.6091,7.7155
1976-07-09,6.7906,7.4122,7.4996,7.5628,7.6761
1976-07-12,6.7185,7.3684,7.4636,7.5330,7.6582
1976-07-13,6.7428,7.3862,7.4791,7.5467,7.6683
1976-07-14,6.7484,7.3873,7.4788,7.5453,7.6648
1976-07-15,6.7045,7.3549,7.4464,7.5126,7.6315
1976-07-16,6.8088,7.4271,7.5085,7.5670,7.6711
1976-07-19,6.8473,7.4660,7.5486,7.6080,7.7138
1976-07-20,6.8556,7.4746,7.5560,7.6144,7.7185
1976-07-21,6.8547,7.4692,7.5492,7.6064,7.7084
1976-07-22,6.8475,7.4740,7.5566,7.6159,7.7216
1976-07-23,6.8236,7.4563,7.5410,7.6019,7.7105
1976-07-26,6.8286,7.4717,7.5584,7.6208,7.7322
1976-07-27,6.7658,7.4296,7.5229,7.5904,7.7114
1976-07-28,6.7790,7.4393,7.5309,7.5971,7.7157
1976-07-29,6.7382,7.4000,7.4935,7.5613,7.6828
1976-07-30,6.7573,7.4200,7.5125,7.5795,7.6994
1976-08-02,6.7256,7.3953,7.4913,7.5611,7.6865
1976-08-03,6.7099,7.3675,7.4624,7.5315,7.6557
1976-08-04,6.7075,7.3608,7.4556,7.5247,7.6491
1976-08-05,6.7185,7.3671,7.4613,7.5298,7.6534
1976-08-06,6.6918,7.3495,7.4469,7.5181,7.6469
1976-08-09,6.6792,7.3472,7.4450,7.5164,7.6451
1976-08-10,6.6784,7.3506,7.4503,7.5232,7.6550
1976-08-11,6.6461,7.3240,7.4277,7.5040,7.6428
1976-08-12,6.6265,7.3140,7.4212,7.5006,7.6456
1976-08-13,6.5697,7.2689,7.3833,7.4689,7.6272
1976-08-16,6.5221,7.2404,7.3598,7.4495,7.6161
1976-08-17,6.5308,7.2534,7.3724,7.4617,7.6271
1976-08-18,6.5470,7.2661,7.3809,7.4663,7.6232
1976-08-19,6.5761,7.2868,7.3970,7.4783,7.6268
1976-08-20,6.6107,7.3002,7.4043,7.4807,7.6194
1976-08-23,6.5638,7.2602,7.3688,7.4491,7.5958
1976-08-24,6.5459,7.2390,7.3462,7.4253,7.5696
1976-08-25,6.4964,7.2090,7.3245,7.4108,7.5700
1976-08-26,6.5020,7.2079,7.3196,7.4024,7.5543
1976-08-27,6.5536,7.2602,7.3689,7.4491,7.5952
1976-08-30,6.5236,7.2296,7.3396,7.4210,7.5697
1976-08-31,6.5260,7.2309,7.3399,7.4203,7.5669
1976-09-01,6.4644,7.1640,7.2753,7.3580,7.5098
1976-09-02,6.5088,7.1918,7.2969,7.3744,7.5157
1976-09-03,6.4790,7.1739,7.2817,7.3613,7.5065
1976-09-07,6.4387,7.1523,7.2667,7.3518,7.5085
1976-09-08,6.4359,7.1561,7.2728,7.3600,7.5209
1976-09-09,6.4754,7.1857,7.2990,7.3833,7.5380
1976-09-10,6.4503,7.1610,7.2738,7.3575,7.5110
1976-09-13,6.4645,7.1760,7.2898,7.3745,7.5302
1976-09-14,6.4569,7.1621,7.2757,7.3604,7.5164
1976-09-15,6.4406,7.1461,7.2607,7.3462,7.5042
1976-09-16,6.4000,7.1071,7.2246,7.3129,7.4769
1976-09-17,6.2794,7.0170,7.1454,7.2432,7.4276
1976-09-20,6.3260,7.0532,7.1767,7.2702,7.4450
1976-09-21,6.3085,7.0359,7.1609,7.2557,7.4338
1976-09-22,6.3415,7.0723,7.1956,7.2887,7.4624
1976-09-23,6.3410,7.0742,7.1980,7.2915,7.4661
1976-09-24,6.4074,7.1377,7.2625,7.3570,7.5341
1976-09-27,6.3879,7.1171,7.2454,7.3435,7.5290
1976-09-28,6.3474,7.0742,7.2044,7.3044,7.4948
1976-09-29,6.3486,7.0795,7.2090,7.3081,7.4962
1976-09-30,6.3317,7.0525,7.1816,7.2808,7.4696
1976-10-01,6.2620,6.9835,7.1176,7.2217,7.4231
1976-10-04,6.2025,6.9385,7.0834,7.1977,7.4220
1976-10-05,6.1987,6.9295,7.0740,7.1887,7.4167
1976-10-06,6.1313,6.8810,7.0343,7.1560,7.3964
1976-10-07,6.1214,6.8698,7.0231,7.1449,7.3854
1976-10-08,5.9280,6.7280,6.9052,7.0480,7.3343
1976-10-12,5.8549,6.6704,6.8591,7.0129,7.3246
1976-10-13,5.8680,6.6731,6.8590,7.0111,7.3215
1976-10-14,5.8776,6.6580,6.8387,6.9887,7.3041
1976-10-15,5.8165,6.5975,6.7812,6.9361,7.2714
1976-10-18,5.8125,6.5966,6.7769,6.9284,7.2564
1976-10-19,5.8678,6.6612,6.8361,6.9807,7.2857
1976-10-20,5.9267,6.7096,6.8767,7.0131,7.2955
1976-10-21,5.9530,6.7299,6.8906,7.0203,7.2841
1976-10-22,6.0756,6.8558,7.0009,7.1136,7.3317
1976-10-25,6.1507,6.9308,7.0720,7.1809,7.3891
1976-10-26,6.1139,6.8996,7.0445,7.1568,7.3731
1976-10-27,6.0567,6.8371,6.9875,7.1058,7.3382
1976-10-28,6.0407,6.8048,6.9555,7.0750,7.3125
1976-10-29,6.0655,6.8330,6.9774,7.0902,7.3094
1976-11-01,6.0386,6.7959,6.9395,7.0518,7.2707
1976-11-03,6.0581,6.8362,6.9834,7.0985,7.3227
1976-11-04,5.9972,6.7780,6.9274,7.0446,7.2740
1976-11-05,6.0296,6.8178,6.9627,7.0749,7.2908
1976-11-08,6.0719,6.8599,7.0055,7.1184,7.3363
1976-11-09,6.0793,6.8637,7.0074,7.1185,7.3321
1976-11-10,6.0653,6.8427,6.9893,7.1037,7.3262
1976-11-12,6.0423,6.8231,6.9680,7.0805,7.2979
1976-11-15,6.0335,6.8031,6.9484,7.0619,7.2830
1976-11-16,5.9090,6.6967,6.8592,6.9902,7.2565
1976-11-17,5.8831,6.6631,6.8272,6.9604,7.2339
1976-11-18,5.8798,6.6757,6.8438,6.9803,7.2612
1976-11-19,5.7503,6.5494,6.7268,6.8738,7.1853
1976-11-22,5.5818,6.4110,6.6038,6.7646,7.1044
1976-11-23,5.5848,6.3970,6.5849,6.7431,7.0871
1976-11-24,5.5705,6.3758,6.5637,6.7225,7.0697
1976-11-26,5.4253,6.1950,6.3852,6.5499,6.9247
1976-11-29,5.4322,6.2070,6.3979,6.5630,6.9381
1976-11-30,5.4267,6.2057,6.3971,6.5625,6.9373
1976-12-01,5.3964,6.1774,6.3661,6.5278,6.8901
1976-12-02,5.3726,6.1460,6.3323,6.4919,6.8488
1976-12-03,5.3451,6.1465,6.3273,6.4782,6.8012
1976-12-06,5.3718,6.1488,6.3252,6.4727,6.7899
1976-12-07,5.3915,6.1836,6.3545,6.4945,6.7866
1976-12-08,5.4342,6.2063,6.3767,6.5177,6.8156
1976-12-09,5.4508,6.2326,6.4022,6.5415,6.8329
1976-12-10,5.3628,6.1337,6.3073,6.4519,6.7613
1976-12-13,5.4429,6.2344,6.4030,6.5405,6.8250
1976-12-14,5.4418,6.2315,6.3981,6.5335,6.8122
1976-12-15,5.4318,6.2270,6.3946,6.5306,6.8106
1976-12-16,5.4553,6.2418,6.4072,6.5414,6.8173
1976-12-17,5.4393,6.2310,6.3953,6.5280,6.7988
1976-12-20,5.4022,6.1953,6.3615,6.4963,6.7727
1976-12-21,5.4159,6.2172,6.3835,6.5179,6.7920
1976-12-22,5.4195,6.2203,6.3846,6.5167,6.7847
1976-12-23,5.4059,6.2160,6.3781,6.5072,6.7657
1976-12-27,5.4085,6.2145,6.3792,6.5115,6.7792
1976-12-28,5.4311,6.2349,6.3961,6.5246,6.7823
1976-12-29,5.4536,6.2531,6.4102,6.5329,6.7701
1976-12-30,5.4265,6.2141,6.3659,6.4834,6.7074
1976-12-31,5.4184,6.2186,6.3704,6.4874,6.7099
1977-01-03,5.4495,6.2713,6.4199,6.5321,6.7402
1977-01-04,5.5226,6.3305,6.4760,6.5854,6.7875
1977-01-05,5.5265,6.3297,6.4752,6.5851,6.7888
1977-01-06,5.6047,6.3749,6.5145,6.6203,6.8180
1977-01-07,5.7468,6.5201,6.6561,6.7583,6.9471
1977-01-10,5.8603,6.6924,6.8233,6.9186,7.0899
1977-01-11,5.9052,6.7468,6.8774,6.9725,7.1434
1977-01-12,5.9098,6.7305,6.8600,6.9547,7.1256
1977-01-13,5.8540,6.6598,6.7859,6.8778,7.0433
1977-01-14,6.0050,6.7316,6.8490,6.9367,7.0984
1977-01-17,6.0164,6.7436,6.8624,6.9513,7.1157
1977-01-18,6.0920,6.8222,6.9385,7.0245,7.1803
1977-01-19,6.0339,6.7623,6.8812,6.9701,7.1345
1977-01-20,6.0378,6.7630,6.8801,6.9670,7.1250
1977-01-21,6.0827,6.8012,6.9126,6.9947,7.1441
1977-01-24,6.1437,6.8698,6.9803,7.0604,7.2015
1977-01-25,6.1264,6.8398,6.9502,7.0315,7.1798
1977-01-26,6.1298,6.8451,6.9600,7.0446,7.1966
1977-01-27,6.2834,6.9808,7.0830,7.1560,7.2819
1977-01-28,6.2642,6.9521,7.0558,7.1313,7.2667
1977-01-31,6.2441,6.9334,7.0384,7.1156,7.2561
1977-02-01,6.2842,6.9838,7.0836,7.1549,7.2794
1977-02-02,6.3584,7.0680,7.1642,7.2316,7.3462
1977-02-03,6.3110,6.9966,7.0968,7.1699,7.3018
1977-02-04,6.0913,6.8053,6.9204,7.0062,7.1644
1977-02-07,6.1115,6.8598,6.9799,7.0694,7.2341
1977-02-08,6.1104,6.8711,6.9918,7.0809,7.2433
1977-02-09,6.0768,6.8408,6.9649,7.0577,7.2290
1977-02-10,6.0773,6.8645,6.9885,7.0798,7.2454
1977-02-11,6.0471,6.8427,6.9721,7.0680,7.2434
1977-02-14,6.0651,6.8529,6.9844,7.0834,7.2675
1977-02-15,6.0404,6.8325,6.9649,7.0646,7.2500
1977-02-16,6.0150,6.7953,6.9267,7.0258,7.2109
1977-02-17,5.9894,6.7662,6.8969,6.9955,7.1793
1977-02-18,6.0532,6.8595,6.9907,7.0888,7.2699
1977-02-22,6.0802,6.8823,7.0108,7.1062,7.2807
1977-02-23,6.1359,6.9447,7.0695,7.1603,7.3212
1977-02-24,6.2208,7.0036,7.1218,7.2075,7.3592
1977-02-25,6.1954,6.9777,7.0987,7.1879,7.3504
1977-02-28,6.1655,6.9503,7.0734,7.1645,7.3313
1977-03-01,6.1801,6.9816,7.1091,7.2035,7.3758
1977-03-02,6.1539,6.9457,7.0740,7.1696,7.3456
1977-03-03,6.1086,6.9190,7.0497,7.1466,7.3233
1977-03-04,6.1342,6.9579,7.0896,7.1871,7.3652
1977-03-07,6.1661,6.9788,7.1076,7.2031,7.3779
1977-03-08,6.1697,6.9885,7.1176,7.2126,7.3848
1977-03-09,6.1547,6.9691,7.0998,7.1965,7.3730
1977-03-10,6.1418,6.9558,7.0872,7.1846,7.3627
1977-03-11,6.1105,6.9162,7.0477,7.1459,7.3273
1977-03-14,6.1031,6.9185,7.0509,7.1498,7.3323
1977-03-15,6.1052,6.9067,7.0348,7.1302,7.3054
1977-03-16,6.1179,6.9124,7.0370,7.1292,7.2981
1977-03-17,6.1535,6.9409,7.0657,7.1584,7.3284
1977-03-18,6.1006,6.9069,7.0365,7.1330,7.3108
1977-03-21,6.0777,6.8825,7.0147,7.1138,7.2972
1977-03-22,6.0753,6.8833,7.0150,7.1134,7.2952
1977-03-23,6.0818,6.8947,7.0276,7.1270,7.3109
1977-03-24,6.0946,6.9111,7.0439,7.1432,7.3264
1977-03-25,6.1350,6.9412,7.0703,7.1664,7.3433
1977-03-28,6.1391,6.9475,7.0762,7.1720,7.3477
1977-03-29,6.1208,6.9360,7.0671,7.1647,7.3444
1977-03-30,6.0873,6.9214,7.0560,7.1560,7.3389
1977-03-31,6.0625,6.9124,7.0489,7.1500,7.3341
1977-04-01,6.0718,6.9145,7.0492,7.1495,7.3336
1977-04-04,6.0828,6.9222,7.0557,7.1550,7.3371
1977-04-05,6.0841,6.9283,7.0629,7.1630,7.3467
1977-04-06,6.0778,6.9235,7.0595,7.1608,7.3473
1977-04-07,6.0651,6.9146,7.0497,7.1500,7.3343
1977-04-11,6.0024,6.8514,6.9909,7.0954,7.2888
1977-04-12,5.9990,6.8481,6.9884,7.0937,7.2890
1977-04-13,5.9714,6.8171,6.9618,7.0714,7.2768
1977-04-14,5.7743,6.6092,6.7762,6.9093,7.1755
1977-04-15,5.7951,6.6374,6.8013,6.9306,7.1858
1977-04-18,5.7979,6.6385,6.7999,6.9267,7.1754
1977-04-19,5.8735,6.7067,6.8583,6.9754,7.1997
1977-04-20,5.9192,6.7462,6.8888,6.9971,7.2007
1977-04-21,5.9225,6.7531,6.8983,7.0091,7.2184
1977-04-22,6.0088,6.8325,6.9666,7.0668,7.2518
1977-04-25,6.0419,6.8485,6.9823,7.0828,7.2695
1977-04-26,5.9927,6.8002,6.9397,7.0457,7.2451
1977-04-27,6.0056,6.8104,6.9461,7.0486,7.2399
1977-04-28,6.0110,6.8363,6.9778,7.0851,7.2862
1977-04-29,6.1206,6.9268,7.0605,7.1609,7.3474
1977-05-02,6.1501,6.9366,7.0707,7.1721,7.3620
1977-05-03,6.1381,6.9287,7.0656,7.1697,7.3657
1977-05-04,6.1335,6.9164,7.0555,7.1622,7.3646
1977-05-05,6.1678,6.9603,7.0976,7.2019,7.3983
1977-05-06,6.2526,7.0143,7.1438,7.2417,7.4247
1977-05-09,6.2623,7.0044,7.1335,7.2318,7.4172
1977-05-10,6.2825,7.0128,7.1425,7.2419,7.4307
1977-05-11,6.3312,7.0317,7.1613,7.2615,7.4534
1977-05-12,6.3188,7.0051,7.1343,7.2351,7.4310
1977-05-13,6.2800,6.9676,7.0975,7.1990,7.3966
1977-05-16,6.2567,6.9505,7.0805,7.1818,7.3785
1977-05-17,6.2555,6.9424,7.0697,7.1685,7.3594
1977-05-18,6.2443,6.9320,7.0608,7.1611,7.3558
1977-05-19,6.3300,7.0099,7.1327,7.2273,7.4081
1977-05-20,6.3758,7.0211,7.1390,7.2302,7.4054
1977-05-23,6.3567,6.9897,7.1088,7.2018,7.3826
1977-05-24,6.3043,6.9305,7.0556,7.1552,7.3542
1977-05-25,6.2495,6.8974,7.0249,7.1259,7.3264
1977-05-26,6.2595,6.9192,7.0484,7.1506,7.3529
1977-05-27,6.2216,6.8870,7.0192,7.1242,7.3336
1977-05-31,6.2036,6.8773,7.0111,7.1175,7.3296
1977-06-01,6.2012,6.8776,7.0135,7.1211,7.3333
1977-06-02,6.2093,6.8771,7.0114,7.1187,7.3339
1977-06-03,6.1957,6.8728,7.0054,7.1102,7.3179
1977-06-06,6.1981,6.8766,7.0094,7.1144,7.3224
1977-06-07,6.1889,6.8702,7.0030,7.1079,7.3151
1977-06-08,6.1746,6.8562,6.9922,7.1006,7.3173
1977-06-09,6.1742,6.8549,6.9895,7.0965,7.3092
1977-06-10,6.1471,6.8130,6.9422,7.0442,7.2453
1977-06-13,6.1182,6.7693,6.9018,7.0079,7.2223
1977-06-14,6.0722,6.7062,6.8389,6.9463,7.1667
1977-06-15,6.1015,6.7337,6.8657,6.9726,7.1915
1977-06-16,6.1170,6.7477,6.8790,6.9852,7.2024
1977-06-17,6.1002,6.7333,6.8669,6.9756,7.1996
1977-06-20,6.1090,6.7523,6.8894,7.0012,7.2327
1977-06-21,6.1060,6.7403,6.8763,6.9875,7.2187
1977-06-22,6.0942,6.7257,6.8614,6.9723,7.2032
1977-06-23,6.0942,6.7373,6.8745,6.9864,7.2184
1977-06-24,6.0596,6.6930,6.8263,6.9346,7.1573
1977-06-27,6.0422,6.6805,6.8159,6.9263,7.1543
1977-06-28,6.0282,6.6591,6.7944,6.9051,7.1352
1977-06-29,6.0457,6.6931,6.8275,6.9362,7.1580
1977-06-30,6.0586,6.7159,6.8496,6.9569,7.1734
1977-07-01,6.0784,6.7454,6.8785,6.9846,7.1966
1977-07-05,6.0997,6.7696,6.9027,7.0085,7.2195
1977-07-06,6.1193,6.7836,6.9182,7.0260,7.2430
1977-07-07,6.1302,6.7921,6.9261,7.0333,7.2493
1977-07-08,6.1649,6.8238,6.9537,7.0567,7.2614
1977-07-11,6.2030,6.8405,6.9654,7.0642,7.2600
1977-07-12,6.1950,6.8185,6.9434,7.0431,7.2429
1977-07-13,6.1756,6.7863,6.9123,7.0139,7.2206
1977-07-15,6.2353,6.8375,6.9586,7.0554,7.2495
1977-07-18,6.2689,6.8707,6.9891,7.0830,7.2693
1977-07-19,6.2635,6.8528,6.9718,7.0669,7.2583
1977-07-20,6.2947,6.8778,6.9926,7.0835,7.2643
1977-07-21,6.3324,6.9031,7.0106,7.0946,7.2581
1977-07-22,6.3286,6.8961,7.0031,7.0865,7.2491
1977-07-25,6.2870,6.8688,6.9807,7.0686,7.2415
1977-07-26,6.2733,6.8591,6.9715,7.0598,7.2330
1977-07-27,6.3455,6.9332,7.0421,7.1266,7.2900
1977-07-28,6.4610,7.0049,7.1080,7.1887,7.3462
1977-07-29,6.5034,7.0310,7.1261,7.1994,7.3395
1977-08-01,6.4995,7.0282,7.1232,7.1962,7.3357
1977-08-02,6.5452,7.0517,7.1456,7.2186,7.3597
1977-08-03,6.5228,7.0218,7.1159,7.1894,7.3327
1977-08-04,6.5253,7.0291,7.1253,7.2007,7.3486
1977-08-05,6.5369,7.0365,7.1266,7.1960,7.3288
1977-08-08,6.5205,7.0249,7.1161,7.1863,7.3207
1977-08-09,6.5628,7.0576,7.1477,7.2173,7.3510
1977-08-10,6.5942,7.0737,7.1616,7.2297,7.3609
1977-08-11,6.6296,7.1041,7.1850,7.2463,7.3612
1977-08-12,6.6776,7.1137,7.1906,7.2494,7.3610
1977-08-15,6.7046,7.1316,7.2063,7.2634,7.3714
1977-08-16,6.7438,7.1423,7.2099,7.2609,7.3566
1977-08-17,6.7123,7.1072,7.1739,7.2242,7.3184
1977-08-18,6.6835,7.0755,7.1498,7.2080,7.3216
1977-08-19,6.6642,7.0649,7.1402,7.1989,7.3132
1977-08-22,6.6580,7.0651,7.1415,7.2010,7.3169
1977-08-23,6.6396,7.0454,7.1192,7.1762,7.2856
1977-08-24,6.6224,7.0343,7.1102,7.1690,7.2827
1977-08-25,6.5926,7.0062,7.0856,7.1479,7.2705
1977-08-26,6.5643,6.9760,7.0512,7.1093,7.2211
1977-08-29,6.5361,6.9453,7.0254,7.0888,7.2146
1977-08-30,6.5577,6.9620,7.0404,7.1023,7.2245
1977-08-31,6.5549,6.9729,7.0531,7.1161,7.2400
1977-09-01,6.5659,6.9810,7.0606,7.1231,7.2460
1977-09-02,6.5435,6.9461,7.0269,7.0913,7.2208
1977-09-06,6.5082,6.9113,6.9974,7.0678,7.2141
1977-09-07,6.5292,6.9380,7.0234,7.0926,7.2344
1977-09-08,6.5456,6.9512,7.0367,7.1061,7.2491
1977-09-09,6.7134,7.0809,7.1560,7.2163,7.3385
1977-09-12,6.7472,7.0864,7.1556,7.2112,7.3239
1977-09-13,6.7423,7.0719,7.1400,7.1949,7.3069
1977-09-14,6.7124,7.0432,7.1145,7.1730,7.2950
1977-09-15,6.6995,7.0348,7.1067,7.1656,7.2882
1977-09-16,6.6806,7.0278,7.1025,7.1638,7.2916
1977-09-19,6.6656,7.0250,7.1008,7.1625,7.2897
1977-09-20,6.6765,7.0431,7.1178,7.1777,7.2990
1977-09-21,6.6910,7.0564,7.1300,7.1889,7.3074
1977-09-22,6.7491,7.0993,7.1672,7.2207,7.3263
1977-09-23,6.7968,7.1042,7.1686,7.2208,7.3283
1977-09-26,6.8218,7.1395,7.2022,7.2519,7.3510
1977-09-27,6.7689,7.0892,7.1588,7.2160,7.3361
1977-09-28,6.7865,7.1008,7.1669,7.2207,7.3316
1977-09-29,6.7935,7.1111,7.1752,7.2266,7.3300
1977-09-30,6.8003,7.1237,7.1870,7.2372,7.3368
1977-10-03,6.8456,7.1447,7.2093,7.2624,7.3734
1977-10-04,6.8409,7.1366,7.2038,7.2593,7.3754
1977-10-05,6.8522,7.1386,7.2057,7.2613,7.3775
1977-10-06,6.8871,7.1873,7.2534,7.3059,7.4086
1977-10-07,6.9454,7.2241,7.2896,7.3432,7.4526
1977-10-11,7.0263,7.2811,7.3384,7.3862,7.4888
1977-10-12,7.0943,7.3202,7.3720,7.4154,7.5099
1977-10-13,7.1432,7.3434,7.3894,7.4281,7.5122
1977-10-14,7.1507,7.3396,7.3831,7.4197,7.4995
1977-10-17,7.1837,7.3674,7.4002,7.4254,7.4734
1977-10-18,7.2055,7.3953,7.4282,7.4532,7.5004
1977-10-19,7.2105,7.3987,7.4281,7.4498,7.4895
1977-10-20,7.2065,7.3997,7.4290,7.4504,7.4895
1977-10-21,7.2266,7.4155,7.4427,7.4626,7.4984
1977-10-24,7.2103,7.4174,7.4456,7.4660,7.5025
1977-10-25,7.1989,7.4309,7.4636,7.4874,7.5300
1977-10-26,7.1836,7.4243,7.4581,7.4826,7.5266
1977-10-27,7.1515,7.4105,7.4485,7.4761,7.5262
1977-10-28,7.1390,7.3994,7.4374,7.4652,7.5153
1977-10-31,7.1558,7.4118,7.4488,7.4758,7.5244
1977-11-01,7.2207,7.4683,7.5065,7.5347,7.5862
1977-11-02,7.2227,7.4750,7.5148,7.5443,7.5985
1977-11-03,7.2011,7.4585,7.5051,7.5410,7.6098
1977-11-04,7.1847,7.4364,7.4835,7.5201,7.5913
1977-11-07,7.1689,7.4199,7.4675,7.5048,7.5776
1977-11-09,7.1278,7.3912,7.4412,7.4804,7.5569
1977-11-10,7.1141,7.3709,7.4213,7.4612,7.5405
1977-11-14,7.0476,7.3150,7.3717,7.4180,7.5137
1977-11-15,7.0476,7.3226,7.3798,7.4262,7.5211
1977-11-16,7.0384,7.3199,7.3768,7.4223,7.5141
1977-11-17,7.0450,7.3279,7.3822,7.4248,7.5086
1977-11-18,7.0474,7.3231,7.3764,7.4184,7.5013
1977-11-21,7.0531,7.3280,7.3811,7.4229,7.5053
1977-11-22,7.0605,7.3317,7.3823,7.4217,7.4981
1977-11-23,7.0513,7.3252,7.3751,7.4137,7.4880
1977-11-25,7.0517,7.3307,7.3797,7.4172,7.4882
1977-11-28,7.0537,7.3366,7.3856,7.4228,7.4931
1977-11-29,7.0529,7.3443,7.3951,7.4338,7.5069
1977-11-30,7.0570,7.3384,7.3862,7.4223,7.4899
1977-12-01,7.0673,7.3667,7.4179,7.4568,7.5297
1977-12-02,7.0872,7.3965,7.4472,7.4852,7.5556
1977-12-05,7.0954,7.4059,7.4579,7.4970,7.5699
1977-12-06,7.1053,7.4268,7.4797,7.5192,7.5919
1977-12-07,7.1157,7.4356,7.4888,7.5288,7.6026
1977-12-08,7.1301,7.4458,7.4980,7.5370,7.6089
1977-12-09,7.1225,7.4359,7.4890,7.5291,7.6041
1977-12-12,7.1270,7.4446,7.4980,7.5381,7.6117
1977-12-13,7.1295,7.4476,7.5025,7.5442,7.6226
1977-12-14,7.1318,7.4573,7.5127,7.5545,7.6329
1977-12-15,7.1260,7.4552,7.5120,7.5552,7.6366
1977-12-16,7.1241,7.4542,7.5114,7.5548,7.6368
1977-12-19,7.1205,7.4623,7.5232,7.5699,7.6589
1977-12-20,7.1273,7.4894,7.5548,7.6053,7.7018
1977-12-21,7.1362,7.4898,7.5533,7.6021,7.6952
1977-12-22,7.1711,7.5317,7.5916,7.6361,7.7174
1977-12-23,7.1996,7.5480,7.6038,7.6454,7.7219
1977-12-27,7.2108,7.5652,7.6227,7.6657,7.7449
1977-12-28,7.2223,7.5799,7.6417,7.6885,7.7762
1977-12-29,7.2380,7.5975,7.6607,7.7090,7.8001
1977-12-30,7.2220,7.5692,7.6308,7.6779,7.7675
1978-01-03,7.2250,7.6043,7.6652,7.7098,7.7903
1978-01-04,7.2279,7.5968,7.6600,7.7072,7.7939
1978-01-05,7.2354,7.6012,7.6630,7.7090,7.7934
1978-01-06,7.2563,7.6190,7.6844,7.7347,7.8309
1978-01-09,7.5678,7.8493,7.8929,7.9251,7.9839
1978-01-10,7.5782,7.8472,7.8926,7.9270,7.9911
1978-01-11,7.5942,7.8568,7.9010,7.9344,7.9967
1978-01-12,7.5940,7.8597,7.9057,7.9404,8.0045
1978-01-13,7.5745,7.8301,7.8740,7.9073,7.9699
1978-01-16,7.5497,7.8139,7.8645,7.9041,7.9819
1978-01-17,7.5300,7.8093,7.8588,7.8966,7.9685
1978-01-18,7.5323,7.8127,7.8600,7.8957,7.9624
1978-01-19,7.5331,7.8146,7.8608,7.8954,7.9594
1978-01-23,7.5130,7.8112,7.8574,7.8916,7.9541
1978-01-24,7.5081,7.8175,7.8656,7.9011,7.9661
1978-01-25,7.5145,7.8354,7.8834,7.9185,7.9823
1978-01-26,7.4955,7.8126,7.8622,7.8989,7.9661
1978-01-27,7.4943,7.8039,7.8524,7.8884,7.9542
1978-01-30,7.4705,7.7830,7.8355,7.8751,7.9490
1978-01-31,7.4421,7.7531,7.8079,7.8498,7.9292
1978-02-01,7.4461,7.7649,7.8196,7.8612,7.9391
1978-02-02,7.4497,7.7703,7.8251,7.8666,7.9444
1978-02-03,7.4553,7.7767,7.8315,7.8730,7.9506
1978-02-06,7.4735,7.7948,7.8518,7.8955,7.9784
1978-02-07,7.4728,7.7925,7.8493,7.8928,7.9756
1978-02-08,7.4739,7.7938,7.8509,7.8947,7.9781
1978-02-09,7.4795,7.8012,7.8579,7.9013,7.9836
1978-02-10,7.4919,7.8155,7.8698,7.9107,7.9870
1978-02-14,7.5233,7.8505,7.9035,7.9430,8.0159
1978-02-15,7.5626,7.8865,7.9363,7.9730,8.0398
1978-02-16,7.5837,7.9067,7.9579,7.9959,8.0656
1978-02-17,7.5794,7.8955,7.9431,7.9780,8.0413
1978-02-21,7.5790,7.9012,7.9512,7.9881,8.0554
1978-02-22,7.5839,7.9064,7.9564,7.9934,8.0608
1978-02-23,7.5820,7.9020,7.9486,7.9826,8.0438
1978-02-24,7.5565,7.8747,7.9237,7.9599,8.0259
1978-02-27,7.5388,7.8600,7.9077,7.9426,8.0058
1978-02-28,7.5321,7.8591,7.9087,7.9451,8.0113
1978-03-01,7.5325,7.8696,7.9205,7.9580,8.0259
1978-03-02,7.5417,7.8695,7.9183,7.9541,8.0187
1978-03-03,7.5440,7.8708,7.9197,7.9555,8.0204
1978-03-06,7.5431,7.8719,7.9213,7.9576,8.0233
1978-03-07,7.5226,7.8561,7.9047,7.9402,8.0042
1978-03-08,7.5164,7.8514,7.8993,7.9341,7.9967
1978-03-09,7.5121,7.8493,7.8977,7.9329,7.9962
1978-03-10,7.4951,7.8258,7.8727,7.9066,7.9676
1978-03-13,7.4858,7.8151,7.8621,7.8962,7.9576
1978-03-14,7.4882,7.8173,7.8645,7.8987,7.9603
1978-03-15,7.4890,7.8148,7.8610,7.8946,7.9548
1978-03-16,7.4894,7.8141,7.8601,7.8936,7.9536
1978-03-17,7.4921,7.8129,7.8582,7.8910,7.9498
1978-03-20,7.4791,7.7923,7.8366,7.8687,7.9265
1978-03-21,7.4768,7.7935,7.8382,7.8705,7.9285
1978-03-22,7.4858,7.8088,7.8538,7.8864,7.9447
1978-03-23,7.5279,7.8464,7.8895,7.9206,7.9760
1978-03-27,7.5708,7.9019,7.9490,7.9832,8.0445
1978-03-28,7.5910,7.9177,7.9628,7.9954,8.0537
1978-03-29,7.5909,7.9182,7.9635,7.9963,8.0550
1978-03-30,7.6010,7.9226,7.9662,7.9977,8.0538
1978-03-31,7.6564,7.9508,7.9895,8.0173,8.0668
1978-04-03,7.6667,7.9520,7.9889,8.0154,8.0625
1978-04-04,7.6665,7.9462,7.9817,8.0071,8.0523
1978-04-05,7.6880,7.9630,7.9975,8.0222,8.0660
1978-04-06,7.7008,7.9750,8.0100,8.0351,8.0795
1978-04-07,7.6975,7.9658,7.9997,8.0239,8.0670
1978-04-10,7.7022,7.9715,8.0064,8.0315,8.0760
1978-04-11,7.6967,7.9758,8.0129,8.0396,8.0872
1978-04-12,7.6809,7.9733,8.0121,8.0400,8.0898
1978-04-13,7.6769,7.9642,8.0009,8.0272,8.0740
1978-04-14,7.6217,7.9284,7.9679,7.9962,8.0464
1978-04-17,7.6082,7.9025,7.9394,7.9657,8.0125
1978-04-18,7.6166,7.9020,7.9371,7.9620,8.0064
1978-04-19,7.7332,7.9847,8.0137,8.0343,8.0709
1978-04-20,7.7570,8.0039,8.0326,8.0530,8.0892
1978-04-21,7.7737,8.0197,8.0481,8.0683,8.1041
1978-04-24,7.7864,8.0333,8.0621,8.0825,8.1187
1978-04-25,7.7866,8.0315,8.0598,8.0800,8.1157
1978-04-26,7.8168,8.0532,8.0805,8.0999,8.1342
1978-04-27,7.8640,8.0692,8.0923,8.1087,8.1378
1978-04-28,7.8297,8.0613,8.0879,8.1068,8.1402
1978-05-01,7.9097,8.0745,8.0927,8.1056,8.1285
1978-05-02,7.9093,8.0762,8.0947,8.1078,8.1310
1978-05-03,7.9101,8.0798,8.0986,8.1119,8.1356
1978-05-04,7.8982,8.0718,8.0910,8.1047,8.1289
1978-05-05,7.9657,8.1385,8.1577,8.1713,8.1955
1978-05-08,7.9940,8.1720,8.1918,8.2058,8.2307
1978-05-09,7.9923,8.1608,8.1795,8.1928,8.2162
1978-05-10,7.9913,8.1579,8.1763,8.1894,8.2126
1978-05-11,7.9959,8.1652,8.1841,8.1974,8.2211
1978-05-12,8.0273,8.1908,8.2090,8.2219,8.2448
1978-05-15,8.0037,8.1727,8.1915,8.2048,8.2285
1978-05-16,7.9942,8.1621,8.1808,8.1941,8.2176
1978-05-17,7.9886,8.1521,8.1702,8.1830,8.2058
1978-05-18,8.0203,8.1932,8.2123,8.2259,8.2499
1978-05-19,8.0494,8.1971,8.2134,8.2249,8.2454
1978-05-22,8.0571,8.1953,8.2105,8.2213,8.2404
1978-05-23,8.0671,8.1924,8.2062,8.2159,8.2333
1978-05-24,8.0876,8.2184,8.2328,8.2430,8.2611
1978-05-25,8.1019,8.2374,8.2523,8.2629,8.2817
1978-05-26,8.1225,8.2505,8.2646,8.2746,8.2923
1978-05-31,8.1294,8.2558,8.2697,8.2795,8.2970
1978-06-01,8.1295,8.2553,8.2691,8.2789,8.2963
1978-06-02,8.1205,8.2444,8.2581,8.2677,8.2849
1978-06-05,8.0986,8.2310,8.2457,8.2560,8.2744
1978-06-06,8.0827,8.2234,8.2390,8.2500,8.2696
1978-06-07,8.0695,8.2297,8.2479,8.2608,8.2837
1978-06-08,8.0805,8.2393,8.2573,8.2701,8.2927
1978-06-09,8.1106,8.2626,8.2799,8.2922,8.3139
1978-06-12,8.1112,8.2608,8.2777,8.2897,8.3109
1978-06-13,8.1184,8.2656,8.2823,8.2941,8.3150
1978-06-14,8.1218,8.2659,8.2821,8.2936,8.3140
1978-06-15,8.1275,8.2703,8.2864,8.2978,8.3180
1978-06-16,8.1810,8.3020,8.3154,8.3249,8.3417
1978-06-19,8.2291,8.3347,8.3464,8.3546,8.3692
1978-06-20,8.2684,8.3732,8.3848,8.3929,8.4074
1978-06-21,8.3471,8.4430,8.4533,8.4606,8.4735
1978-06-22,8.3495,8.4412,8.4511,8.4582,8.4707
1978-06-23,8.4109,8.4882,8.4960,8.5015,8.5112
1978-06-26,8.4508,8.5172,8.5240,8.5289,8.5375
1978-06-27,8.4582,8.5127,8.5176,8.5210,8.5271
1978-06-28,8.4461,8.4942,8.4985,8.5015,8.5069
1978-06-29,8.4401,8.4905,8.4953,8.4987,8.5047
1978-06-30,8.4742,8.5332,8.5391,8.5433,8.5508
1978-07-03,8.4507,8.5113,8.5171,8.5212,8.5285
1978-07-05,8.4620,8.5314,8.5386,8.5437,8.5528
1978-07-06,8.4687,8.5339,8.5407,8.5456,8.5542
1978-07-07,8.4893,8.5611,8.5687,8.5741,8.5837
1978-07-10,8.5179,8.5912,8.5990,8.6045,8.6144
1978-07-11,8.5154,8.5871,8.5950,8.6005,8.6103
1978-07-12,8.5019,8.5787,8.5871,8.5930,8.6036
1978-07-13,8.5165,8.5930,8.6014,8.6073,8.6178
1978-07-14,8.5168,8.5836,8.5908,8.5960,8.6051
1978-07-17,8.5097,8.5665,8.5727,8.5771,8.5849
1978-07-18,8.5073,8.5614,8.5673,8.5715,8.5789
1978-07-19,8.5028,8.5545,8.5602,8.5642,8.5712
1978-07-20,8.5260,8.5839,8.5903,8.5948,8.6028
1978-07-21,8.5519,8.6022,8.6075,8.6113,8.6181
1978-07-24,8.5499,8.6033,8.6090,8.6131,8.6204
1978-07-25,8.5443,8.5988,8.6047,8.6089,8.6163
1978-07-26,8.5175,8.5704,8.5761,8.5802,8.5874
1978-07-27,8.4716,8.5124,8.5168,8.5199,8.5254
1978-07-28,8.4394,8.4645,8.4670,8.4688,8.4721
1978-07-31,8.4229,8.4661,8.4707,8.4740,8.4797
1978-08-01,8.4264,8.4568,8.4599,8.4621,8.4660
1978-08-02,8.3804,8.3809,8.3804,8.3800,8.3793
1978-08-03,8.3065,8.3202,8.3213,8.3221,8.3235
1978-08-04,8.2361,8.2675,8.2709,8.2733,8.2775
1978-08-07,8.2110,8.2524,8.2568,8.2600,8.2657
1978-08-08,8.1865,8.2282,8.2328,8.2360,8.2418
1978-08-09,8.1652,8.2111,8.2162,8.2197,8.2261
1978-08-10,8.2100,8.2855,8.2938,8.2997,8.3101
1978-08-11,8.2222,8.2769,8.2829,8.2872,8.2947
1978-08-14,8.2307,8.2929,8.2998,8.3046,8.3132
1978-08-15,8.2548,8.3145,8.3210,8.3257,8.3339
1978-08-16,8.4283,8.4459,8.4470,8.4477,8.4491
1978-08-17,8.4141,8.4118,8.4108,8.4100,8.4087
1978-08-18,8.4510,8.4175,8.4126,8.4091,8.4029
1978-08-21,8.4214,8.3633,8.3560,8.3507,8.3415
1978-08-22,8.4159,8.3634,8.3568,8.3521,8.3437
1978-08-23,8.3794,8.3125,8.3038,8.2976,8.2867
1978-08-24,8.3681,8.3186,8.3121,8.3075,8.2994
1978-08-25,8.3700,8.3215,8.3151,8.3105,8.3023
1978-08-28,8.3756,8.3217,8.3145,8.3094,8.3004
1978-08-29,8.3966,8.3420,8.3351,8.3301,8.3214
1978-08-30,8.4112,8.3792,8.3751,8.3722,8.3670
1978-08-31,8.4101,8.3743,8.3690,8.3652,8.3584
1978-09-01,8.4089,8.3669,8.3612,8.3571,8.3500
1978-09-05,8.3967,8.3436,8.3372,8.3326,8.3245
1978-09-06,8.3744,8.3248,8.3191,8.3151,8.3080
1978-09-07,8.3723,8.3226,8.3170,8.3130,8.3060
1978-09-08,8.3840,8.3220,8.3150,8.3101,8.3014
1978-09-11,8.3543,8.2935,8.2868,8.2820,8.2736
1978-09-12,8.3775,8.2980,8.2892,8.2830,8.2719
1978-09-13,8.3852,8.3000,8.2906,8.2838,8.2720
1978-09-14,8.3999,8.3112,8.3014,8.2944,8.2820
1978-09-15,8.4257,8.3300,8.3195,8.3120,8.2987
1978-09-18,8.4397,8.3469,8.3367,8.3294,8.3166
1978-09-19,8.4693,8.3693,8.3583,8.3505,8.3366
1978-09-20,8.5061,8.4057,8.3947,8.3868,8.3729
1978-09-21,8.5564,8.4405,8.4277,8.4186,8.4025
1978-09-22,8.6004,8.4793,8.4659,8.4564,8.4396
1978-09-25,8.6346,8.5011,8.4863,8.4758,8.4572
1978-09-26,8.6328,8.4891,8.4731,8.4618,8.4417
1978-09-27,8.6394,8.4947,8.4787,8.4673,8.4472
1978-09-28,8.6243,8.4814,8.4656,8.4543,8.4344
1978-09-29,8.6221,8.4866,8.4716,8.4610,8.4422
1978-10-02,8.6331,8.5075,8.4937,8.4839,8.4665
1978-10-03,8.6275,8.4991,8.4850,8.4749,8.4572
1978-10-04,8.6305,8.5017,8.4875,8.4774,8.4596
1978-10-05,8.6316,8.5036,8.4895,8.4795,8.4618
1978-10-06,8.6400,8.5016,8.4864,8.4756,8.4564
1978-10-10,8.6452,8.5058,8.4904,8.4796,8.4603
1978-10-11,8.6511,8.5041,8.4879,8.4764,8.4561
1978-10-12,8.6472,8.4878,8.4703,8.4578,8.4357
1978-10-13,8.6454,8.4840,8.4662,8.4536,8.4313
1978-10-16,8.6947,8.5471,8.5309,8.5194,8.4990
1978-10-17,8.7373,8.5543,8.5342,8.5199,8.4946
1978-10-18,8.7972,8.5866,8.5633,8.5468,8.5175
1978-10-19,8.8190,8.6025,8.5786,8.5616,8.5315
1978-10-20,8.8446,8.6258,8.6016,8.5844,8.5540
1978-10-23,8.8631,8.6290,8.6031,8.5847,8.5522
1978-10-24,8.8553,8.6189,8.5927,8.5742,8.5413
1978-10-25,8.8729,8.6445,8.6193,8.6014,8.5696
1978-10-26,8.9135,8.7007,8.6772,8.6606,8.6310
1978-10-27,8.9883,8.7895,8.7676,8.7521,8.7246
1978-10-30,9.1957,8.9370,8.9073,8.8862,8.8488
1978-10-31,9.4058,9.0577,9.0173,8.9885,8.9377
1978-11-01,9.3215,8.8462,8.7903,8.7507,8.6803
1978-11-02,9.3678,8.8664,8.8080,8.7666,8.6931
1978-11-03,9.4807,8.9107,8.8454,8.7990,8.7168
1978-11-06,9.4765,8.9198,8.8558,8.8104,8.7299
1978-11-08,9.5060,8.9345,8.8684,8.8215,8.7384
1978-11-09,9.5361,8.9599,8.8931,8.8456,8.7615
1978-11-10,9.5215,8.9415,8.8748,8.8275,8.7436
1978-11-13,9.4939,8.9238,8.8584,8.8120,8.7298
1978-11-14,9.4757,8.9065,8.8412,8.7949,8.7128
1978-11-15,9.4069,8.8449,8.7808,8.7352,8.6545
1978-11-16,9.2692,8.7770,8.7217,8.6825,8.6129
1978-11-17,9.2468,8.7749,8.7219,8.6843,8.6177
1978-11-20,9.2325,8.7754,8.7241,8.6877,8.6232
1978-11-21,9.2724,8.8108,8.7588,8.7219,8.6565
1978-11-22,9.3011,8.8288,8.7751,8.7371,8.6696
1978-11-24,9.4014,8.9291,8.8752,8.8369,8.7692
1978-11-27,9.4563,8.9413,8.8816,8.8392,8.7640
1978-11-28,9.4919,8.9539,8.8904,8.8454,8.7655
1978-11-29,9.4972,8.9602,8.8960,8.8505,8.7697
1978-11-30,9.4898,8.9582,8.8954,8.8508,8.7718
1978-12-01,9.4515,8.9141,8.8507,8.8057,8.7258
1978-12-04,9.4533,8.9354,8.8746,8.8314,8.7548
1978-12-05,9.4721,8.9527,8.8917,8.8484,8.7716
1978-12-06,9.4815,8.9583,8.8966,8.8527,8.7749
1978-12-07,9.4953,8.9826,8.9222,8.8794,8.8034
1978-12-08,9.5100,8.9922,8.9309,8.8873,8.8101
1978-12-11,9.5312,9.0036,8.9409,8.8964,8.8175
1978-12-12,9.5293,9.0079,8.9467,8.9032,8.8262
1978-12-13,9.5562,9.0620,9.0038,8.9625,8.8893
1978-12-14,9.5730,9.0626,9.0016,8.9583,8.8816
1978-12-15,9.6195,9.1006,9.0386,8.9946,8.9167
1978-12-18,9.8674,9.2591,9.1839,9.1305,9.0358
1978-12-19,9.9094,9.2812,9.2019,9.1456,9.0457
1978-12-20,9.9568,9.3215,9.2427,9.1867,9.0875
1978-12-21,9.9802,9.3352,9.2548,9.1977,9.0964
1978-12-22,9.9806,9.3218,9.2390,9.1801,9.0758
1978-12-26,10.0062,9.3307,9.2456,9.1851,9.0779
1978-12-27,10.0139,9.3234,9.2362,9.1743,9.0644
1978-12-28,10.0266,9.3538,9.2692,9.2090,9.1024
1978-12-29,10.0391,9.3552,9.2697,9.2089,9.1011
1979-01-02,10.0687,9.3751,9.2876,9.2254,9.1151
1979-01-03,10.0666,9.3640,9.2764,9.2142,9.1039
1979-01-04,10.0037,9.3163,9.2314,9.1710,9.0640
1979-01-05,10.0004,9.3152,9.2299,9.1693,9.0618
1979-01-08,10.0239,9.3478,9.2639,9.2044,9.0988
1979-01-09,10.0158,9.3497,9.2652,9.2052,9.0988
1979-01-10,10.0191,9.3528,9.2688,9.2090,9.1032
1979-01-11,10.0000,9.3482,9.2659,9.2074,9.1037
1979-01-12,9.9896,9.3317,9.2496,9.1913,9.0879
1979-01-15,9.9788,9.3361,9.2554,9.1981,9.0965
1979-01-16,9.9691,9.3361,9.2570,9.2009,9.1014
1979-01-17,9.9714,9.3436,9.2656,9.2102,9.1119
1979-01-18,9.9696,9.3458,9.2683,9.2132,9.1156
1979-01-19,9.9579,9.3271,9.2484,9.1925,9.0934
1979-01-22,9.9216,9.2930,9.2140,9.1578,9.0582
1979-01-23,9.8945,9.2624,9.1833,9.1270,9.0273
1979-01-24,9.8742,9.2389,9.1606,9.1049,9.0062
1979-01-25,9.7463,9.1256,9.0486,8.9939,8.8968
1979-01-26,9.6944,9.0815,9.0072,8.9545,8.8610
1979-01-29,9.6564,9.0726,9.0025,8.9527,8.8644
1979-01-30,9.6009,9.0370,8.9705,8.9233,8.8396
1979-01-31,9.5719,9.0246,8.9607,8.9154,8.8350
1979-02-01,9.5322,8.9985,8.9369,8.8931,8.8155
1979-02-02,9.4083,8.8928,8.8342,8.7927,8.7190
1979-02-05,9.4347,8.9555,8.9007,8.8619,8.7930
1979-02-06,9.4605,9.0082,8.9569,8.9205,8.8561
1979-02-07,9.5306,9.0906,9.0407,9.0053,8.9426
1979-02-08,9.5740,9.1269,9.0756,9.0393,8.9750
1979-02-09,9.5883,9.1436,9.0924,9.0560,8.9917
1979-02-13,9.5852,9.1474,9.0972,9.0616,8.9985
1979-02-14,9.5797,9.1434,9.0932,9.0576,8.9946
1979-02-15,9.5732,9.1417,9.0927,9.0579,8.9963
1979-02-16,9.5767,9.1397,9.0900,9.0548,8.9923
1979-02-20,9.5762,9.1531,9.1047,9.0704,9.0097
1979-02-21,9.5956,9.1751,9.1269,9.0927,9.0323
1979-02-22,9.7118,9.2634,9.2103,9.1727,9.1061
1979-02-23,9.7296,9.2771,9.2233,9.1851,9.1175
1979-02-26,9.7295,9.2713,9.2175,9.1793,9.1118
1979-02-27,9.7341,9.2725,9.2184,9.1800,9.1121
1979-02-28,9.7382,9.2666,9.2115,9.1724,9.1033
1979-03-01,9.7352,9.2658,9.2108,9.1719,9.1028
1979-03-02,9.7338,9.2633,9.2086,9.1698,9.1011
1979-03-05,9.7070,9.2143,9.1564,9.1153,9.0425
1979-03-06,9.6960,9.2173,9.1612,9.1214,9.0509
1979-03-07,9.6589,9.1885,9.1326,9.0929,9.0226
1979-03-08,9.6348,9.1763,9.1221,9.0837,9.0156
1979-03-09,9.6477,9.1984,9.1452,9.1074,9.0406
1979-03-12,9.6683,9.1958,9.1396,9.0997,9.0290
1979-03-13,9.6596,9.1950,9.1400,9.1011,9.0321
1979-03-14,9.6659,9.2070,9.1523,9.1135,9.0448
1979-03-15,9.6657,9.2093,9.1548,9.1162,9.0478
1979-03-16,9.6753,9.2132,9.1580,9.1189,9.0496
1979-03-19,9.6682,9.2027,9.1470,9.1074,9.0374
1979-03-20,9.6639,9.2080,9.1534,9.1146,9.0459
1979-03-21,9.6564,9.2075,9.1540,9.1160,9.0488
1979-03-22,9.6534,9.2035,9.1496,9.1113,9.0436
1979-03-23,9.6506,9.2032,9.1496,9.1115,9.0441
1979-03-26,9.6353,9.2042,9.1516,9.1143,9.0482
1979-03-27,9.6300,9.1938,9.1402,9.1022,9.0348
1979-03-28,9.6129,9.1774,9.1232,9.0847,9.0165
1979-03-29,9.5943,9.1666,9.1129,9.0746,9.0069
1979-03-30,9.6092,9.2028,9.1510,9.1141,9.0488
1979-04-02,9.6108,9.2076,9.1548,9.1172,9.0505
1979-04-03,9.6094,9.2014,9.1475,9.1090,9.0408
1979-04-04,9.6032,9.1947,9.1404,9.1016,9.0328
1979-04-05,9.5714,9.1668,9.1132,9.0750,9.0072
1979-04-06,9.5984,9.2029,9.1497,9.1117,9.0442
1979-04-09,9.6534,9.2383,9.1825,9.1426,9.0717
1979-04-10,9.6642,9.2614,9.2079,9.1696,9.1017
1979-04-11,9.6831,9.2860,9.2329,9.1949,9.1274
1979-04-12,9.7006,9.3018,9.2478,9.2091,9.1402
1979-04-16,9.7097,9.2964,9.2410,9.2012,9.1306
1979-04-17,9.6641,9.2598,9.2066,9.1687,9.1013
1979-04-18,9.6239,9.2327,9.1825,9.1468,9.0836
1979-04-19,9.5878,9.2203,9.1749,9.1426,9.0854
1979-04-20,9.6099,9.2515,9.2080,9.1771,9.1225
1979-04-23,9.6133,9.2666,9.2242,9.1942,9.1409
1979-04-24,9.6245,9.2782,9.2352,9.2047,9.1508
1979-04-25,9.6334,9.2737,9.2290,9.1972,9.1410
1979-04-26,9.6364,9.2921,9.2497,9.2196,9.1665
1979-04-27,9.7439,9.3538,9.3032,9.2672,9.2035
1979-04-30,9.7516,9.3644,9.3164,9.2823,9.2220
1979-05-01,9.7470,9.3597,9.3122,9.2785,9.2188
1979-05-02,9.7498,9.3607,9.3128,9.2789,9.2187
1979-05-03,9.7539,9.3736,9.3259,9.2920,9.2319
1979-05-04,9.7776,9.4080,9.3614,9.3283,9.2697
1979-05-07,9.7759,9.4002,9.3528,9.3191,9.2594
1979-05-08,9.7811,9.3965,9.3485,9.3144,9.2541
1979-05-09,9.7835,9.3896,9.3401,9.3049,9.2426
1979-05-10,9.7837,9.3886,9.3388,9.3034,9.2407
1979-05-11,9.7701,9.3677,9.3171,9.2811,9.2173
1979-05-14,9.7354,9.3354,9.2860,9.2510,9.1889
1979-05-15,9.7348,9.3477,9.2992,9.2647,9.2036
1979-05-16,9.7167,9.3321,9.2837,9.2493,9.1884
1979-05-17,9.6219,9.2646,9.2221,9.1920,9.1387
1979-05-18,9.5963,9.2381,9.1963,9.1667,9.1142
1979-05-21,9.6075,9.2490,9.2069,9.1771,9.1244
1979-05-22,9.5818,9.1995,9.1541,9.1219,9.0649
1979-05-23,9.5178,9.1023,9.0539,9.0196,8.9587
1979-05-24,9.4863,9.0823,9.0360,9.0031,8.9450
1979-05-25,9.4285,9.0416,8.9975,8.9662,8.9108
1979-05-29,9.3937,9.0373,8.9971,8.9686,8.9182
1979-05-31,9.4072,9.0715,9.0334,9.0064,8.9586
1979-06-01,9.4022,9.0686,9.0311,9.0046,8.9575
1979-06-04,9.3972,9.0677,9.0302,9.0037,8.9567
1979-06-05,9.3676,9.0429,9.0062,8.9801,8.9341
1979-06-06,9.2966,8.9852,8.9501,8.9252,8.8810
1979-06-07,9.1493,8.8840,8.8546,8.8338,8.7969
1979-06-08,9.1363,8.8847,8.8570,8.8374,8.8026
1979-06-11,9.1436,8.9040,8.8777,8.8589,8.8258
1979-06-12,8.9760,8.7783,8.7565,8.7411,8.7138
1979-06-13,8.9906,8.8026,8.7819,8.7672,8.7412
1979-06-14,9.0052,8.8291,8.8097,8.7960,8.7717
1979-06-15,9.0857,8.9140,8.8951,8.8817,8.8581
1979-06-18,9.1090,8.9041,8.8815,8.8655,8.8372
1979-06-19,9.1031,8.9051,8.8833,8.8678,8.8404
1979-06-20,9.0919,8.8948,8.8731,8.8577,8.8304
1979-06-21,9.0863,8.8945,8.8734,8.8584,8.8319
1979-06-22,9.1051,8.9230,8.9030,8.8888,8.8637
1979-06-25,9.0765,8.8973,8.8776,8.8637,8.8390
1979-06-26,8.9435,8.7829,8.7652,8.7527,8.7306
1979-06-27,8.8961,8.7196,8.7002,8.6864,8.6621
1979-06-28,8.8625,8.7206,8.7050,8.6939,8.6744
1979-06-29,8.8820,8.7265,8.7095,8.6974,8.6759
1979-07-02,8.8461,8.6923,8.6754,8.6634,8.6422
1979-07-03,8.8620,8.7113,8.6947,8.6830,8.6622
1979-07-05,8.8612,8.7134,8.6972,8.6857,8.6653
1979-07-06,8.8894,8.7324,8.7152,8.7030,8.6813
1979-07-09,8.9306,8.7750,8.7579,8.7458,8.7244
1979-07-10,8.9608,8.7998,8.7821,8.7696,8.7474
1979-07-11,8.9972,8.8362,8.8185,8.8060,8.7838
1979-07-12,8.9967,8.8263,8.8075,8.7943,8.7708
1979-07-13,8.9986,8.8240,8.8048,8.7912,8.7672
1979-07-16,9.0256,8.8565,8.8379,8.8247,8.8014
1979-07-17,9.0519,8.8776,8.8585,8.8449,8.8209
1979-07-18,9.0613,8.8869,8.8677,8.8542,8.8301
1979-07-19,9.0884,8.9069,8.8870,8.8729,8.8479
1979-07-20,9.1489,8.9182,8.8929,8.8749,8.8431
1979-07-23,9.2088,8.9607,8.9334,8.9141,8.8799
1979-07-24,9.2343,8.9834,8.9558,8.9363,8.9017
1979-07-25,9.2370,8.9673,8.9376,8.9166,8.8794
1979-07-26,9.1977,8.9385,8.9100,8.8898,8.8540
1979-07-27,9.2411,8.9951,8.9681,8.9489,8.9150
1979-07-30,9.2370,8.9908,8.9638,8.9446,8.9107
1979-07-31,9.2320,8.9845,8.9573,8.9380,8.9039
1979-08-01,9.1985,8.9583,8.9319,8.9132,8.8801
1979-08-02,9.1563,8.9062,8.8787,8.8592,8.8246
1979-08-03,9.1734,8.9206,8.8928,8.8731,8.8382
1979-08-06,9.1721,8.9132,8.8848,8.8646,8.8288
1979-08-07,9.1408,8.8962,8.8693,8.8502,8.8165
1979-08-08,9.1458,8.9076,8.8815,8.8629,8.8301
1979-08-09,9.1645,8.9338,8.9084,8.8905,8.8587
1979-08-10,9.2010,8.9693,8.9439,8.9258,8.8939
1979-08-13,9.2253,8.9787,8.9516,8.9324,8.8984
1979-08-14,9.2151,8.9581,8.9298,8.9098,8.8744
1979-08-15,9.2450,8.9880,8.9598,8.9398,8.9043
1979-08-16,9.2672,8.9943,8.9643,8.9430,8.9054
1979-08-17,9.3069,9.0111,8.9785,8.9555,8.9146
1979-08-20,9.3199,9.0239,8.9913,8.9682,8.9274
1979-08-21,9.3556,9.0530,9.0196,8.9960,8.9541
1979-08-22,9.4118,9.0779,9.0408,9.0145,8.9679
1979-08-23,9.4147,9.0799,9.0427,9.0164,8.9697
1979-08-24,9.5429,9.1691,9.1269,9.0970,9.0440
1979-08-27,9.5543,9.1645,9.1206,9.0895,9.0344
1979-08-28,9.6052,9.1991,9.1528,9.1199,9.0618
1979-08-29,9.6332,9.2027,9.1546,9.1204,9.0599
1979-08-30,9.7156,9.2681,9.2180,9.1824,9.1196
1979-08-31,9.7513,9.3054,9.2556,9.2203,9.1579
1979-09-04,9.8845,9.3992,9.3452,9.3069,9.2392
1979-09-05,9.9178,9.4138,9.3577,9.3180,9.2476
1979-09-06,9.9220,9.4213,9.3658,9.3264,9.2568
1979-09-07,9.9961,9.4479,9.3870,9.3438,9.2674
1979-09-10,10.0111,9.4641,9.4034,9.3604,9.2843
1979-09-11,9.9913,9.3692,9.2999,9.2508,9.1639
1979-09-12,10.0173,9.4160,9.3492,9.3018,9.2179
1979-09-13,10.0451,9.4503,9.3842,9.3372,9.2542
1979-09-14,10.0223,9.4197,9.3523,9.3045,9.2200
1979-09-17,10.0866,9.4844,9.4172,9.3695,9.2852
1979-09-18,10.1280,9.5040,9.4342,9.3847,9.2971
1979-09-19,10.0657,9.4581,9.3905,9.3426,9.2578
1979-09-20,10.0577,9.4522,9.3848,9.3371,9.2526
1979-09-21,10.0260,9.4263,9.3598,9.3126,9.2292
1979-09-24,10.0225,9.4509,9.3876,9.3427,9.2633
1979-09-25,10.0124,9.4481,9.3856,9.3413,9.2629
1979-09-26,10.0323,9.4813,9.4203,9.3770,9.3005
1979-09-27,10.0822,9.5486,9.4895,9.4477,9.3737
1979-09-28,10.0856,9.5503,9.4911,9.4492,9.3750
1979-10-01,10.0960,9.5992,9.5444,9.5055,9.4367
1979-10-02,10.0919,9.5856,9.5296,9.4899,9.4196
1979-10-03,10.0829,9.5925,9.5383,9.5000,9.4321
1979-10-04,10.1270,9.6608,9.6094,9.5730,9.5087
1979-10-05,10.2235,9.7181,9.6622,9.6225,9.5525
1979-10-09,10.9237,10.1781,10.0944,10.0351,9.9305
1979-10-10,11.1660,10.3529,10.2613,10.1964,10.0819
1979-10-11,11.2068,10.3969,10.3064,10.2423,10.1291
1979-10-12,11.1609,10.3784,10.2915,10.2300,10.1215
1979-10-15,11.2249,10.4869,10.4049,10.3469,10.2445
1979-10-16,11.2518,10.4877,10.4021,10.3415,10.2346
1979-10-17,11.2393,10.4448,10.3553,10.2919,10.1800
1979-10-18,11.4803,10.6593,10.5614,10.4920,10.3695
1979-10-19,11.9833,11.0107,10.8765,10.7804,10.6100
1979-10-22,12.2927,11.3393,11.1866,11.0731,10.8648
1979-10-23,12.4297,11.3991,11.2348,11.1127,10.8889
1979-10-24,12.3239,11.2628,11.0974,10.9752,10.7524
1979-10-25,12.4120,11.3822,11.2249,11.1093,10.8996
1979-10-26,12.1207,11.0720,10.9249,10.8206,10.6413
1979-10-29,12.1247,11.1709,11.0312,10.9295,10.7469
1979-10-30,12.1300,11.1866,11.0461,10.9434,10.7582
1979-10-31,12.0542,11.1286,10.9947,10.8979,10.7264
1979-11-01,12.0173,11.1380,11.0166,10.9309,10.7845
1979-11-02,12.0402,11.1491,11.0273,10.9435,10.8080
1979-11-05,12.0432,11.1384,11.0148,10.9294,10.7900
1979-11-07,12.1429,11.2494,11.1245,11.0382,10.8989
1979-11-08,12.1497,11.1907,11.0596,10.9732,10.8544
1979-11-09,11.7035,10.8458,10.7517,10.6919,10.6043
1979-11-13,11.4716,10.7205,10.6483,10.6041,10.5416
1979-11-14,11.5945,10.8782,10.8032,10.7543,10.6771
1979-11-15,11.4161,10.7850,10.7088,10.6548,10.5595
1979-11-16,11.5270,10.9121,10.8364,10.7827,10.6879
1979-11-19,11.6795,10.9943,10.9030,10.8376,10.7217
1979-11-20,11.7472,11.0120,10.9050,10.8272,10.6876
1979-11-21,11.7899,11.0165,10.9008,10.8163,10.6644
1979-11-23,11.4206,10.7496,10.6530,10.5828,10.4570
1979-11-26,11.1467,10.4320,10.3539,10.3088,10.2642
1979-11-27,10.8620,10.2289,10.1764,10.1517,10.1429
1979-11-28,10.8896,10.3230,10.2769,10.2545,10.2421
1979-11-29,10.9120,10.3217,10.2747,10.2509,10.2320
1979-11-30,10.9723,10.3422,10.2929,10.2694,10.2567
1979-12-03,11.0587,10.3972,10.3478,10.3252,10.3168
1979-12-04,10.9822,10.3037,10.2557,10.2338,10.2237
1979-12-05,10.8964,10.1913,10.1532,10.1429,10.1643
1979-12-06,10.8090,10.0753,10.0425,10.0379,10.0729
1979-12-07,10.8774,10.1928,10.1654,10.1633,10.1975
1979-12-10,10.9106,10.2088,10.1802,10.1761,10.2031
1979-12-11,11.0188,10.3722,10.3479,10.3442,10.3636
1979-12-12,11.2606,10.5404,10.4993,10.4838,10.4858
1979-12-13,11.2438,10.4878,10.4503,10.4377,10.4429
1979-12-14,11.1211,10.4027,10.3670,10.3516,10.3407
1979-12-17,11.1199,10.3827,10.3479,10.3353,10.3351
1979-12-18,11.0904,10.3071,10.2709,10.2620,10.2815
1979-12-19,11.0827,10.3024,10.2630,10.2511,10.2638
1979-12-20,11.1086,10.3407,10.2978,10.2837,10.2955
1979-12-21,11.1465,10.4078,10.3636,10.3455,10.3414
1979-12-24,11.1748,10.4202,10.3723,10.3533,10.3549
1979-12-26,11.1869,10.4529,10.4047,10.3832,10.3727
1979-12-27,11.1901,10.4544,10.4068,10.3867,10.3814
1979-12-28,11.1773,10.4146,10.3650,10.3448,10.3436
1979-12-31,11.0823,10.3289,10.2736,10.2530,10.2705
1980-01-02,11.1873,10.4714,10.4259,10.4087,10.4136
1980-01-03,11.2621,10.5037,10.4609,10.4520,10.4941
1980-01-04,11.2627,10.5529,10.5162,10.5087,10.5412
1980-01-07,11.2393,10.5088,10.4692,10.4631,10.5123
1980-01-08,11.1727,10.4572,10.4192,10.4134,10.4610
1980-01-09,11.1474,10.4643,10.4304,10.4265,10.4727
1980-01-10,11.0979,10.4088,10.3764,10.3735,10.4202
1980-01-11,11.1357,10.5371,10.5232,10.5321,10.5819
1980-01-14,11.1902,10.5417,10.5246,10.5354,10.5970
1980-01-15,11.1647,10.5263,10.5119,10.5232,10.5832
1980-01-16,11.1361,10.5087,10.5006,10.5165,10.5815
1980-01-17,11.1648,10.5509,10.5444,10.5631,10.6430
1980-01-18,11.2823,10.6794,10.6704,10.6862,10.7581
1980-01-21,11.3705,10.7933,10.7926,10.8168,10.9098
1980-01-22,11.3763,10.7229,10.7125,10.7314,10.8185
1980-01-23,11.3548,10.7009,10.6880,10.7040,10.7826
1980-01-24,11.3855,10.8102,10.8088,10.8340,10.9367
1980-01-25,11.5041,10.9306,10.9222,10.9387,11.0203
1980-01-28,11.5432,10.9886,10.9806,10.9975,11.0831
1980-01-29,11.6034,11.0676,11.0558,11.0696,11.1540
1980-01-30,11.6171,11.0495,11.0319,11.0443,11.1411
1980-01-31,11.5511,10.9908,10.9729,10.9849,11.0803
1980-02-01,11.7422,11.1831,11.1550,11.1585,11.2400
1980-02-04,11.8662,11.3389,11.3104,11.3095,11.3676
1980-02-05,12.1511,11.7165,11.6850,11.6771,11.7127
1980-02-06,12.2024,11.7701,11.7489,11.7543,11.8340
1980-02-07,12.0033,11.5053,11.5100,11.5413,11.6637
1980-02-08,12.0891,11.6442,11.6384,11.6550,11.7362
1980-02-11,12.2836,11.7528,11.7368,11.7534,11.8617
1980-02-13,12.3178,11.7143,11.6907,11.7034,11.8085
1980-02-14,12.4023,11.7610,11.7347,11.7480,11.8595
1980-02-15,12.9176,12.0756,12.0114,12.0022,12.0977
1980-02-19,13.6751,12.7988,12.6995,12.6601,12.6981
1980-02-20,13.7599,12.9024,12.7804,12.7191,12.7158
1980-02-21,14.2734,13.3047,13.1720,13.1049,13.0806
1980-02-22,14.0692,13.0952,12.9766,12.9145,12.8741
1980-02-25,14.3456,13.3242,13.2033,13.1390,13.0844
1980-02-26,14.6487,13.7545,13.6299,13.5442,13.3998
1980-02-27,14.5761,13.6238,13.5029,13.4220,13.2891
1980-02-28,14.2826,12.9740,12.8385,12.7650,12.6849
1980-02-29,14.4810,13.0571,12.8866,12.7842,12.6465
1980-03-03,14.6400,13.2165,13.0390,12.9284,12.7692
1980-03-04,14.6939,13.2608,13.0648,12.9440,12.7922
1980-03-05,14.7280,13.3437,13.1293,12.9909,12.8207
1980-03-06,15.0311,13.5726,13.3238,13.1525,12.9429
1980-03-07,15.0987,13.3790,13.0950,12.9059,12.7060
1980-03-10,14.7357,13.0541,12.8005,12.6373,12.4686
1980-03-11,14.4903,12.6909,12.4630,12.3379,12.2721
1980-03-12,14.5926,12.8967,12.6781,12.5566,12.4815
1980-03-13,14.6516,12.8548,12.6047,12.4603,12.3667
1980-03-14,14.6269,12.8255,12.5905,12.4556,12.3628
1980-03-17,14.7472,12.8628,12.6318,12.5062,12.4338
1980-03-18,14.4623,12.6200,12.4030,12.2913,12.2558
1980-03-19,14.3495,12.6080,12.3900,12.2720,12.2199
1980-03-20,14.6098,12.8530,12.6165,12.4843,12.4152
1980-03-21,14.7258,13.0943,12.8655,12.7231,12.5887
1980-03-24,15.0781,13.5601,13.3184,13.1577,12.9792
1980-03-25,15.0340,13.4554,13.2139,13.0589,12.9127
1980-03-26,15.0005,13.3495,13.0978,12.9378,12.7987
1980-03-27,14.9538,13.2843,13.0467,12.9020,12.7958
1980-03-28,14.7647,13.0084,12.7558,12.6011,12.4869
1980-03-31,14.5831,12.7789,12.5852,12.4942,12.4896
1980-04-01,14.5080,12.8123,12.6526,12.5815,12.5732
1980-04-02,14.4100,12.7315,12.5427,12.4506,12.4497
1980-04-03,14.4028,12.6730,12.4748,12.3755,12.3638
1980-04-07,13.8214,12.1779,12.0352,11.9736,11.9751
1980-04-08,13.7144,12.1253,11.9794,11.9180,11.9447
1980-04-09,13.4080,12.0795,11.9627,11.9092,11.9075
1980-04-10,13.4466,12.0993,11.9778,11.9227,11.9284
1980-04-11,13.0584,11.7533,11.6531,11.6108,11.6165
1980-04-14,12.7538,11.5814,11.5110,11.4912,11.5344
1980-04-15,12.4921,11.4750,11.4405,11.4452,11.5196
1980-04-16,11.6398,10.7453,10.7711,10.8239,10.9851
1980-04-17,11.6059,10.9897,10.9743,10.9692,10.9667
1980-04-18,11.6478,11.0826,11.0302,10.9933,10.9288
1980-04-21,11.2666,10.8483,10.8122,10.7868,10.7423
1980-04-22,11.1575,10.7747,10.7630,10.7566,10.7470
1980-04-23,11.0498,10.7150,10.7434,10.7719,10.8321
1980-04-24,11.0984,10.7554,10.7922,10.8333,10.9308
1980-04-25,11.1050,10.7160,10.7572,10.8101,10.9527
1980-04-28,10.5352,10.2962,10.3771,10.4603,10.6561
1980-04-29,10.4935,10.3492,10.4293,10.5082,10.6883
1980-04-30,10.5082,10.4305,10.4986,10.5650,10.7166
1980-05-01,10.4627,10.2869,10.3252,10.3733,10.5120
1980-05-02,10.0966,9.8686,9.9208,9.9905,10.2082
1980-05-05,9.7664,9.7432,9.8247,9.9108,10.1347
1980-05-06,9.5525,9.4686,9.5501,9.6419,9.8973
1980-05-07,9.3915,9.4845,9.5790,9.6707,9.8883
1980-05-08,9.4367,9.6477,9.7499,9.8437,10.0553
1980-05-09,9.6052,9.8668,9.9718,10.0648,10.2668
1980-05-12,9.4875,9.7640,9.8791,9.9836,10.2195
1980-05-13,9.4184,9.5630,9.6928,9.8218,10.1311
1980-05-14,9.3122,9.5955,9.7355,9.8556,10.0971
1980-05-15,9.4128,9.7420,9.8693,9.9844,10.2374
1980-05-16,9.5645,9.8703,9.9780,10.0779,10.3149
1980-05-19,9.6766,9.9046,10.0302,10.1544,10.4603
1980-05-20,9.3863,9.5756,9.7293,9.8789,10.2245
1980-05-21,9.2331,9.5225,9.6667,9.8026,10.1121
1980-05-22,9.1574,9.5050,9.6428,9.7740,10.0868
1980-05-23,8.8261,9.2492,9.4009,9.5422,9.8714
1980-05-27,8.8256,9.2978,9.4507,9.5913,9.9152
1980-05-28,8.9340,9.4591,9.5970,9.7220,10.0157
1980-05-29,9.0753,9.5781,9.7226,9.8533,10.1498
1980-05-30,9.1529,9.5721,9.7166,9.8491,10.1459
1980-06-02,9.2450,9.7043,9.8467,9.9740,10.2521
1980-06-03,9.2019,9.5362,9.6535,9.7725,10.0848
1980-06-04,9.1073,9.4653,9.5787,9.6932,9.9952
1980-06-05,9.0364,9.4524,9.5640,9.6717,9.9456
1980-06-06,8.8388,9.2628,9.3636,9.4607,9.7214
1980-06-09,8.6416,9.1666,9.2649,9.3539,9.5995
1980-06-10,8.7271,9.2476,9.3448,9.4339,9.6834
1980-06-11,8.6684,9.1335,9.2212,9.3076,9.5766
1980-06-12,8.5005,8.9831,9.0720,9.1596,9.4341
1980-06-13,8.2841,8.8754,8.9785,9.0680,9.3175
1980-06-16,8.3422,8.8907,8.9725,9.0459,9.2806
1980-06-17,8.3420,8.8974,8.9818,9.0592,9.3024
1980-06-18,8.4908,8.9707,9.0549,9.1384,9.4009
1980-06-19,8.5267,8.9816,9.0559,9.1299,9.3696
1980-06-20,8.4916,8.9432,9.0186,9.0938,9.3385
1980-06-23,8.5522,9.0668,9.1420,9.2127,9.4418
1980-06-24,8.5992,9.1033,9.1819,9.2549,9.4887
1980-06-25,8.7185,9.2345,9.3125,9.3844,9.6187
1980-06-26,8.7824,9.3243,9.3988,9.4594,9.6518
1980-06-27,8.9334,9.4847,9.5604,9.6210,9.8065
1980-06-30,9.0500,9.5090,9.5832,9.6492,9.8688
1980-07-01,9.0503,9.5666,9.6564,9.7329,9.9530
1980-07-02,9.0486,9.5468,9.6440,9.7310,9.9887
1980-07-03,8.9177,9.3915,9.4784,9.5579,9.8141
1980-07-07,8.9623,9.5244,9.6288,9.7182,9.9652
1980-07-08,8.9338,9.4349,9.5362,9.6259,9.8800
1980-07-09,8.9411,9.4460,9.5472,9.6364,9.8879
1980-07-10,8.9945,9.5323,9.6362,9.7260,9.9742
1980-07-11,9.0612,9.5951,9.7012,9.7941,10.0522
1980-07-14,9.1250,9.6597,9.7667,9.8606,10.1221
1980-07-15,9.0805,9.5325,9.6275,9.7147,9.9772
1980-07-16,8.9911,9.4288,9.5228,9.6101,9.8759
1980-07-17,8.9754,9.4898,9.6033,9.7046,9.9813
1980-07-18,8.9864,9.4867,9.5977,9.6972,9.9721
1980-07-21,8.9901,9.4622,9.5620,9.6523,9.9154
1980-07-22,8.9996,9.5096,9.6120,9.7023,9.9568
1980-07-23,9.0453,9.5072,9.5926,9.6702,9.9167
1980-07-24,9.0839,9.5947,9.6893,9.7729,10.0222
1980-07-25,9.1364,9.6609,9.7602,9.8480,10.1052
1980-07-28,9.2726,9.8236,9.9170,9.9957,10.2201
1980-07-29,9.3475,9.8472,9.9333,10.0078,10.2305
1980-07-30,9.3836,9.8751,9.9709,10.0578,10.3140
1980-07-31,9.7073,10.1441,10.2090,10.2748,10.5204
1980-08-01,9.8073,10.1758,10.2384,10.3010,10.5301
1980-08-04,9.7767,10.0940,10.1621,10.2343,10.4876
1980-08-05,9.7495,10.0888,10.1658,10.2442,10.4944
1980-08-06,9.7950,10.1833,10.2690,10.3541,10.6165
1980-08-07,9.7604,10.1309,10.2204,10.3116,10.5856
1980-08-08,9.8283,10.2398,10.3332,10.4253,10.7017
1980-08-11,10.0120,10.4332,10.5149,10.5957,10.8517
1980-08-12,10.0580,10.4182,10.4970,10.5805,10.8463
1980-08-13,10.0538,10.3903,10.4821,10.5766,10.8382
1980-08-14,10.0682,10.3868,10.4706,10.5581,10.8056
1980-08-15,10.1124,10.3978,10.4790,10.5647,10.8024
1980-08-18,10.5656,10.8249,10.8594,10.8990,11.0323
1980-08-19,10.8658,10.9478,10.9766,11.0163,11.1416
1980-08-20,11.0473,11.0387,11.0136,11.0143,11.1169
1980-08-21,11.1520,11.0930,11.0687,11.0715,11.1708
1980-08-22,11.1469,11.0537,11.0218,11.0154,11.0815
1980-08-25,11.3969,11.3587,11.3438,11.3393,11.3485
1980-08-26,11.4008,11.3475,11.3386,11.3390,11.3564
1980-08-27,11.5440,11.5512,11.5154,11.4961,11.5147
1980-08-28,11.7053,11.7876,11.7362,11.6892,11.6433
1980-08-29,11.5591,11.5248,11.4633,11.4108,11.3600
1980-09-02,11.2699,11.2568,11.2247,11.2054,11.2376
1980-09-03,10.9447,10.9412,10.9321,10.9381,11.0293
1980-09-04,10.8816,11.0075,11.0104,11.0156,11.0785
1980-09-05,10.9847,11.0712,11.0605,11.0571,11.1218
1980-09-08,11.1311,11.1672,11.1501,11.1478,11.2305
1980-09-09,11.1218,11.1181,11.0996,11.0971,11.1715
1980-09-10,11.0885,11.0297,11.0122,11.0171,11.1274
1980-09-11,11.2472,11.2107,11.1941,11.1954,11.2777
1980-09-12,11.3670,11.2514,11.2294,11.2294,11.3115
1980-09-15,11.7831,11.5476,11.4932,11.4733,11.5457
1980-09-16,11.7424,11.4590,11.4235,11.4218,11.5129
1980-09-17,11.7883,11.5726,11.5121,11.4827,11.5277
1980-09-18,11.8097,11.5504,11.4908,11.4644,11.5095
1980-09-19,11.5813,11.3164,11.2795,11.2758,11.3611
1980-09-22,11.9496,11.6846,11.6271,11.6081,11.6887
1980-09-23,11.9786,11.7251,11.6713,11.6498,11.6934
1980-09-24,11.9135,11.7133,11.6672,11.6499,11.6946
1980-09-25,12.0387,11.8525,11.8248,11.8213,11.8728
1980-09-26,12.3118,11.9831,11.9289,11.9101,11.9603
1980-09-29,12.3542,12.0150,11.9819,11.9822,12.0673
1980-09-30,12.1246,11.7899,11.7528,11.7481,11.8337
1980-10-01,12.0105,11.6450,11.6016,11.5962,11.7204
1980-10-02,12.0562,11.7375,11.7036,11.7008,11.8006
1980-10-03,11.5950,11.2631,11.2671,11.2936,11.4195
1980-10-06,11.4744,11.2469,11.2610,11.2895,11.3951
1980-10-07,11.5225,11.3094,11.3154,11.3359,11.4244
1980-10-08,11.7323,11.4779,11.4638,11.4687,11.5409
1980-10-09,11.6491,11.3825,11.3706,11.3754,11.4319
1980-10-10,11.6288,11.4211,11.4194,11.4297,11.4824
1980-10-14,11.6464,11.3702,11.3465,11.3412,11.3826
1980-10-15,11.6024,11.2963,11.2626,11.2516,11.3005
1980-10-16,11.6757,11.4341,11.4029,11.3914,11.4337
1980-10-17,11.8570,11.5811,11.5492,11.5401,11.5925
1980-10-20,11.9476,11.5906,11.5482,11.5359,11.5975
1980-10-21,12.0392,11.6376,11.5992,11.5952,11.6761
1980-10-22,12.2052,11.8810,11.8223,11.7911,11.8101
1980-10-23,12.2336,11.7945,11.7490,11.7372,11.7933
1980-10-24,12.2274,11.7677,11.7153,11.6979,11.7513
1980-10-27,12.6474,12.1834,12.1275,12.1051,12.1322
1980-10-28,12.8062,12.4209,12.3960,12.3820,12.3619
1980-10-29,12.8992,12.5871,12.5523,12.5277,12.4850
1980-10-30,12.9787,12.6084,12.5665,12.5370,12.4857
1980-10-31,12.9873,12.6123,12.5701,12.5403,12.4884
1980-11-03,13.1414,12.6558,12.5981,12.5574,12.4864
1980-11-05,13.3238,12.8208,12.7549,12.7080,12.6261
1980-11-06,13.4509,13.0256,12.9832,12.9539,12.9034
1980-11-07,13.1776,12.7908,12.7595,12.7385,12.7028
1980-11-10,13.1655,12.8435,12.8092,12.7850,12.7430
1980-11-12,12.7559,12.3860,12.3668,12.3565,12.3425
1980-11-13,12.7398,12.3950,12.3762,12.3659,12.3517
1980-11-14,13.0268,12.7111,12.6759,12.6494,12.5995
1980-11-17,13.4740,12.9617,12.8916,12.8418,12.7546
1980-11-18,13.3052,12.6555,12.5812,12.5288,12.4374
1980-11-19,13.1656,12.5487,12.4800,12.4316,12.3471
1980-11-20,13.2776,12.6522,12.5818,12.5322,12.4456
1980-11-21,13.5923,12.9170,12.8360,12.7788,12.6792
1980-11-24,13.6696,12.9360,12.8415,12.7747,12.6581
1980-11-25,13.6925,12.9232,12.8187,12.7444,12.6144
1980-11-26,13.6881,12.8567,12.7491,12.6729,12.5394
1980-11-28,13.7878,12.9604,12.8475,12.7666,12.6245
1980-12-01,13.9025,13.1033,12.9920,12.9124,12.7724
1980-12-02,13.9503,13.1167,13.0130,12.9397,12.8118
1980-12-03,13.8833,13.0672,12.9617,12.8865,12.7544
1980-12-04,13.9258,13.0977,12.9881,12.9098,12.7725
1980-12-05,14.1555,13.1541,13.0131,12.9124,12.7358
1980-12-08,14.2115,13.1856,13.0470,12.9485,12.7760
1980-12-09,14.2838,13.3221,13.2051,13.1223,12.9777
1980-12-10,14.3460,13.3741,13.2584,13.1767,13.0341
1980-12-11,14.5896,13.7391,13.6469,13.5821,13.4695
1980-12-12,14.4592,13.5077,13.4043,13.3316,13.2051
1980-12-15,14.5889,13.5383,13.4151,13.3283,13.1771
1980-12-16,14.8079,13.7687,13.6339,13.5386,13.3727
1980-12-17,14.7068,13.5918,13.4357,13.3250,13.1314
1980-12-18,14.6428,13.5177,13.3396,13.2116,12.9864
1980-12-19,13.8790,12.8417,12.7079,12.6130,12.4469
1980-12-22,13.1768,12.3719,12.2416,12.1472,11.9800
1980-12-23,12.7589,12.3409,12.2659,12.2113,12.1147
1980-12-24,12.8748,12.4654,12.4011,12.3551,12.2741
1980-12-26,12.7294,12.2796,12.2215,12.1802,12.1076
1980-12-29,12.5817,12.1888,12.1389,12.1031,12.0404
1980-12-30,12.6633,12.3552,12.3135,12.2808,12.2198
1980-12-31,12.7432,12.4345,12.3917,12.3576,12.2925
1981-01-02,12.8515,12.4787,12.4354,12.4016,12.3379
1981-01-05,12.1931,11.9935,11.9965,11.9940,11.9771
1981-01-06,12.1746,11.9850,11.9787,11.9697,11.9434
1981-01-07,12.5567,12.3139,12.2605,12.2178,12.1375
1981-01-08,12.7748,12.3861,12.3265,12.2817,12.2007
1981-01-09,13.1156,12.6497,12.5815,12.5320,12.4444
1981-01-12,12.8461,12.4082,12.3614,12.3284,12.2708
1981-01-13,12.9614,12.4855,12.4380,12.4047,12.3465
1981-01-14,12.7201,12.3782,12.3500,12.3302,12.2957
1981-01-15,12.8278,12.4925,12.4620,12.4406,12.4033
1981-01-16,12.8449,12.4453,12.4085,12.3827,12.3377
1981-01-19,13.1277,12.6552,12.6023,12.5650,12.5000
1981-01-20,13.1877,12.5344,12.4627,12.4121,12.3238
1981-01-21,13.3517,12.7708,12.7000,12.6499,12.5626
1981-01-22,13.4833,12.8712,12.8037,12.7562,12.6733
1981-01-23,13.4520,12.8416,12.7750,12.7281,12.6463
1981-01-26,13.2205,12.6619,12.6070,12.5683,12.5011
1981-01-27,13.2144,12.6860,12.6302,12.5909,12.5224
1981-01-28,13.2154,12.7086,12.6568,12.6203,12.5568
1981-01-29,13.1962,12.7096,12.6632,12.6307,12.5742
1981-01-30,13.1157,12.6401,12.5944,12.5624,12.5065
1981-02-02,13.2112,12.7686,12.7226,12.6902,12.6338
1981-02-03,13.3512,12.9124,12.8705,12.8410,12.7899
1981-02-04,13.3161,12.8583,12.8140,12.7830,12.7289
1981-02-05,13.2930,12.8651,12.8274,12.8012,12.7556
1981-02-06,13.4761,13.0272,12.9809,12.9484,12.8917
1981-02-09,13.5116,13.0865,13.0499,13.0245,12.9804
1981-02-10,13.6596,13.2429,13.1979,13.1663,13.1115
1981-02-11,13.7951,13.3728,13.3273,13.2953,13.2398
1981-02-13,14.0169,13.5572,13.5075,13.4726,13.4120
1981-02-17,13.6717,13.2650,13.2212,13.1904,13.1369
1981-02-18,13.6236,13.2345,13.1926,13.1631,13.1118
1981-02-19,13.4473,13.0575,13.0158,12.9865,12.9355
1981-02-20,13.2538,12.8839,12.8439,12.8157,12.7666
1981-02-23,13.4329,13.1593,13.1297,13.1089,13.0728
1981-02-24,13.4989,13.2149,13.1842,13.1625,13.1250
1981-02-25,13.5586,13.2676,13.2361,13.2140,13.1755
1981-02-26,13.6319,13.3978,13.3726,13.3548,13.3241
1981-02-27,13.6743,13.3982,13.3683,13.3473,13.3109
1981-03-02,13.8681,13.5823,13.5514,13.5297,13.4921
1981-03-03,13.7822,13.4260,13.3875,13.3604,13.3133
1981-03-04,13.7678,13.4545,13.4206,13.3968,13.3554
1981-03-05,13.7657,13.4408,13.4056,13.3809,13.3380
1981-03-06,13.7015,13.3767,13.3415,13.3168,13.2739
1981-03-09,13.5780,13.2538,13.2187,13.1940,13.1512
1981-03-10,13.4277,13.1106,13.0763,13.0521,13.0101
1981-03-11,13.4526,13.1697,13.1391,13.1175,13.0801
1981-03-12,13.3926,13.1332,13.1051,13.0853,13.0510
1981-03-13,13.2029,12.9742,12.9494,12.9320,12.9017
1981-03-16,13.0617,12.9114,12.8951,12.8837,12.8638
1981-03-17,12.9782,12.8609,12.8482,12.8392,12.8237
1981-03-18,12.6748,12.6026,12.5948,12.5893,12.5797
1981-03-19,12.6335,12.6481,12.6496,12.6508,12.6527
1981-03-20,12.6918,12.7170,12.7198,12.7217,12.7250
1981-03-23,13.0622,13.0897,13.0926,13.0947,13.0984
1981-03-24,13.2195,13.2384,13.2405,13.2419,13.2444
1981-03-25,13.2007,13.1968,13.1963,13.1960,13.1955
1981-03-26,13.2835,13.2860,13.2862,13.2864,13.2867
1981-03-27,13.3298,13.3107,13.3087,13.3072,13.3047
1981-03-30,13.2110,13.2539,13.2586,13.2618,13.2675
1981-03-31,13.1284,13.2144,13.2237,13.2302,13.2416
1981-04-01,12.9807,13.0303,13.0356,13.0394,13.0459
1981-04-02,13.0897,13.1616,13.1694,13.1748,13.1843
1981-04-03,13.2428,13.2834,13.2878,13.2908,13.2962
1981-04-06,13.8040,13.7243,13.7157,13.7097,13.6993
1981-04-07,13.5471,13.4407,13.4292,13.4211,13.4071
1981-04-08,13.6004,13.5604,13.5561,13.5531,13.5478
1981-04-09,13.5700,13.4675,13.4564,13.4486,13.4352
1981-04-10,13.6231,13.5444,13.5359,13.5300,13.5196
1981-04-13,13.9335,13.6387,13.5971,13.5677,13.5168
1981-04-14,13.7924,13.6377,13.5886,13.5489,13.4740
1981-04-15,13.8578,13.7806,13.7350,13.6965,13.6224
1981-04-16,13.9306,13.7984,13.7538,13.7165,13.6442
1981-04-20,14.0214,13.8201,13.7426,13.6747,13.5354
1981-04-21,14.0772,13.8365,13.7515,13.6785,13.5316
1981-04-22,14.1073,13.8603,13.7865,13.7250,13.6045
1981-04-23,14.1721,13.9008,13.8200,13.7538,13.6260
1981-04-24,14.2867,13.9918,13.9067,13.8383,13.7086
1981-04-27,14.3792,14.0472,13.9639,13.8994,13.7809
1981-04-28,14.3953,14.0130,13.9344,13.8746,13.7661
1981-04-29,14.4343,14.0679,13.9940,13.9376,13.8346
1981-04-30,14.5624,14.1730,14.1046,14.0538,13.9627
1981-05-01,14.5562,14.0843,14.0160,13.9675,13.8830
1981-05-04,15.0828,14.4989,14.4232,14.3700,14.2780
1981-05-05,15.7249,14.9082,14.8039,14.7306,14.6038
1981-05-06,15.5718,14.6988,14.5882,14.5104,14.3758
1981-05-07,15.4637,14.5419,14.4278,14.3475,14.2084
1981-05-08,15.5094,14.4957,14.3589,14.2623,14.0946
1981-05-11,15.5160,14.5614,14.4386,14.3522,14.2022
1981-05-12,15.5911,14.6479,14.5223,14.4337,14.2800
1981-05-13,15.6627,14.6559,14.5280,14.4379,14.2817
1981-05-14,15.5910,14.5043,14.3686,14.2731,14.1073
1981-05-15,15.3528,14.2726,14.1402,14.0470,13.8850
1981-05-18,14.9971,13.9783,13.8630,13.7819,13.6409
1981-05-19,15.1259,14.1337,14.0157,13.9327,13.7885
1981-05-20,15.3090,14.2491,14.1117,14.0148,13.8464
1981-05-21,15.4169,14.2817,14.1394,14.0391,13.8647
1981-05-22,15.3316,14.1639,14.0286,13.9333,13.7676
1981-05-26,14.8308,13.9053,13.7827,13.6959,13.5448
1981-05-27,14.8583,13.9264,13.8030,13.7158,13.5640
1981-05-28,14.6392,13.7820,13.6672,13.5858,13.4440
1981-05-29,14.4517,13.6738,13.5595,13.4783,13.3366
1981-06-01,14.1901,13.5382,13.4503,13.3880,13.2795
1981-06-02,14.3246,13.6819,13.5759,13.4995,13.3653
1981-06-03,14.3462,13.6308,13.5243,13.4485,13.3161
1981-06-04,14.4263,13.6647,13.5554,13.4779,13.3428
1981-06-05,14.4539,13.6875,13.5802,13.5042,13.3717
1981-06-08,14.0569,13.4277,13.3446,13.2859,13.1836
1981-06-09,14.1117,13.4509,13.3609,13.2972,13.1864
1981-06-10,14.0178,13.3703,13.2873,13.2289,13.1271
1981-06-11,14.1238,13.4614,13.3662,13.2988,13.1812
1981-06-12,14.1653,13.4667,13.3724,13.3058,13.1898
1981-06-15,13.8712,13.1960,13.1024,13.0362,12.9207
1981-06-16,13.8767,13.1830,13.0895,13.0235,12.9083
1981-06-17,14.0887,13.3354,13.2241,13.1452,13.0074
1981-06-18,14.2552,13.5594,13.4376,13.3500,13.1960
1981-06-19,14.4503,13.6056,13.4920,13.4119,13.2722
1981-06-22,14.3677,13.5695,13.4504,13.3659,13.2182
1981-06-23,14.3536,13.5802,13.4569,13.3688,13.2145
1981-06-24,14.4254,13.7005,13.5961,13.5222,13.3934
1981-06-25,14.4565,13.7331,13.6339,13.5638,13.4417
1981-06-26,14.4091,13.7381,13.6438,13.5770,13.4609
1981-06-29,14.3045,13.6868,13.5981,13.5352,13.4255
1981-06-30,14.3762,13.8741,13.7970,13.7422,13.6468
1981-07-01,14.6332,14.0645,13.9753,13.9118,13.8014
1981-07-02,14.6075,13.9964,13.9040,13.8384,13.7244
1981-07-06,14.5244,13.8781,13.7866,13.7220,13.6096
1981-07-07,14.6467,14.0911,14.0062,13.9460,13.8413
1981-07-08,14.7107,14.1489,14.0679,14.0106,13.9112
1981-07-09,14.8082,14.1886,14.0908,14.0211,13.8995
1981-07-10,14.7332,14.0759,13.9727,13.8980,13.7666
1981-07-13,14.5689,14.0809,13.9817,13.9009,13.7430
1981-07-14,14.6793,14.2000,14.0987,14.0170,13.8601
1981-07-15,14.7174,14.1572,14.0501,13.9633,13.7929
1981-07-16,14.8161,14.1740,14.0626,13.9805,13.8343
1981-07-17,14.8043,14.1610,14.0466,13.9621,13.8117
1981-07-20,15.5372,14.7597,14.5955,14.4747,14.2609
1981-07-21,15.6052,14.7844,14.6406,14.5356,14.3502
1981-07-22,15.6310,14.8004,14.6509,14.5407,14.3450
1981-07-23,15.5854,14.7717,14.6307,14.5244,14.3305
1981-07-24,15.4659,14.6178,14.4817,14.3796,14.1927
1981-07-27,15.2519,14.5314,14.4099,14.3174,14.1462
1981-07-28,15.4391,14.7308,14.5961,14.4911,14.2930
1981-07-29,15.5670,14.8450,14.7020,14.5905,14.3806
1981-07-30,15.6327,14.9384,14.7973,14.6869,14.4789
1981-07-31,15.6131,14.8972,14.7533,14.6412,14.4304
1981-08-03,15.8596,15.2729,15.1255,15.0066,14.7775
1981-08-04,15.8867,15.2109,15.0599,14.9412,14.7177
1981-08-05,15.8410,15.0969,14.9620,14.8623,14.6845
1981-08-06,15.7513,14.9749,14.8445,14.7490,14.5796
1981-08-07,15.7516,14.9610,14.8288,14.7327,14.5636
1981-08-10,15.6014,14.6963,14.5904,14.5159,14.3871
1981-08-11,15.4571,14.5826,14.4392,14.3333,14.1437
1981-08-12,15.6131,14.7666,14.6083,14.4909,14.2814
1981-08-13,15.7444,14.8451,14.6784,14.5559,14.3385
1981-08-14,15.8849,14.9015,14.7375,14.6197,14.4134
1981-08-17,15.9124,14.9357,14.7643,14.6402,14.4219
1981-08-18,15.9889,15.0336,14.8609,14.7320,14.4995
1981-08-19,15.9805,15.0097,14.8391,14.7123,14.4841
1981-08-20,15.9949,15.1240,14.9706,14.8516,14.6218
1981-08-21,16.0135,15.1497,15.0056,14.8928,14.6641
1981-08-24,16.4580,15.6076,15.4365,15.3046,15.0611
1981-08-25,16.4501,15.5620,15.4111,15.3024,15.1205
1981-08-26,16.4404,15.5418,15.3925,15.2846,15.1007
1981-08-27,16.4511,15.5547,15.4096,15.3059,15.1295
1981-08-28,16.3699,15.4952,15.3545,15.2521,15.0717
1981-08-31,16.3714,15.5809,15.4646,15.3832,15.2454
1981-09-01,16.4410,15.5824,15.4568,15.3685,15.2175
1981-09-02,16.4904,15.6009,15.4733,15.3828,15.2261
1981-09-03,16.5380,15.6634,15.5475,15.4659,15.3253
1981-09-04,16.6010,15.7006,15.5832,15.5005,15.3579
1981-09-08,16.6127,15.7584,15.6487,15.5716,15.4387
1981-09-09,16.6150,15.7023,15.5771,15.4887,15.3358
1981-09-10,16.5143,15.6091,15.4852,15.3977,15.2463
1981-09-11,16.4336,15.4798,15.3362,15.2336,15.0551
1981-09-14,16.2369,15.4477,15.3382,15.2610,15.1274
1981-09-15,16.0463,15.3909,15.2538,15.1491,14.9561
1981-09-16,15.9817,15.3862,15.2515,15.1469,14.9513
1981-09-17,15.9135,15.2175,15.0891,14.9951,14.8299
1981-09-18,15.8435,15.1710,15.0325,14.9285,14.7408
1981-09-21,15.6531,14.9565,14.8400,14.7559,14.6086
1981-09-22,15.7404,15.2181,15.1006,15.0111,14.8475
1981-09-23,15.8579,15.3783,15.2732,15.1944,15.0525
1981-09-24,15.9026,15.4827,15.3805,15.3018,15.1571
1981-09-25,16.1361,15.7821,15.7263,15.6891,15.6303
1981-09-28,16.3106,15.7666,15.6704,15.6102,15.5344
1981-09-29,16.3497,15.8619,15.7725,15.7180,15.6572
1981-09-30,16.4077,15.8834,15.7866,15.7244,15.6404
1981-10-01,16.3276,15.8166,15.7421,15.6896,15.5993
1981-10-02,16.2154,15.5980,15.5120,15.4515,15.3471
1981-10-05,15.6251,15.2897,15.2535,15.2282,15.1847
1981-10-06,15.6671,15.2280,15.1637,15.1182,15.0396
1981-10-07,15.5582,15.1768,15.0917,15.0274,14.9109
1981-10-08,15.5636,15.1352,15.0224,14.9444,14.8531
1981-10-09,15.2689,15.0038,14.9085,14.8273,14.6810
1981-10-13,15.0313,14.7452,14.7062,14.6872,14.6768
1981-10-14,15.0431,14.7824,14.7188,14.6849,14.6867
1981-10-15,15.0198,14.7714,14.7206,14.6944,14.6929
1981-10-16,15.0465,14.7921,14.7526,14.7362,14.7484
1981-10-19,15.1282,14.8938,14.8442,14.8146,14.7880
1981-10-20,15.1707,14.9302,14.8841,14.8589,14.8449
1981-10-21,15.2407,15.0824,15.0670,15.0632,15.0720
1981-10-22,15.3384,15.0858,15.0518,15.0417,15.0680
1981-10-23,15.2964,15.0675,15.0274,15.0104,15.0247
1981-10-26,15.3505,15.2462,15.2036,15.1853,15.2297
1981-10-27,15.3592,15.2587,15.2219,15.2051,15.2306
1981-10-28,15.3358,15.1998,15.1666,15.1543,15.1844
1981-10-29,15.2366,15.0204,14.9574,14.9226,14.9348
1981-10-30,14.5418,14.6055,14.6220,14.6321,14.6360
1981-11-02,14.3921,14.3402,14.3133,14.3030,14.3521
1981-11-04,14.0315,13.9982,13.9711,13.9512,13.9505
1981-11-05,14.0155,14.0398,14.0170,14.0001,14.0065
1981-11-06,13.8069,13.8308,13.8220,13.8148,13.8215
1981-11-09,13.1272,13.1676,13.1746,13.1945,13.3337
1981-11-10,13.0105,13.1008,13.1123,13.1345,13.2673
1981-11-12,12.9708,13.0071,13.0134,13.0389,13.1974
1981-11-13,12.6458,12.8093,12.8253,12.8467,12.9545
1981-11-16,12.4592,12.6886,12.7099,12.7284,12.8029
1981-11-17,12.4569,12.7747,12.8047,12.8288,12.9147
1981-11-18,12.3485,12.6944,12.7315,12.7556,12.8144
1981-11-19,12.2285,12.5674,12.6151,12.6559,12.7757
1981-11-20,12.2495,12.6400,12.6931,12.7353,12.8433
1981-11-23,12.4642,12.9439,13.0137,13.0652,13.1576
1981-11-24,12.3445,12.6490,12.7265,12.7910,12.9185
1981-11-25,12.1795,12.5391,12.6055,12.6584,12.7610
1981-11-27,12.1655,12.5707,12.6162,12.6521,12.7374
1981-11-30,12.2152,12.6247,12.6590,12.6882,12.7768
1981-12-01,12.5590,12.9077,12.9550,12.9953,13.0820
1981-12-02,12.7247,13.0819,13.1120,13.1335,13.1733
1981-12-03,12.7655,13.1371,13.1602,13.1780,13.2260
1981-12-04,12.3044,12.8439,12.8918,12.9176,12.9421
1981-12-07,12.5298,13.0624,13.0980,13.1196,13.1747
1981-12-08,12.7180,13.1836,13.2060,13.2190,13.2593
1981-12-09,12.8527,13.2811,13.3099,13.3341,13.4065
1981-12-10,13.1226,13.5361,13.5455,13.5515,13.5869
1981-12-11,13.3787,13.6087,13.6057,13.6070,13.6359
1981-12-14,13.3927,13.4376,13.4306,13.4396,13.5120
1981-12-15,13.1949,13.3074,13.3232,13.3439,13.4084
1981-12-16,13.1508,13.3014,13.3120,13.3282,13.3917
1981-12-17,13.3519,13.4329,13.4314,13.4423,13.5060
1981-12-18,13.3567,13.3505,13.3345,13.3370,13.3998
1981-12-21,13.6668,13.6701,13.6404,13.6267,13.6452
1981-12-22,13.8291,13.8303,13.8048,13.7928,13.7976
1981-12-23,14.0848,13.9800,13.9577,13.9482,13.9468
1981-12-24,14.0992,14.0011,13.9821,13.9695,13.9486
1981-12-28,14.0382,13.9268,13.9161,13.9106,13.9033
1981-12-29,14.0567,13.9935,13.9996,14.0066,14.0212
1981-12-30,13.9923,13.9828,14.0060,14.0258,14.0632
1981-12-31,13.8852,13.9230,13.9334,13.9413,13.9556
1982-01-04,13.8634,14.0336,14.0524,14.0658,14.0890
1982-01-05,14.1376,14.2656,14.2781,14.2870,14.3025
1982-01-06,14.2285,14.3036,14.3217,14.3478,14.4291
1982-01-07,14.2929,14.4186,14.4403,14.4655,14.5339
1982-01-08,14.1887,14.2483,14.2720,14.2990,14.3671
1982-01-11,14.5214,14.5907,14.6140,14.6426,14.7174
1982-01-12,14.5150,14.4640,14.4773,14.5011,14.5734
1982-01-13,14.6072,14.5528,14.5684,14.5961,14.6808
1982-01-14,14.6824,14.5347,14.5333,14.5472,14.6044
1982-01-15,14.7276,14.6277,14.6256,14.6353,14.6763
1982-01-18,14.7856,14.5985,14.5847,14.5841,14.6019
1982-01-19,14.7614,14.6291,14.6330,14.6469,14.6918
1982-01-20,14.8772,14.6807,14.6666,14.6668,14.6885
1982-01-21,14.7763,14.5747,14.5529,14.5416,14.5283
1982-01-22,14.9351,14.6493,14.6131,14.5926,14.5667
1982-01-25,14.8922,14.6358,14.6008,14.5791,14.5473
1982-01-26,14.6886,14.4440,14.4133,14.4000,14.3987
1982-01-27,14.5537,14.4431,14.4248,14.4150,14.4065
1982-01-28,14.2927,14.1607,14.1673,14.1817,14.2261
1982-01-29,14.2322,14.1371,14.1295,14.1280,14.1337
1982-02-01,14.9216,14.5493,14.5001,14.4783,14.4816
1982-02-02,14.7087,14.4166,14.3882,14.3785,14.3898
1982-02-03,14.7706,14.5602,14.5310,14.5200,14.5475
1982-02-04,14.7768,14.5850,14.5642,14.5604,14.6056
1982-02-05,14.7631,14.5427,14.5201,14.5130,14.5443
1982-02-08,14.9208,14.7245,14.6904,14.6720,14.6843
1982-02-09,14.9566,14.7820,14.7680,14.7669,14.8069
1982-02-10,14.8928,14.6825,14.6773,14.6843,14.7283
1982-02-11,14.8879,14.5963,14.5586,14.5400,14.5560
1982-02-16,14.8506,14.5672,14.5433,14.5281,14.5022
1982-02-17,14.9269,14.4886,14.4345,14.4043,14.3893
1982-02-18,14.7751,14.2897,14.2274,14.1925,14.1794
1982-02-19,14.7595,14.2809,14.2050,14.1567,14.1174
1982-02-22,14.0953,13.8858,13.8499,13.8255,13.7982
1982-02-23,14.0997,13.8838,13.8323,13.8020,13.7970
1982-02-24,14.0266,13.8234,13.7705,13.7391,13.7292
1982-02-25,14.0247,13.8242,13.7829,13.7635,13.7776
1982-02-26,14.1833,13.9411,13.8903,13.8671,13.8952
1982-03-01,14.0031,13.8144,13.7755,13.7554,13.7623
1982-03-02,13.9151,13.7401,13.6946,13.6645,13.6350
1982-03-03,13.8958,13.7012,13.6497,13.6134,13.5665
1982-03-04,13.7028,13.5511,13.5095,13.4809,13.4542
1982-03-05,13.5829,13.4926,13.4669,13.4502,13.4418
1982-03-08,13.5248,13.4811,13.4614,13.4538,13.4828
1982-03-09,13.5920,13.5530,13.5354,13.5270,13.5423
1982-03-10,13.6517,13.5678,13.5440,13.5316,13.5408
1982-03-11,13.9128,13.8171,13.7841,13.7618,13.7355
1982-03-12,14.0265,13.8704,13.8316,13.8034,13.7642
1982-03-15,14.1540,13.9483,13.8964,13.8551,13.7788
1982-03-16,14.0770,13.8761,13.8309,13.7977,13.7477
1982-03-17,14.0012,13.7928,13.7428,13.7076,13.6588
1982-03-18,14.0616,13.8000,13.7382,13.6965,13.6456
1982-03-19,14.1056,13.8486,13.7876,13.7427,13.6720
1982-03-22,13.9921,13.7607,13.6963,13.6437,13.5484
1982-03-23,13.9536,13.7356,13.6618,13.6003,13.4890
1982-03-24,13.9944,13.8534,13.7861,13.7274,13.6145
1982-03-25,14.0170,13.8783,13.8231,13.7758,13.6844
1982-03-26,14.1548,13.9321,13.8734,13.8308,13.7675
1982-03-29,14.4036,14.1098,14.0453,14.0031,13.9576
1982-03-30,14.3694,14.1813,14.1230,14.0750,13.9812
1982-03-31,14.3350,14.1988,14.1437,14.0920,13.9683
1982-04-01,14.2982,14.1399,14.0821,14.0294,13.9084
1982-04-02,14.2980,14.0969,14.0384,13.9901,13.8945
1982-04-05,14.2524,14.0995,14.0520,14.0109,13.9227
1982-04-06,14.2631,14.0999,14.0512,14.0101,13.9250
1982-04-07,14.3332,14.1167,14.0585,14.0121,13.9267
1982-04-08,14.2280,13.9876,13.9218,13.8642,13.7353
1982-04-12,14.1429,13.8359,13.7659,13.7136,13.6250
1982-04-13,14.1005,13.8162,13.7420,13.6826,13.5690
1982-04-14,14.1393,13.8817,13.8123,13.7555,13.6424
1982-04-15,14.1834,13.8878,13.8109,13.7476,13.6203
1982-04-16,14.0971,13.7444,13.6561,13.5840,13.4406
1982-04-19,14.0457,13.6990,13.6083,13.5360,13.4037
1982-04-20,14.0594,13.6890,13.6050,13.5452,13.4547
1982-04-21,13.9759,13.6377,13.5588,13.5050,13.4337
1982-04-22,13.9824,13.6719,13.5970,13.5417,13.4484
1982-04-23,13.9784,13.6345,13.5550,13.4984,13.4090
1982-04-26,13.9306,13.6433,13.5694,13.5140,13.4178
1982-04-27,13.9122,13.6328,13.5613,13.5073,13.4123
1982-04-28,13.9225,13.6775,13.6090,13.5564,13.4623
1982-04-29,13.9254,13.7309,13.6773,13.6371,13.5666
1982-04-30,13.8792,13.7253,13.6729,13.6308,13.5508
1982-05-03,14.0196,13.8286,13.7706,13.7253,13.6413
1982-05-04,14.0368,13.7873,13.7204,13.6691,13.5763
1982-05-05,14.0000,13.7120,13.6481,13.6020,13.5245
1982-05-06,13.7752,13.5426,13.4850,13.4413,13.3631
1982-05-07,13.6351,13.4538,13.3959,13.3484,13.2545
1982-05-10,13.6162,13.4410,13.3877,13.3446,13.2608
1982-05-11,13.5741,13.4174,13.3645,13.3199,13.2294
1982-05-12,13.6714,13.5500,13.5014,13.4603,13.3769
1982-05-13,13.7701,13.5947,13.5370,13.4900,13.3984
1982-05-14,13.6420,13.4353,13.3825,13.3403,13.2593
1982-05-17,13.6006,13.4289,13.4111,13.4046,13.4083
1982-05-18,13.6233,13.4872,13.4549,13.4324,13.3968
1982-05-19,13.6216,13.5300,13.4977,13.4729,13.4285
1982-05-20,13.4306,13.3667,13.3443,13.3286,13.3031
1982-05-21,13.4184,13.3753,13.3508,13.3333,13.3040
1982-05-24,13.4758,13.4410,13.4156,13.3963,13.3614
1982-05-25,13.5136,13.4548,13.4315,13.4145,13.3846
1982-05-26,13.4832,13.4985,13.4920,13.4873,13.4792
1982-05-27,13.4576,13.5143,13.5093,13.5054,13.4982
1982-05-28,13.4585,13.5275,13.5221,13.5177,13.5094
1982-06-01,13.6826,13.7578,13.7533,13.7495,13.7426
1982-06-02,13.7128,13.7497,13.7327,13.7194,13.6951
1982-06-03,13.7141,13.7441,13.7395,13.7362,13.7303
1982-06-04,13.7930,13.8294,13.8260,13.8233,13.8184
1982-06-07,13.7769,13.7973,13.7894,13.7833,13.7720
1982-06-08,13.7730,13.8249,13.8210,13.8176,13.8112
1982-06-09,13.8699,13.8524,13.8391,13.8293,13.8119
1982-06-10,13.8991,13.8738,13.8622,13.8539,13.8394
1982-06-11,13.8613,13.8191,13.7997,13.7853,13.7595
1982-06-14,14.1820,14.0946,14.0742,14.0597,14.0345
1982-06-15,14.1933,14.0957,14.0635,14.0393,13.9956
1982-06-16,14.2595,14.1268,14.0992,14.0795,14.0452
1982-06-17,14.5351,14.3765,14.3416,14.3163,14.2720
1982-06-18,14.6709,14.5143,14.4719,14.4402,14.3836
1982-06-21,14.7350,14.5686,14.5041,14.4521,14.3525
1982-06-22,14.7575,14.5381,14.4915,14.4576,14.3982
1982-06-23,14.8119,14.6486,14.5871,14.5380,14.4451
1982-06-24,14.8372,14.6279,14.5685,14.5234,14.4419
1982-06-25,14.8463,14.6541,14.5943,14.5476,14.4608
1982-06-28,14.8190,14.6333,14.5724,14.5238,14.4316
1982-06-29,14.7419,14.5854,14.5199,14.4650,14.3551
1982-06-30,14.6259,14.4186,14.3517,14.2986,14.1981
1982-07-01,14.5472,14.3716,14.3029,14.2465,14.1366
1982-07-02,14.5835,14.4277,14.3625,14.3093,14.2064
1982-07-06,14.5873,14.4595,14.3921,14.3348,14.2185
1982-07-07,14.5570,14.4343,14.3769,14.3285,14.2314
1982-07-08,14.1417,14.1530,14.1098,14.0672,13.9665
1982-07-09,13.9890,14.0243,13.9798,13.9356,13.8313
1982-07-12,13.7774,13.7596,13.7211,13.6915,13.6441
1982-07-13,14.0337,13.9264,13.8822,13.8485,13.7881
1982-07-14,14.0639,13.9924,13.9545,13.9250,13.8710
1982-07-15,13.9736,13.9114,13.8709,13.8388,13.7793
1982-07-16,13.6365,13.5889,13.5829,13.5787,13.5714
1982-07-19,13.4898,13.5394,13.5188,13.5020,13.4704
1982-07-20,13.2746,13.4400,13.4234,13.4060,13.3677
1982-07-21,13.2731,13.4605,13.4480,13.4342,13.4035
1982-07-22,13.1817,13.3172,13.3164,13.3149,13.3115
1982-07-23,13.1501,13.3250,13.3405,13.3513,13.3701
1982-07-26,13.4232,13.6463,13.6487,13.6486,13.6468
1982-07-27,13.3660,13.5869,13.6107,13.6275,13.6565
1982-07-28,13.4673,13.6697,13.6920,13.7077,13.7347
1982-07-29,13.3923,13.5818,13.6025,13.6171,13.6423
1982-07-30,13.2328,13.4383,13.4610,13.4770,13.5045
1982-08-02,12.9183,13.1717,13.1991,13.2184,13.2519
1982-08-03,12.9496,13.2441,13.2755,13.2975,13.3356
1982-08-04,13.0059,13.2862,13.3162,13.3373,13.3737
1982-08-05,13.0884,13.3294,13.3549,13.3728,13.4037
1982-08-06,13.1900,13.5067,13.5417,13.5662,13.6086
1982-08-09,13.1350,13.3884,13.4158,13.4351,13.4684
1982-08-10,13.1051,13.3760,13.4051,13.4255,13.4608
1982-08-11,13.1267,13.3917,13.4202,13.4403,13.4750
1982-08-12,12.9327,13.2363,13.2700,13.2936,13.3346
1982-08-13,12.8263,13.0137,13.0249,13.0325,13.0458
1982-08-16,12.4517,12.7699,12.8036,12.8272,12.8683
1982-08-17,11.9855,12.3898,12.4342,12.4654,12.5198
1982-08-18,11.8730,12.2472,12.2841,12.3101,12.3553
1982-08-19,11.7948,12.1642,12.1809,12.1913,12.2086
1982-08-20,11.5179,11.9193,11.9525,11.9758,12.0161
1982-08-23,11.5890,12.0907,12.1350,12.1660,12.2197
1982-08-24,11.5994,12.0197,12.0617,12.0913,12.1429
1982-08-25,11.6546,12.0589,12.1007,12.1301,12.1814
1982-08-26,11.6339,12.0849,12.1335,12.1677,12.2272
1982-08-27,11.8646,12.3774,12.4331,12.4723,12.5402
1982-08-30,12.0654,12.4255,12.4644,12.4919,12.5395
1982-08-31,12.0748,12.4205,12.4577,12.4839,12.5294
1982-09-01,12.0772,12.3885,12.4208,12.4435,12.4829
1982-09-02,12.0759,12.3252,12.3438,12.3568,12.3793
1982-09-03,11.9122,12.1616,12.1854,12.2021,12.2312
1982-09-07,11.8867,12.1989,12.2326,12.2563,12.2976
1982-09-08,11.9905,12.2033,12.2153,12.2235,12.2377
1982-09-09,12.0202,12.2292,12.2397,12.2469,12.2593
1982-09-10,12.0236,12.3817,12.4205,12.4478,12.4953
1982-09-13,12.0733,12.3192,12.3364,12.3484,12.3692
1982-09-14,11.9762,12.2514,12.2802,12.3004,12.3357
1982-09-15,12.0392,12.2719,12.2920,12.3062,12.3308
1982-09-16,12.1287,12.3149,12.3210,12.3251,12.3319
1982-09-17,12.0425,12.2390,12.2539,12.2644,12.2826
1982-09-20,12.0431,12.2130,12.2176,12.2205,12.2256
1982-09-21,11.8429,11.9865,11.9884,11.9894,11.9911
1982-09-22,11.7729,11.9211,11.9147,11.9095,11.9000
1982-09-23,11.6929,11.8548,11.8646,11.8714,11.8832
1982-09-24,11.7154,11.9349,11.9541,11.9676,11.9911
1982-09-27,11.7161,11.8973,11.9135,11.9249,11.9448
1982-09-28,11.6271,11.8105,11.8263,11.8375,11.8570
1982-09-29,11.4593,11.7827,11.8174,11.8419,11.8845
1982-09-30,11.3195,11.7368,11.7822,11.8141,11.8697
1982-10-01,11.2415,11.6185,11.6595,11.6883,11.7387
1982-10-04,11.3866,11.7749,11.8170,11.8467,11.8985
1982-10-05,11.4015,11.7423,11.7793,11.8054,11.8509
1982-10-06,11.2513,11.5655,11.5996,11.6237,11.6657
1982-10-07,10.4652,10.9472,11.0274,11.0845,11.1845
1982-10-08,10.3563,10.9219,10.9869,11.0327,11.1129
1982-10-12,9.9575,10.5447,10.6086,10.6537,10.7328
1982-10-13,10.0379,10.5436,10.5987,10.6376,10.7058
1982-10-14,10.0722,10.5849,10.6408,10.6802,10.7493
1982-10-15,10.2410,10.7546,10.8105,10.8499,10.9190
1982-10-18,10.1187,10.6556,10.7141,10.7554,10.8277
1982-10-19,10.0449,10.5823,10.6408,10.6821,10.7545
1982-10-20,10.1381,10.6674,10.7251,10.7657,10.8370
1982-10-21,10.1150,10.6572,10.7162,10.7578,10.8308
1982-10-22,10.2270,10.7472,10.8038,10.8438,10.9138
1982-10-25,10.4366,10.9832,11.0428,11.0848,11.1583
1982-10-26,10.2899,10.8531,10.9146,10.9580,11.0338
1982-10-27,10.2960,10.8689,10.9320,10.9765,11.0543
1982-10-28,10.2244,10.7764,10.8386,10.8824,10.9591
1982-10-29,10.2135,10.7141,10.7687,10.8072,10.8747
1982-11-01,10.0363,10.5493,10.6064,10.6467,10.7174
1982-11-03,9.9752,10.4126,10.4608,10.4947,10.5543
1982-11-04,9.9644,10.3934,10.4408,10.4743,10.5331
1982-11-05,9.9740,10.4292,10.4803,10.5165,10.5799
1982-11-08,10.0149,10.5020,10.5584,10.5983,10.6682
1982-11-09,9.9652,10.4627,10.5225,10.5649,10.6391
1982-11-10,9.9726,10.4532,10.5094,10.5491,10.6187
1982-11-12,10.0105,10.5136,10.5712,10.6119,10.6833
1982-11-15,10.0574,10.6064,10.6707,10.7162,10.7957
1982-11-16,10.0633,10.6431,10.7143,10.7646,10.8526
1982-11-17,9.9942,10.5738,10.6442,10.6939,10.7811
1982-11-18,9.9693,10.5251,10.5908,10.6373,10.7186
1982-11-19,9.9195,10.4837,10.5493,10.5956,10.6768
1982-11-22,9.9015,10.4847,10.5524,10.6002,10.6839
1982-11-23,9.8828,10.5275,10.6071,10.6633,10.7619
1982-11-24,9.9155,10.5785,10.6586,10.7152,10.8142
1982-11-26,9.8974,10.5997,10.6741,10.7199,10.7822
1982-11-29,9.9974,10.7630,10.8416,10.8882,10.9462
1982-11-30,10.0343,10.7667,10.8553,10.9127,10.9978
1982-12-01,10.0202,10.7449,10.8349,10.8943,10.9853
1982-12-02,10.0026,10.7201,10.8061,10.8615,10.9425
1982-12-03,9.8894,10.5291,10.6048,10.6559,10.7390
1982-12-06,9.8741,10.5732,10.6272,10.6461,10.6432
1982-12-07,9.8579,10.6004,10.6561,10.6735,10.6585
1982-12-08,9.9103,10.6965,10.7589,10.7807,10.7694
1982-12-09,9.8882,10.6928,10.7594,10.7843,10.7767
1982-12-10,9.9311,10.7512,10.8197,10.8457,10.8395
1982-12-13,9.9227,10.6976,10.7620,10.7868,10.7861
1982-12-14,9.6525,10.4725,10.5718,10.6296,10.6943
1982-12-15,9.6404,10.5052,10.6061,10.6634,10.7261
1982-12-16,9.6939,10.5749,10.6806,10.7414,10.8061
1982-12-17,9.7171,10.5861,10.6881,10.7465,10.8127
1982-12-20,9.7798,10.6395,10.7392,10.7955,10.8566
1982-12-21,9.7057,10.5355,10.6212,10.6640,10.6928
1982-12-22,9.6740,10.5356,10.6295,10.6787,10.7152
1982-12-23,9.6748,10.5189,10.6015,10.6408,10.6619
1982-12-27,9.6481,10.4942,10.5755,10.6131,10.6295
1982-12-28,9.6627,10.4772,10.5565,10.5943,10.6181
1982-12-29,9.6495,10.4802,10.5807,10.6377,10.6900
1982-12-30,9.6540,10.4570,10.5595,10.6202,10.6845
1982-12-31,9.6114,10.4306,10.5300,10.5871,10.6453
1983-01-03,9.5487,10.3649,10.4628,10.5187,10.5761
1983-01-04,9.5745,10.4137,10.5144,10.5718,10.6286
1983-01-05,9.5626,10.3959,10.4942,10.5499,10.6078
1983-01-06,9.5667,10.3905,10.4938,10.5555,10.6299
1983-01-07,9.4906,10.3261,10.4347,10.5023,10.5945
1983-01-10,9.4179,10.3024,10.4220,10.4982,10.6067
1983-01-11,9.3588,10.2626,10.3865,10.4661,10.5795
1983-01-12,9.3317,10.2254,10.3501,10.4313,10.5506
1983-01-13,9.2570,10.1661,10.2931,10.3765,10.5054
1983-01-14,9.1827,10.1134,10.2496,10.3419,10.4922
1983-01-17,9.1980,10.1105,10.2500,10.3464,10.5057
1983-01-18,9.2070,10.1163,10.2565,10.3540,10.5175
1983-01-19,9.2992,10.1974,10.3371,10.4353,10.6053
1983-01-20,9.3348,10.2209,10.3570,10.4522,10.6162
1983-01-21,9.4985,10.4316,10.5675,10.6584,10.7984
1983-01-24,9.6305,10.5157,10.6447,10.7318,10.8721
1983-01-25,9.6229,10.4820,10.6081,10.6938,10.8356
1983-01-26,9.6317,10.5174,10.6515,10.7447,10.9046
1983-01-27,9.6429,10.5172,10.6496,10.7412,10.8945
1983-01-28,9.6428,10.5446,10.6799,10.7728,10.9258
1983-01-31,9.7216,10.6542,10.7895,10.8798,11.0174
1983-02-01,9.7551,10.6760,10.8088,10.8971,11.0308
1983-02-02,9.8414,10.7077,10.8304,10.9116,11.0374
1983-02-03,9.8221,10.7135,10.8415,10.9272,11.0635
1983-02-04,9.9482,10.8194,10.9411,11.0211,11.1441
1983-02-07,9.9573,10.7918,10.9106,10.9903,11.1210
1983-02-08,9.9632,10.8085,10.9274,11.0063,11.1326
1983-02-09,9.9916,10.8259,10.9425,11.0200,11.1456
1983-02-10,9.8812,10.6948,10.8070,10.8815,11.0054
1983-02-11,9.7965,10.6513,10.7662,10.8410,10.9617
1983-02-14,9.8355,10.6839,10.7947,10.8653,10.9739
1983-02-15,9.8578,10.7190,10.8309,10.9018,11.0086
1983-02-16,9.7946,10.6238,10.7367,10.8118,10.9426
1983-02-17,9.7417,10.5706,10.6774,10.7467,10.8681
1983-02-18,9.6641,10.4780,10.5760,10.6373,10.7432
1983-02-22,9.5571,10.3717,10.4656,10.5217,10.6093
1983-02-23,9.5796,10.3751,10.4654,10.5188,10.6018
1983-02-24,9.5540,10.3476,10.4460,10.5075,10.6070
1983-02-25,9.3721,10.1595,10.2595,10.3242,10.4401
1983-02-28,9.3806,10.1843,10.2892,10.3571,10.4716
1983-03-01,9.3307,10.1311,10.2280,10.2887,10.3942
1983-03-02,9.3613,10.1545,10.2534,10.3160,10.4221
1983-03-03,9.3115,10.1092,10.2163,10.2866,10.4052
1983-03-04,9.3268,10.1399,10.2529,10.3282,10.4545
1983-03-07,9.4585,10.2862,10.4007,10.4739,10.5743
1983-03-08,9.5717,10.3736,10.4883,10.5640,10.6785
1983-03-09,9.5820,10.3447,10.4580,10.5359,10.6683
1983-03-10,9.6222,10.4079,10.5195,10.5936,10.7104
1983-03-11,9.6371,10.4246,10.5401,10.6189,10.7518
1983-03-14,9.6062,10.3734,10.4826,10.5567,10.6875
1983-03-15,9.5790,10.3292,10.4355,10.5076,10.6349
1983-03-16,9.6264,10.3736,10.4805,10.5536,10.6845
1983-03-17,9.6736,10.4151,10.5172,10.5855,10.7045
1983-03-18,9.7318,10.4320,10.5302,10.5967,10.7164
1983-03-21,9.7858,10.4776,10.5666,10.6234,10.7176
1983-03-22,9.8218,10.5157,10.6028,10.6576,10.7467
1983-03-23,9.8332,10.4935,10.5743,10.6240,10.7024
1983-03-24,9.8080,10.4781,10.5659,10.6218,10.7085
1983-03-25,9.8700,10.5299,10.6239,10.6862,10.7833
1983-03-28,9.9031,10.5473,10.6380,10.6976,10.7897
1983-03-29,9.8679,10.5171,10.6107,10.6729,10.7694
1983-03-30,9.8721,10.5005,10.5910,10.6513,10.7476
1983-03-31,9.8674,10.5174,10.6098,10.6710,10.7665
1983-04-04,9.8790,10.5131,10.6059,10.6680,10.7661
1983-04-05,9.7660,10.3900,10.4851,10.5508,10.6614
1983-04-06,9.7370,10.3727,10.4689,10.5347,10.6411
1983-04-07,9.7244,10.3777,10.4795,10.5497,10.6618
1983-04-08,9.7074,10.3798,10.4839,10.5552,10.6666
1983-04-11,9.5858,10.2677,10.3739,10.4472,10.5643
1983-04-12,9.5921,10.3090,10.4094,10.4744,10.5679
1983-04-13,9.5869,10.2903,10.3885,10.4519,10.5433
1983-04-14,9.5072,10.1832,10.2811,10.3462,10.4469
1983-04-15,9.5279,10.2183,10.3156,10.3785,10.4682
1983-04-18,9.5050,10.2058,10.3050,10.3691,10.4580
1983-04-19,9.5422,10.3010,10.4069,10.4740,10.5584
1983-04-20,9.5680,10.2903,10.3935,10.4607,10.5556
1983-04-21,9.5915,10.3240,10.4269,10.4928,10.5808
1983-04-22,9.5607,10.2999,10.4053,10.4739,10.5704
1983-04-25,9.5279,10.2687,10.3774,10.4495,10.5548
1983-04-26,9.5093,10.2624,10.3699,10.4399,10.5387
1983-04-27,9.4668,10.1904,10.2915,10.3572,10.4536
1983-04-28,9.4446,10.1639,10.2747,10.3501,10.4639
1983-04-29,9.3926,10.1373,10.2485,10.3226,10.4295
1983-05-02,9.3493,10.1244,10.2354,10.3075,10.4056
1983-05-03,9.3248,10.0901,10.2017,10.2752,10.3809
1983-05-04,9.2564,9.9987,10.1145,10.1937,10.3142
1983-05-05,9.2668,10.0375,10.1551,10.2339,10.3455
1983-05-06,9.2420,10.0047,10.1225,10.2023,10.3187
1983-05-09,9.3034,10.0872,10.2070,10.2873,10.4000
1983-05-10,9.2672,10.0323,10.1494,10.2285,10.3446
1983-05-11,9.2362,10.0166,10.1372,10.2193,10.3428
1983-05-12,9.2732,10.0571,10.1758,10.2558,10.3743
1983-05-13,9.2789,10.0551,10.1716,10.2496,10.3632
1983-05-16,9.4100,10.1695,10.2940,10.3818,10.5220
1983-05-17,9.4100,10.1805,10.3071,10.3964,10.5389
1983-05-18,9.4241,10.2112,10.3406,10.4319,10.5772
1983-05-19,9.5039,10.3091,10.4386,10.5282,10.6629
1983-05-20,9.5283,10.3432,10.4731,10.5624,10.6934
1983-05-23,9.6697,10.4221,10.5414,10.6236,10.7476
1983-05-24,9.6914,10.4392,10.5559,10.6353,10.7507
1983-05-25,9.6870,10.4460,10.5628,10.6416,10.7547
1983-05-26,9.7538,10.5087,10.6237,10.7008,10.8090
1983-05-27,9.7710,10.5146,10.6132,10.6753,10.7628
1983-05-31,9.9554,10.6884,10.7852,10.8460,10.9315
1983-06-01,9.9754,10.6699,10.7591,10.8144,10.8926
1983-06-02,9.9586,10.6503,10.7406,10.7975,10.8820
1983-06-03,9.9770,10.6958,10.7935,10.8559,10.9446
1983-06-06,10.0240,10.7244,10.8174,10.8754,10.9527
1983-06-07,10.1061,10.7792,10.8699,10.9272,11.0058
1983-06-08,10.1475,10.8173,10.9094,10.9686,11.0542
1983-06-09,10.1309,10.7735,10.8655,10.9261,11.0163
1983-06-10,10.1317,10.7899,10.8845,10.9465,11.0365
1983-06-13,10.0623,10.6813,10.7745,10.8377,10.9368
1983-06-14,10.0657,10.7062,10.8011,10.8645,10.9586
1983-06-15,10.0683,10.6891,10.7739,10.8277,10.9018
1983-06-16,10.0486,10.6606,10.7341,10.7766,10.8253
1983-06-17,10.0320,10.6686,10.7445,10.7884,10.8401
1983-06-20,10.1846,10.7957,10.8631,10.8992,10.9335
1983-06-21,10.2446,10.8005,10.8545,10.8810,10.9070
1983-06-22,10.2630,10.8345,10.8937,10.9240,10.9523
1983-06-23,10.2786,10.8677,10.9329,10.9685,11.0062
1983-06-24,10.3311,10.9411,11.0092,11.0469,11.0907
1983-06-27,10.3961,11.0043,11.0747,11.1155,11.1696
1983-06-28,10.3480,10.9542,11.0336,11.0831,11.1522
1983-06-29,10.3252,10.9266,11.0019,11.0473,11.1063
1983-06-30,10.2368,10.8835,10.9689,11.0219,11.0907
1983-07-01,10.2198,10.8880,10.9740,11.0261,11.0882
1983-07-05,10.4861,11.1634,11.2382,11.2794,11.3246
1983-07-06,10.4835,11.1318,11.2062,11.2489,11.2995
1983-07-07,10.5159,11.2174,11.3052,11.3587,11.4255
1983-07-08,10.6095,11.2640,11.3397,11.3882,11.4703
1983-07-11,10.6056,11.2138,11.2858,11.3329,11.4153
1983-07-12,10.7295,11.3289,11.4029,11.4556,11.5583
1983-07-13,10.7348,11.3109,11.3849,11.4393,11.5475
1983-07-14,10.7419,11.2954,11.3680,11.4219,11.5265
1983-07-15,10.8273,11.4369,11.5089,11.5588,11.6460
1983-07-18,10.8128,11.3586,11.4244,11.4700,11.5491
1983-07-19,10.7769,11.3245,11.3919,11.4385,11.5182
1983-07-20,10.7041,11.2438,11.3102,11.3572,11.4412
1983-07-21,10.7157,11.2754,11.3446,11.3940,11.4839
1983-07-22,10.7552,11.3499,11.4306,11.4890,11.5956
1983-07-25,10.7590,11.3611,11.4316,11.4813,11.5714
1983-07-26,10.7965,11.4188,11.4961,11.5502,11.6449
1983-07-27,10.8080,11.4235,11.5031,11.5603,11.6637
1983-07-28,10.8847,11.5482,11.6335,11.6929,11.7937
1983-07-29,11.0003,11.6531,11.7374,11.7953,11.8904
1983-08-01,11.0625,11.7064,11.7917,11.8530,11.9633
1983-08-02,11.1533,11.7221,11.7943,11.8470,11.9448
1983-08-03,11.1612,11.7431,11.8176,11.8711,11.9667
1983-08-04,11.2331,11.8472,11.9273,11.9856,12.0919
1983-08-05,11.2554,11.8561,11.9378,11.9979,12.1084
1983-08-08,11.2968,11.9667,12.0512,12.1102,12.2104
1983-08-09,11.3253,11.9293,12.0067,12.0623,12.1612
1983-08-10,11.3659,11.9963,12.0727,12.1259,12.2170
1983-08-11,11.3211,11.8843,11.9648,12.0233,12.1273
1983-08-12,11.2868,11.8165,11.8845,11.9331,12.0186
1983-08-15,11.1290,11.6211,11.6914,11.7422,11.8316
1983-08-16,11.0358,11.5535,11.6308,11.6865,11.7846
1983-08-17,10.9276,11.4601,11.5402,11.5979,11.6995
1983-08-18,10.8609,11.4686,11.5561,11.6188,11.7287
1983-08-19,10.8989,11.5085,11.5981,11.6624,11.7754
1983-08-22,10.7521,11.3433,11.4290,11.4904,11.5982
1983-08-23,10.7671,11.3749,11.4600,11.5207,11.6268
1983-08-24,10.7493,11.3524,11.4371,11.4976,11.6034
1983-08-25,10.7830,11.3971,11.4804,11.5398,11.6440
1983-08-26,10.8557,11.4447,11.5263,11.5847,11.6872
1983-08-29,11.0441,11.6470,11.7283,11.7863,11.8881
1983-08-30,11.0630,11.6790,11.7619,11.8210,11.9245
1983-08-31,11.1382,11.7751,11.8568,11.9147,12.0157
1983-09-01,11.1230,11.7616,11.8444,11.9032,12.0059
1983-09-02,11.1698,11.8002,11.8832,11.9423,12.0456
1983-09-06,11.0325,11.6379,11.7234,11.7847,11.8925
1983-09-07,10.9405,11.5490,11.6294,11.6866,11.7868
1983-09-08,10.8997,11.5964,11.6828,11.7392,11.8226
1983-09-09,10.9035,11.5772,11.6598,11.7153,11.8032
1983-09-12,10.6679,11.3813,11.4702,11.5285,11.6157
1983-09-13,10.7323,11.4412,11.5312,11.5912,11.6841
1983-09-14,10.8155,11.5453,11.6381,11.7003,11.7976
1983-09-15,10.8896,11.6196,11.7100,11.7702,11.8635
1983-09-16,10.8226,11.5150,11.6030,11.6627,11.7590
1983-09-19,10.7532,11.4664,11.5576,11.6196,11.7196
1983-09-20,10.6634,11.4165,11.5107,11.5720,11.6619
1983-09-21,10.6673,11.4589,11.5546,11.6149,11.6976
1983-09-22,10.6697,11.4365,11.5291,11.5881,11.6709
1983-09-23,10.6033,11.3682,11.4580,11.5144,11.5920
1983-09-26,10.4758,11.2557,11.3543,11.4183,11.5117
1983-09-27,10.4907,11.2705,11.3689,11.4332,11.5292
1983-09-28,10.4916,11.2927,11.3948,11.4613,11.5582
1983-09-29,10.5249,11.3061,11.4051,11.4701,11.5666
1983-09-30,10.4908,11.2549,11.3530,11.4182,11.5179
1983-10-03,10.5137,11.2535,11.3505,11.4170,11.5253
1983-10-04,10.5092,11.2564,11.3541,11.4209,11.5289
1983-10-05,10.4141,11.1571,11.2543,11.3203,11.4251
1983-10-06,10.3686,11.1292,11.2303,11.2995,11.4115
1983-10-07,10.3832,11.1377,11.2379,11.3070,11.4207
1983-10-11,10.5790,11.3729,11.4738,11.5421,11.6516
1983-10-12,10.5790,11.3660,11.4703,11.5422,11.6600
1983-10-13,10.5878,11.4104,11.5206,11.5964,11.7201
1983-10-14,10.5577,11.3462,11.4554,11.5327,11.6656
1983-10-17,10.4173,11.2267,11.3425,11.4239,11.5602
1983-10-18,10.4043,11.2504,11.3689,11.4514,11.5877
1983-10-19,10.4118,11.2465,11.3603,11.4390,11.5680
1983-10-20,10.4184,11.2515,11.3632,11.4401,11.5659
1983-10-21,10.4255,11.2322,11.3371,11.4101,11.5331
1983-10-24,10.5611,11.4060,11.5149,11.5890,11.7085
1983-10-25,10.5620,11.4315,11.5461,11.6240,11.7481
1983-10-26,10.5539,11.4353,11.5496,11.6263,11.7456
1983-10-27,10.5494,11.4072,11.5192,11.5960,11.7213
1983-10-28,10.5536,11.4059,11.5184,11.5968,11.7292
1983-10-31,10.5188,11.4083,11.5275,11.6091,11.7408
1983-11-01,10.5214,11.3895,11.5051,11.5850,11.7167
1983-11-02,10.5196,11.3990,11.5142,11.5924,11.7173
1983-11-03,10.5459,11.4450,11.5623,11.6416,11.7669
1983-11-04,10.6162,11.5369,11.6558,11.7342,11.8513
1983-11-07,10.6599,11.5686,11.6840,11.7588,11.8670
1983-11-09,10.6501,11.5572,11.6723,11.7471,11.8560
1983-11-10,10.5861,11.4529,11.5676,11.6446,11.7645
1983-11-14,10.5384,11.4016,11.5110,11.5828,11.6901
1983-11-15,10.5589,11.4214,11.5291,11.5996,11.7051
1983-11-16,10.5567,11.4106,11.5184,11.5895,11.6983
1983-11-17,10.5755,11.4367,11.5469,11.6191,11.7271
1983-11-18,10.5714,11.4413,11.5503,11.6215,11.7287
1983-11-21,10.5563,11.3921,11.4978,11.5682,11.6777
1983-11-22,10.5111,11.3214,11.4233,11.4910,11.5967
1983-11-23,10.5235,11.3384,11.4404,11.5085,11.6156
1983-11-25,10.5161,11.3249,11.4250,11.4912,11.5940
1983-11-28,10.5681,11.3779,11.4739,11.5363,11.6323
1983-11-29,10.5518,11.3574,11.4538,11.5168,11.6142
1983-11-30,10.5587,11.3694,11.4650,11.5267,11.6203
1983-12-01,10.5619,11.3797,11.4766,11.5393,11.6347
1983-12-02,10.6486,11.4839,11.5818,11.6448,11.7390
1983-12-05,10.6770,11.5072,11.6062,11.6699,11.7653
1983-12-06,10.6677,11.4979,11.5978,11.6622,11.7587
1983-12-07,10.6814,11.5167,11.6168,11.6814,11.7784
1983-12-08,10.7295,11.5728,11.6773,11.7461,11.8522
1983-12-09,10.7588,11.5891,11.6946,11.7647,11.8749
1983-12-12,10.7415,11.5836,11.6899,11.7601,11.8689
1983-12-13,10.8148,11.6610,11.7650,11.8326,11.9351
1983-12-14,10.8629,11.6961,11.7990,11.8659,11.9667
1983-12-15,10.8782,11.6846,11.7866,11.8529,11.9512
1983-12-16,10.8416,11.6273,11.7296,11.7969,11.8985
1983-12-19,10.8422,11.6090,11.7110,11.7796,11.8871
1983-12-20,10.8336,11.5987,11.7011,11.7697,11.8770
1983-12-21,10.8235,11.5874,11.6895,11.7578,11.8642
1983-12-22,10.7748,11.4972,11.5995,11.6713,11.7924
1983-12-23,10.8024,11.5231,11.6212,11.6897,11.8046
1983-12-27,10.7650,11.5158,11.6138,11.6798,11.7843
1983-12-28,10.7747,11.5506,11.6501,11.7164,11.8197
1983-12-29,10.7729,11.5437,11.6412,11.7060,11.8068
1983-12-30,10.7916,11.5534,11.6520,11.7183,11.8225
1984-01-03,10.8084,11.5838,11.6856,11.7548,11.8656
1984-01-04,10.7670,11.5263,11.6264,11.6946,11.8041
1984-01-05,10.7396,11.5198,11.6228,11.6921,11.8005
1984-01-06,10.7194,11.4958,11.5984,11.6683,11.7804
1984-01-09,10.6994,11.5012,11.6046,11.6731,11.7769
1984-01-10,10.6724,11.4748,11.5780,11.6460,11.7477
1984-01-11,10.6778,11.4889,11.5913,11.6580,11.7559
1984-01-12,10.6855,11.4976,11.5992,11.6643,11.7554
1984-01-13,10.5556,11.3115,11.4134,11.4833,11.5960
1984-01-16,10.4889,11.2925,11.3973,11.4653,11.5623
1984-01-17,10.4951,11.3025,11.4091,11.4794,11.5837
1984-01-18,10.5235,11.3344,11.4414,11.5109,11.6100
1984-01-19,10.5364,11.3457,11.4503,11.5175,11.6120
1984-01-20,10.5584,11.3604,11.4623,11.5279,11.6211
1984-01-23,10.5731,11.3595,11.4602,11.5251,11.6175
1984-01-24,10.5687,11.3605,11.4608,11.5247,11.6131
1984-01-25,10.5687,11.3612,11.4630,11.5288,11.6228
1984-01-26,10.5380,11.3499,11.4551,11.5227,11.6177
1984-01-27,10.5333,11.3393,11.4448,11.5137,11.6146
1984-01-30,10.5018,11.3283,11.4401,11.5144,11.6268
1984-01-31,10.5056,11.3468,11.4572,11.5297,11.6393
1984-02-01,10.5003,11.3430,11.4525,11.5244,11.6336
1984-02-02,10.4984,11.3265,11.4305,11.4979,11.5976
1984-02-03,10.4861,11.3250,11.4273,11.4935,11.5935
1984-02-06,10.5442,11.3764,11.4738,11.5380,11.6409
1984-02-07,10.5855,11.3944,11.4932,11.5595,11.6681
1984-02-08,10.5890,11.3932,11.4951,11.5646,11.6806
1984-02-09,10.5931,11.4087,11.5134,11.5855,11.7073
1984-02-10,10.6375,11.4816,11.5843,11.6537,11.7688
1984-02-14,10.6820,11.5099,11.6123,11.6821,11.7992
1984-02-15,10.6693,11.4920,11.5942,11.6642,11.7821
1984-02-16,10.6678,11.4855,11.5889,11.6603,11.7819
1984-02-17,10.7349,11.5669,11.6686,11.7353,11.8392
1984-02-21,10.7889,11.5884,11.6929,11.7615,11.8649
1984-02-22,10.7965,11.6038,11.7077,11.7754,11.8757
1984-02-23,10.8915,11.7176,11.8194,11.8845,11.9785
1984-02-24,10.8902,11.6834,11.7866,11.8539,11.9513
1984-02-27,10.8781,11.7306,11.8395,11.9084,12.0016
1984-02-28,10.9239,11.7793,11.8871,11.9558,12.0509
1984-02-29,10.9207,11.7330,11.8387,11.9084,12.0127
1984-03-01,10.9311,11.7809,11.8912,11.9618,12.0593
1984-03-02,10.9075,11.7191,11.8283,11.8998,11.9993
1984-03-05,10.9026,11.7618,11.8787,11.9547,12.0570
1984-03-06,10.9255,11.7826,11.9025,11.9809,12.0873
1984-03-07,10.9643,11.8968,12.0271,12.1107,12.2163
1984-03-08,11.0323,11.9419,12.0672,12.1473,12.2498
1984-03-09,11.0790,11.9677,12.0899,12.1679,12.2672
1984-03-12,11.0920,11.9693,12.0897,12.1662,12.2625
1984-03-13,11.1039,11.9709,12.0897,12.1652,12.2602
1984-03-14,11.1492,12.0171,12.1351,12.2102,12.3069
1984-03-15,11.1642,12.0246,12.1421,12.2167,12.3120
1984-03-16,11.1718,12.0166,12.1311,12.2050,12.3047
1984-03-19,11.2609,12.1023,12.2190,12.2957,12.4036
1984-03-20,11.3474,12.1487,12.2603,12.3331,12.4323
1984-03-21,11.3854,12.1504,12.2559,12.3247,12.4179
1984-03-22,11.4745,12.2120,12.3135,12.3791,12.4632
1984-03-23,11.4892,12.2068,12.3041,12.3674,12.4507
1984-03-26,11.5139,12.2062,12.3058,12.3711,12.4544
1984-03-27,11.4890,12.1959,12.2946,12.3591,12.4432
1984-03-28,11.4568,12.1687,12.2700,12.3366,12.4242
1984-03-29,11.4210,12.1538,12.2580,12.3253,12.4050
1984-03-30,11.5085,12.2494,12.3457,12.4059,12.4757
1984-04-02,11.4836,12.2598,12.3663,12.4338,12.5103
1984-04-03,11.6134,12.3709,12.4664,12.5244,12.5839
1984-04-04,11.6571,12.4079,12.5030,12.5608,12.6205
1984-04-05,11.6426,12.3990,12.4978,12.5595,12.6290
1984-04-06,11.5267,12.2632,12.3619,12.4254,12.5053
1984-04-09,11.5003,12.2234,12.3196,12.3814,12.4605
1984-04-10,11.4802,12.2376,12.3391,12.4042,12.4868
1984-04-11,11.4757,12.2422,12.3469,12.4143,12.4991
1984-04-12,11.4498,12.1926,12.2922,12.3559,12.4345
1984-04-13,11.4960,12.2815,12.3800,12.4420,12.5204
1984-04-16,11.5693,12.3559,12.4591,12.5238,12.5990
1984-04-17,11.5473,12.3163,12.4152,12.4785,12.5614
1984-04-18,11.5885,12.4055,12.5192,12.5914,12.6735
1984-04-19,11.6334,12.4612,12.5773,12.6525,12.7460
1984-04-23,11.6395,12.4708,12.5871,12.6626,12.7581
1984-04-24,11.6381,12.4692,12.5805,12.6518,12.7416
1984-04-25,11.6242,12.4329,12.5386,12.6055,12.6873
1984-04-26,11.6067,12.4125,12.5171,12.5832,12.6646
1984-04-27,11.6876,12.5197,12.6256,12.6916,12.7691
1984-04-30,11.6898,12.5210,12.6263,12.6919,12.7688
1984-05-01,11.7274,12.5477,12.6532,12.7196,12.7998
1984-05-02,11.7758,12.5851,12.6908,12.7578,12.8387
1984-05-03,11.7983,12.6136,12.7182,12.7839,12.8634
1984-05-04,11.9733,12.7856,12.8829,12.9427,13.0146
1984-05-07,12.0470,12.8408,12.9383,12.9997,13.0789
1984-05-08,12.1019,12.8490,12.9371,12.9920,13.0630
1984-05-09,12.1417,12.8903,12.9799,13.0358,13.1073
1984-05-10,12.1858,12.9515,13.0458,13.1055,13.1835
1984-05-11,12.4238,13.1622,13.2488,13.3056,13.3917
1984-05-14,12.4219,13.2444,13.3497,13.4188,13.5193
1984-05-15,12.4015,13.1926,13.2872,13.3485,13.4380
1984-05-16,12.3769,13.1460,13.2384,13.2977,13.3822
1984-05-17,12.3984,13.2087,13.3076,13.3710,13.4581
1984-05-18,12.4041,13.1776,13.2719,13.3321,13.4142
1984-05-21,12.3557,13.1227,13.2125,13.2699,13.3522
1984-05-22,12.4573,13.2157,13.3018,13.3583,13.4451
1984-05-23,12.4798,13.2113,13.2956,13.3518,13.4419
1984-05-24,12.6078,13.3915,13.4827,13.5423,13.6327
1984-05-25,12.6755,13.4233,13.5131,13.5746,13.6777
1984-05-29,12.7915,13.5557,13.6375,13.6922,13.7820
1984-05-30,12.9800,13.6928,13.7644,13.8125,13.8931
1984-05-31,12.9014,13.5939,13.6803,13.7408,13.8451
1984-06-01,12.7262,13.3168,13.4029,13.4639,13.5695
1984-06-04,12.5854,13.1738,13.2544,13.3114,13.4100
1984-06-05,12.5679,13.1346,13.2097,13.2627,13.3545
1984-06-06,12.6597,13.2672,13.3452,13.4003,13.4956
1984-06-07,12.7261,13.3160,13.3882,13.4391,13.5271
1984-06-08,12.6969,13.2659,13.3380,13.3889,13.4772
1984-06-11,12.8005,13.3884,13.4516,13.4956,13.5710
1984-06-12,12.8577,13.3828,13.4380,13.4764,13.5423
1984-06-13,12.7677,13.2801,13.3412,13.3844,13.4592
1984-06-14,12.7268,13.2276,13.2860,13.3272,13.3985
1984-06-15,12.5985,13.0778,13.1352,13.1758,13.2462
1984-06-18,12.6549,13.1280,13.1717,13.2011,13.2504
1984-06-19,12.6889,13.1998,13.2493,13.2828,13.3392
1984-06-20,12.9478,13.5169,13.5536,13.5738,13.6001
1984-06-21,13.0079,13.5619,13.6032,13.6281,13.6650
1984-06-22,13.0598,13.6030,13.6461,13.6736,13.7177
1984-06-25,13.0234,13.5525,13.5981,13.6284,13.6791
1984-06-26,13.0576,13.6092,13.6536,13.6824,13.7290
1984-06-27,13.0499,13.5775,13.6184,13.6449,13.6882
1984-06-28,13.0583,13.6003,13.6528,13.6892,13.7516
1984-06-29,13.0926,13.6267,13.6833,13.7230,13.7917
1984-07-02,13.0602,13.6279,13.6946,13.7416,13.8228
1984-07-03,13.0002,13.5660,13.6326,13.6795,13.7605
1984-07-05,12.9258,13.5289,13.6004,13.6506,13.7372
1984-07-06,13.0058,13.5729,13.6376,13.6831,13.7616
1984-07-09,12.8963,13.3438,13.3928,13.4273,13.4871
1984-07-10,12.8822,13.3513,13.3997,13.4335,13.4918
1984-07-11,12.9224,13.3825,13.4316,13.4661,13.5257
1984-07-12,12.8862,13.3033,13.3467,13.3771,13.4297
1984-07-13,12.7492,13.1401,13.1914,13.2279,13.2916
1984-07-16,12.7288,13.1593,13.2051,13.2372,13.2928
1984-07-17,12.7755,13.2234,13.2718,13.3058,13.3645
1984-07-18,12.7510,13.1664,13.2119,13.2439,13.2993
1984-07-19,12.7018,13.1040,13.1497,13.1820,13.2379
1984-07-20,12.7026,13.1584,13.2198,13.2641,13.3419
1984-07-23,12.7460,13.1860,13.2395,13.2775,13.3438
1984-07-24,12.7095,13.1315,13.1894,13.2313,13.3049
1984-07-25,12.5700,12.8899,12.9387,12.9749,13.0396
1984-07-26,12.5068,12.7335,12.7789,12.8176,12.8959
1984-07-27,12.5155,12.8180,12.8565,12.8863,12.9425
1984-07-30,12.5557,12.9165,12.9586,12.9898,13.0467
1984-07-31,12.4899,12.7900,12.8298,12.8596,12.9138
1984-08-01,12.4015,12.6853,12.7239,12.7528,12.8052
1984-08-02,12.3830,12.6556,12.6872,12.7101,12.7510
1984-08-03,12.2783,12.4935,12.5270,12.5541,12.6066
1984-08-06,12.3089,12.6216,12.6576,12.6834,12.7288
1984-08-07,12.3078,12.5894,12.6250,12.6511,12.6984
1984-08-08,12.2765,12.5605,12.5992,12.6281,12.6805
1984-08-09,12.2632,12.5333,12.5673,12.5923,12.6375
1984-08-10,12.2287,12.5360,12.5705,12.5950,12.6378
1984-08-13,12.3447,12.6814,12.7046,12.7186,12.7402
1984-08-14,12.2784,12.5807,12.6139,12.6374,12.6787
1984-08-15,12.2791,12.6350,12.6721,12.6978,12.7418
1984-08-16,12.2865,12.6180,12.6455,12.6634,12.6928
1984-08-17,12.2794,12.6088,12.6328,12.6479,12.6717
1984-08-20,12.3021,12.6076,12.6300,12.6445,12.6680
1984-08-21,12.3109,12.5926,12.6070,12.6148,12.6257
1984-08-22,12.3026,12.5895,12.6045,12.6125,12.6231
1984-08-23,12.3182,12.6171,12.6367,12.6487,12.6672
1984-08-24,12.3102,12.6041,12.6222,12.6328,12.6483
1984-08-27,12.3475,12.7141,12.7417,12.7586,12.7840
1984-08-28,12.4110,12.7291,12.7499,12.7620,12.7796
1984-08-29,12.4282,12.7512,12.7700,12.7799,12.7920
1984-08-30,12.4421,12.7566,12.7739,12.7825,12.7921
1984-08-31,12.4624,12.7644,12.7758,12.7791,12.7770
1984-09-04,12.4686,12.8005,12.8125,12.8147,12.8073
1984-09-05,12.5315,12.8929,12.9014,12.8978,12.8716
1984-09-06,12.5013,12.8019,12.8049,12.7995,12.7761
1984-09-07,12.3749,12.6594,12.6645,12.6613,12.6435
1984-09-10,12.2788,12.6041,12.6139,12.6120,12.5893
1984-09-11,12.2095,12.5301,12.5376,12.5335,12.5055
1984-09-12,12.2307,12.5614,12.5676,12.5616,12.5275
1984-09-13,12.1622,12.4308,12.4329,12.4266,12.3998
1984-09-14,12.0604,12.3768,12.3887,12.3879,12.3646
1984-09-17,12.0724,12.3819,12.3914,12.3894,12.3659
1984-09-18,12.0333,12.3306,12.3397,12.3377,12.3150
1984-09-19,11.9638,12.2362,12.2438,12.2422,12.2250
1984-09-20,11.9267,12.2432,12.2523,12.2499,12.2263
1984-09-21,11.9989,12.4125,12.4289,12.4283,12.3966
1984-09-24,12.0735,12.4778,12.4947,12.4955,12.4702
1984-09-25,12.0790,12.4806,12.4994,12.5027,12.4849
1984-09-26,12.0523,12.4388,12.4570,12.4603,12.4437
1984-09-27,11.9565,12.2522,12.2659,12.2715,12.2766
1984-09-28,12.0157,12.4369,12.4544,12.4560,12.4344
1984-10-01,12.0475,12.4778,12.4999,12.5056,12.4927
1984-10-02,12.0439,12.4693,12.4926,12.5002,12.4936
1984-10-03,12.0283,12.4656,12.4907,12.4986,12.4892
1984-10-04,12.0067,12.4244,12.4493,12.4584,12.4545
1984-10-05,11.9384,12.3269,12.3464,12.3517,12.3427
1984-10-09,11.8599,12.2515,12.2702,12.2742,12.2606
1984-10-10,11.8699,12.2984,12.3190,12.3229,12.3044
1984-10-11,11.8041,12.2247,12.2499,12.2597,12.2592
1984-10-12,11.7640,12.1690,12.1953,12.2084,12.2218
1984-10-15,11.7571,12.2254,12.2554,12.2684,12.2734
1984-10-16,11.7563,12.2206,12.2509,12.2654,12.2774
1984-10-17,11.7108,12.1847,12.2167,12.2307,12.2352
1984-10-18,11.5729,11.9604,11.9874,12.0021,12.0210
1984-10-19,11.4109,11.8273,11.8558,11.8704,11.8858
1984-10-22,11.3839,11.8384,11.8612,11.8671,11.8551
1984-10-23,11.2115,11.6494,11.6844,11.7050,11.7342
1984-10-24,11.1490,11.6023,11.6424,11.6674,11.7057
1984-10-25,11.1029,11.6400,11.6881,11.7168,11.7565
1984-10-26,11.2745,11.8425,11.8828,11.9016,11.9127
1984-10-29,11.3101,11.8057,11.8424,11.8629,11.8898
1984-10-30,11.1621,11.6142,11.6516,11.6744,11.7085
1984-10-31,11.0927,11.6112,11.6580,11.6865,11.7277
1984-11-01,11.0064,11.5253,11.5727,11.6022,11.6468
1984-11-02,10.9516,11.4990,11.5552,11.5919,11.6505
1984-11-05,10.8316,11.4212,11.4852,11.5266,11.5893
1984-11-07,10.7882,11.4719,11.5542,11.6095,11.6980
1984-11-08,10.8994,11.5809,11.6586,11.7124,11.8066
1984-11-09,10.8253,11.4789,11.5564,11.6116,11.7113
1984-11-13,10.8504,11.5416,11.6223,11.6787,11.7782
1984-11-14,10.8799,11.5794,11.6621,11.7198,11.8200
1984-11-15,10.8200,11.4912,11.5749,11.6359,11.7493
1984-11-16,10.7462,11.4463,11.5325,11.5942,11.7056
1984-11-19,10.6765,11.3919,11.4789,11.5393,11.6426
1984-11-20,10.5939,11.2917,11.3819,11.4472,11.5670
1984-11-21,10.4550,11.1604,11.2434,11.3019,11.4187
1984-11-23,10.3071,10.9803,11.0619,11.1211,11.2484
1984-11-26,10.3030,11.0313,11.1121,11.1668,11.2778
1984-11-27,10.3217,11.0406,11.1176,11.1692,11.2738
1984-11-28,10.3340,11.0995,11.1893,11.2514,11.3759
1984-11-29,10.3612,11.1547,11.2440,11.3032,11.4124
1984-11-30,10.4660,11.3510,11.4456,11.5034,11.5885
1984-12-03,10.5345,11.3421,11.4232,11.4733,11.5571
1984-12-04,10.4974,11.2736,11.3597,11.4169,11.5195
1984-12-05,10.4674,11.2566,11.3482,11.4105,11.5244
1984-12-06,10.4932,11.3185,11.4182,11.4866,11.6087
1984-12-07,10.5567,11.4174,11.5204,11.5886,11.7003
1984-12-10,10.5408,11.4014,11.5045,11.5721,11.6818
1984-12-11,10.4907,11.3085,11.4080,11.4757,11.5944
1984-12-12,10.4230,11.2651,11.3718,11.4444,11.5660
1984-12-13,10.4440,11.3838,11.5051,11.5858,11.7081
1984-12-14,10.3045,11.2314,11.3581,11.4448,11.5829
1984-12-17,10.1789,11.1408,11.2722,11.3630,11.5116
1984-12-18,9.9919,10.9547,11.0957,11.1946,11.3570
1984-12-19,10.0019,11.0046,11.1456,11.2427,11.3974
1984-12-20,10.0118,10.9955,11.1331,11.2300,11.3964
1984-12-21,10.0351,11.0086,11.1384,11.2295,11.3882
1984-12-24,9.9908,10.9848,11.1178,11.2103,11.3664
1984-12-26,10.0201,11.1063,11.2494,11.3453,11.4910
1984-12-27,10.0675,11.1230,11.2588,11.3505,11.4958
1984-12-28,10.1166,11.1375,11.2669,11.3554,11.5018
1984-12-31,10.1513,11.1998,11.3368,11.4303,11.5808
1985-01-02,10.1846,11.3222,11.4724,11.5732,11.7273
1985-01-03,10.2063,11.2775,11.4201,11.5185,11.6807
1985-01-04,10.2187,11.3082,11.4508,11.5494,11.7140
1985-01-07,10.1575,11.1917,11.3254,11.4185,11.5786
1985-01-08,10.1326,11.1525,11.2833,11.3740,11.5278
1985-01-09,10.0986,11.1298,11.2622,11.3535,11.5061
1985-01-10,10.1064,11.1783,11.3150,11.4081,11.5595
1985-01-11,10.1606,11.2347,11.3701,11.4639,11.6242
1985-01-14,10.1688,11.2516,11.3950,11.4959,11.6709
1985-01-15,10.0940,11.1379,11.2773,11.3774,11.5591
1985-01-16,10.1003,11.1372,11.2745,11.3742,11.5600
1985-01-17,10.0742,11.1213,11.2506,11.3409,11.5095
1985-01-18,10.0133,11.0249,11.1566,11.2524,11.4401
1985-01-22,9.9575,10.9326,11.0604,11.1532,11.3336
1985-01-23,9.9124,10.8729,10.9994,11.0919,11.2737
1985-01-24,9.8494,10.7461,10.8546,10.9325,11.0954
1985-01-25,9.8251,10.7549,10.8725,10.9564,11.1221
1985-01-28,9.8678,10.8038,10.9201,11.0011,11.1532
1985-01-29,9.8878,10.8321,10.9432,11.0151,11.1377
1985-01-30,9.8647,10.8088,10.9186,10.9880,11.1019
1985-01-31,9.9211,10.8855,11.0004,11.0711,11.1726
1985-02-01,10.0593,11.0222,11.1320,11.1974,11.2841
1985-02-04,10.0877,11.0687,11.1876,11.2589,11.3469
1985-02-05,10.0775,11.0410,11.1568,11.2256,11.3087
1985-02-06,10.0966,11.0921,11.2165,11.2918,11.3828
1985-02-07,10.1197,11.1238,11.2486,11.3244,11.4187
1985-02-08,10.1051,11.1099,11.2366,11.3142,11.4130
1985-02-11,10.1121,11.1228,11.2504,11.3292,11.4332
1985-02-13,10.1121,11.1064,11.2328,11.3113,11.4177
1985-02-14,10.0507,11.0155,11.1467,11.2308,11.3481
1985-02-15,10.0572,11.0683,11.2048,11.2927,11.4211
1985-02-19,10.0659,11.0634,11.1977,11.2840,11.4083
1985-02-20,10.1328,11.1628,11.3096,11.4059,11.5430
1985-02-21,10.2788,11.3394,11.4748,11.5578,11.6627
1985-02-22,10.3394,11.4209,11.5642,11.6525,11.7566
1985-02-25,10.4151,11.4499,11.5880,11.6746,11.7881
1985-02-26,10.4194,11.4302,11.5589,11.6376,11.7385
1985-02-27,10.5884,11.5593,11.6850,11.7693,11.9103
1985-02-28,10.6539,11.6078,11.7309,11.8113,11.9363
1985-03-01,10.7099,11.6141,11.7225,11.7940,11.9166
1985-03-04,10.7899,11.6562,11.7670,11.8411,11.9643
1985-03-05,10.7511,11.5983,11.7053,11.7746,11.8830
1985-03-06,10.7882,11.6417,11.7484,11.8173,11.9250
1985-03-07,10.8722,11.7097,11.8100,11.8736,11.9726
1985-03-08,10.6631,11.4610,11.5727,11.6489,11.7757
1985-03-11,10.6376,11.4842,11.5946,11.6672,11.7816
1985-03-12,10.6802,11.5452,11.6520,11.7202,11.8228
1985-03-13,10.8229,11.6714,11.7710,11.8330,11.9232
1985-03-14,10.8715,11.7071,11.8037,11.8636,11.9506
1985-03-15,10.8510,11.7041,11.8046,11.8677,11.9614
1985-03-18,10.8853,11.7780,11.8847,11.9516,12.0464
1985-03-19,10.8705,11.7605,11.8674,11.9340,12.0263
1985-03-20,10.8229,11.6962,11.7964,11.8577,11.9420
1985-03-21,10.7203,11.5857,11.6924,11.7624,11.8748
1985-03-22,10.7597,11.6375,11.7430,11.8130,11.9277
1985-03-25,10.7296,11.6094,11.7218,11.7977,11.9207
1985-03-26,10.6655,11.5285,11.6402,11.7160,11.8388
1985-03-27,10.6527,11.5745,11.6946,11.7752,11.8995
1985-03-28,10.5553,11.4573,11.5816,11.6696,11.8221
1985-03-29,10.4829,11.3844,11.5018,11.5847,11.7317
1985-04-01,10.4665,11.3654,11.4846,11.5694,11.7213
1985-04-02,10.4781,11.3949,11.5196,11.6071,11.7565
1985-04-03,10.4778,11.4118,11.5397,11.6290,11.7785
1985-04-04,10.5303,11.4496,11.5724,11.6587,11.8072
1985-04-08,10.4863,11.4210,11.5514,11.6441,11.8057
1985-04-09,10.3855,11.3420,11.4711,11.5621,11.7196
1985-04-10,10.3124,11.2529,11.3779,11.4659,11.6187
1985-04-11,10.1362,11.1023,11.2320,11.3234,11.4814
1985-04-12,10.1415,11.1035,11.2384,11.3333,11.4932
1985-04-15,10.1250,11.0668,11.1956,11.2866,11.4444
1985-04-16,9.8881,10.8814,11.0331,11.1422,11.3301
1985-04-17,9.9408,10.9363,11.0738,11.1697,11.3376
1985-04-18,9.7870,10.7942,10.9343,11.0350,11.2212
1985-04-19,9.8366,10.8060,10.9417,11.0412,11.2323
1985-04-22,9.7941,10.7758,10.9170,11.0204,11.2156
1985-04-23,9.9130,10.8927,11.0273,11.1264,11.3203
1985-04-24,9.8896,10.8776,11.0211,11.1275,11.3333
1985-04-25,9.9548,10.9778,11.1253,11.2332,11.4342
1985-04-26,9.9755,10.9828,11.1284,11.2351,11.4355
1985-04-29,10.0256,11.0536,11.2019,11.3104,11.5125
1985-04-30,10.0290,11.0563,11.2031,11.3105,11.5113
1985-05-01,9.9088,10.9239,11.0739,11.1834,11.3830
1985-05-02,9.8885,10.9035,11.0531,11.1624,11.3622
1985-05-03,9.7977,10.8179,10.9693,11.0805,11.2861
1985-05-06,9.7663,10.7999,10.9520,11.0640,11.2726
1985-05-07,9.7177,10.7684,10.9277,11.0450,11.2610
1985-05-08,9.7646,10.8223,10.9838,11.1038,11.3285
1985-05-09,9.7206,10.7722,10.9360,11.0575,11.2820
1985-05-10,9.6435,10.6445,10.8012,10.9192,11.1444
1985-05-13,9.6358,10.6309,10.7858,10.9026,11.1270
1985-05-14,9.5093,10.4727,10.6303,10.7515,10.9906
1985-05-15,9.4572,10.4658,10.6272,10.7502,10.9892
1985-05-16,9.3572,10.3754,10.5437,10.6730,10.9252
1985-05-17,9.3782,10.4017,10.5653,10.6908,10.9387
1985-05-20,9.1440,10.1277,10.2901,10.4167,10.6725
1985-05-21,9.1416,10.1315,10.2979,10.4294,10.6999
1985-05-22,9.1522,10.1375,10.3038,10.4371,10.7179
1985-05-23,9.1955,10.1816,10.3431,10.4711,10.7405
1985-05-24,9.1625,10.1304,10.2873,10.4125,10.6805
1985-05-28,9.0757,10.0175,10.1590,10.2701,10.5180
1985-05-29,9.0829,10.0569,10.2003,10.3101,10.5462
1985-05-30,9.0435,10.0139,10.1528,10.2570,10.4796
1985-05-31,8.9862,9.9630,10.0936,10.1880,10.3868
1985-06-03,8.7600,9.7328,9.8628,9.9548,10.1468
1985-06-04,8.7283,9.7130,9.8496,9.9472,10.1475
1985-06-05,8.4885,9.5020,9.6581,9.7698,9.9811
1985-06-06,8.5174,9.5574,9.7150,9.8261,10.0287
1985-06-07,8.7787,9.8822,10.0378,10.1415,10.3091
1985-06-10,8.8683,9.9029,10.0444,10.1380,10.2936
1985-06-11,8.8246,9.8268,9.9666,10.0599,10.2169
1985-06-12,8.7744,9.8164,9.9677,10.0708,10.2453
1985-06-13,8.7738,9.8605,10.0233,10.1352,10.3208
1985-06-14,8.4874,9.5924,9.7765,9.9095,10.1401
1985-06-17,8.5297,9.6567,9.8245,9.9385,10.1198
1985-06-18,8.4565,9.5694,9.7388,9.8560,10.0504
1985-06-19,8.5138,9.6702,9.8427,9.9610,10.1573
1985-06-20,8.5963,9.7608,9.9339,10.0530,10.2531
1985-06-21,8.8171,9.9744,10.1388,10.2490,10.4271
1985-06-24,8.8901,10.0500,10.2239,10.3433,10.5383
1985-06-25,8.9949,10.1556,10.3214,10.4317,10.6013
1985-06-26,9.0011,10.1735,10.3435,10.4569,10.6292
1985-06-27,8.8920,10.0506,10.2182,10.3299,10.4998
1985-06-28,8.7483,9.9246,10.0919,10.2033,10.3780
1985-07-01,8.7023,9.8585,10.0215,10.1305,10.3092
1985-07-02,8.7102,9.8675,10.0335,10.1449,10.3234
1985-07-03,8.7144,9.8713,10.0370,10.1497,10.3394
1985-07-05,8.4150,9.5677,9.7510,9.8811,10.1076
1985-07-08,8.5374,9.6723,9.8486,9.9719,10.1799
1985-07-09,8.5421,9.6670,9.8438,9.9686,10.1843
1985-07-10,8.5711,9.6960,9.8693,9.9908,10.2000
1985-07-11,8.7285,9.8625,10.0324,10.1491,10.3415
1985-07-12,8.7818,9.8976,10.0627,10.1756,10.3620
1985-07-15,8.7539,9.8687,10.0374,10.1542,10.3493
1985-07-16,8.7005,9.8274,9.9912,10.1027,10.2883
1985-07-17,8.6637,9.7838,9.9509,10.0658,10.2584
1985-07-18,8.8097,9.9403,10.1145,10.2357,10.4371
1985-07-19,8.8539,9.9760,10.1435,10.2587,10.4520
1985-07-22,8.9699,10.1104,10.2718,10.3798,10.5539
1985-07-23,8.9998,10.1307,10.2928,10.4016,10.5757
1985-07-24,9.0210,10.1593,10.3223,10.4317,10.6063
1985-07-25,9.0139,10.1546,10.3259,10.4436,10.6371
1985-07-26,9.0295,10.2150,10.3925,10.5139,10.7097
1985-07-29,9.0909,10.2757,10.4535,10.5754,10.7725
1985-07-30,9.1193,10.2826,10.4572,10.5771,10.7731
1985-07-31,9.0996,10.2293,10.3984,10.5145,10.7044
1985-08-01,9.0883,10.1901,10.3495,10.4571,10.6311
1985-08-02,9.1860,10.3180,10.4761,10.5806,10.7446
1985-08-05,9.1939,10.3122,10.4693,10.5737,10.7393
1985-08-06,9.1902,10.3172,10.4745,10.5787,10.7439
1985-08-07,9.1443,10.2645,10.4216,10.5265,10.6969
1985-08-08,9.0510,10.1553,10.3102,10.4145,10.5888
1985-08-09,9.0064,10.1047,10.2591,10.3652,10.5540
1985-08-12,8.9912,10.0816,10.2367,10.3455,10.5483
1985-08-13,9.0262,10.1361,10.2964,10.4094,10.6203
1985-08-14,8.9927,10.0897,10.2490,10.3619,10.5742
1985-08-15,8.9631,10.0562,10.2129,10.3239,10.5365
1985-08-16,8.9384,9.9627,10.1074,10.2136,10.4390
1985-08-19,8.9124,9.9435,10.0908,10.1987,10.4242
1985-08-20,8.9043,9.9202,10.0609,10.1634,10.3807
1985-08-21,8.8465,9.8629,10.0044,10.1068,10.3219
1985-08-22,8.7909,9.8234,9.9692,10.0734,10.2853
1985-08-23,8.8208,9.8722,10.0142,10.1151,10.3230
1985-08-26,8.8564,9.9016,10.0403,10.1390,10.3449
1985-08-27,8.8232,9.8488,9.9850,10.0822,10.2879
1985-08-28,8.8246,9.8518,9.9914,10.0923,10.3071
1985-08-29,8.8136,9.8380,9.9785,10.0796,10.2910
1985-08-30,8.9160,9.9799,10.1195,10.2167,10.4095
1985-09-03,8.9139,9.9646,10.1072,10.2073,10.4051
1985-09-04,8.8343,9.8855,10.0309,10.1335,10.3358
1985-09-05,8.8857,9.9629,10.1102,10.2144,10.4214
1985-09-06,9.1292,10.1708,10.3122,10.4171,10.6454
1985-09-09,9.1060,10.1834,10.3315,10.4369,10.6497
1985-09-10,9.0829,10.1625,10.3115,10.4175,10.6305
1985-09-11,9.1230,10.1928,10.3421,10.4499,10.6694
1985-09-12,9.1374,10.1949,10.3422,10.4487,10.6669
1985-09-13,9.0580,10.1025,10.2539,10.3646,10.5900
1985-09-16,9.0181,10.0506,10.1970,10.3036,10.5239
1985-09-17,9.0405,10.0742,10.2247,10.3358,10.5681
1985-09-18,9.0584,10.0908,10.2420,10.3545,10.5922
1985-09-19,9.0721,10.0978,10.2466,10.3569,10.5899
1985-09-20,9.0211,10.0360,10.1795,10.2860,10.5165
1985-09-23,8.8977,9.9720,10.1397,10.2659,10.5285
1985-09-24,8.8636,9.9380,10.1051,10.2300,10.4888
1985-09-25,8.7698,9.8525,10.0288,10.1626,10.4396
1985-09-26,8.7805,9.8497,10.0126,10.1350,10.3954
1985-09-30,8.9231,9.9482,10.0990,10.2127,10.4614
1985-10-01,8.8944,9.9252,10.0786,10.1941,10.4433
1985-10-02,8.8710,9.9275,10.0865,10.2045,10.4515
1985-10-03,8.8718,9.9399,10.1009,10.2201,10.4657
1985-10-04,8.8885,9.9565,10.1191,10.2399,10.4886
1985-10-07,8.9849,10.0601,10.2212,10.3390,10.5764
1985-10-08,8.9858,10.0468,10.2028,10.3155,10.5400
1985-10-09,8.9853,10.0468,10.2056,10.3197,10.5417
1985-10-10,8.9849,10.0468,10.2042,10.3167,10.5331
1985-10-11,8.9776,10.0370,10.1926,10.3036,10.5192
1985-10-15,8.9722,10.0214,10.1718,10.2778,10.4812
1985-10-16,8.9287,9.9633,10.1183,10.2297,10.4461
1985-10-17,8.8968,9.9021,10.0549,10.1659,10.3860
1985-10-18,8.8500,9.8480,10.0002,10.1115,10.3359
1985-10-21,8.8582,9.8462,10.0001,10.1134,10.3414
1985-10-22,8.8339,9.8032,9.9536,10.0643,10.2887
1985-10-23,8.8474,9.8081,9.9591,10.0709,10.2974
1985-10-24,8.8780,9.8319,9.9782,10.0858,10.3053
1985-10-25,8.8808,9.8590,10.0155,10.1317,10.3653
1985-10-28,8.9165,9.9346,10.0953,10.2120,10.4343
1985-10-29,8.8475,9.8059,9.9547,10.0634,10.2802
1985-10-30,8.7207,9.6652,9.8223,9.9394,10.1707
1985-10-31,8.7352,9.6690,9.8202,9.9350,10.1749
1985-11-01,8.7321,9.6638,9.8115,9.9231,10.1561
1985-11-04,8.7226,9.6386,9.7872,9.9022,10.1479
1985-11-05,8.6967,9.5866,9.7328,9.8468,10.0938
1985-11-06,8.6677,9.5732,9.7262,9.8450,10.0959
1985-11-07,8.6763,9.5786,9.7274,9.8418,10.0831
1985-11-08,8.6354,9.5272,9.6757,9.7903,10.0337
1985-11-12,8.5369,9.4035,9.5538,9.6702,9.9142
1985-11-13,8.5666,9.4524,9.6022,9.7154,9.9438
1985-11-14,8.6111,9.4984,9.6458,9.7567,9.9814
1985-11-15,8.6480,9.5677,9.7187,9.8308,10.0508
1985-11-18,8.5235,9.3761,9.5289,9.6468,9.8872
1985-11-19,8.4846,9.3623,9.5190,9.6387,9.8767
1985-11-20,8.5177,9.3862,9.5370,9.6506,9.8714
1985-11-21,8.5016,9.3358,9.4807,9.5898,9.8026
1985-11-22,8.5012,9.3579,9.5093,9.6241,9.8487
1985-11-25,8.5122,9.3714,9.5312,9.6560,9.9044
1985-11-26,8.5071,9.3698,9.5315,9.6578,9.9076
1985-11-27,8.5012,9.3490,9.5042,9.6250,9.8650
1985-11-29,8.4616,9.3054,9.4565,9.5738,9.8097
1985-12-02,8.4935,9.3568,9.5153,9.6398,9.8926
1985-12-03,8.5173,9.3774,9.5367,9.6612,9.9081
1985-12-04,8.4990,9.3328,9.4882,9.6104,9.8567
1985-12-05,8.5012,9.3233,9.4756,9.5959,9.8414
1985-12-06,8.5074,9.3332,9.4881,9.6104,9.8580
1985-12-09,8.4215,9.1788,9.3320,9.4562,9.7164
1985-12-10,8.3107,9.0400,9.1918,9.3170,9.5871
1985-12-11,8.1504,8.8567,9.0182,9.1532,9.4418
1985-12-12,8.1551,8.9212,9.0872,9.2232,9.5061
1985-12-13,8.1152,8.8653,9.0248,9.1563,9.4370
1985-12-16,8.1072,8.8436,8.9981,9.1250,9.3954
1985-12-17,8.0432,8.7265,8.8743,8.9974,9.2655
1985-12-18,8.0957,8.7832,8.9269,9.0460,9.3071
1985-12-19,8.1319,8.7978,8.9367,9.0519,9.3052
1985-12-20,8.0882,8.7477,8.8913,9.0113,9.2735
1985-12-23,8.1051,8.7568,8.8981,9.0164,9.2777
1985-12-24,8.1045,8.7565,8.8972,9.0146,9.2733
1985-12-26,8.0949,8.7174,8.8562,8.9734,9.2351
1985-12-27,8.0854,8.6954,8.8276,8.9395,9.1955
1985-12-30,8.0953,8.6891,8.8206,8.9328,9.1918
1985-12-31,8.0789,8.6891,8.8220,8.9347,9.1929
1986-01-02,8.0985,8.7146,8.8483,8.9614,9.2181
1986-01-03,8.1086,8.7310,8.8634,8.9750,9.2285
1986-01-06,8.1174,8.7424,8.8759,8.9880,9.2403
1986-01-07,8.0745,8.6620,8.7895,8.8971,9.1406
1986-01-08,8.1310,8.7719,8.9144,9.0338,9.2956
1986-01-09,8.3342,8.9689,9.0992,9.2062,9.4368
1986-01-10,8.3634,9.0384,9.1719,9.2801,9.5105
1986-01-13,8.4626,9.1680,9.3055,9.4156,9.6446
1986-01-14,8.4694,9.1396,9.2707,9.3762,9.5989
1986-01-15,8.4155,9.0415,9.1672,9.2703,9.4962
1986-01-16,8.3716,9.0207,9.1547,9.2647,9.5013
1986-01-17,8.3345,8.9674,9.0955,9.2013,9.4353
1986-01-21,8.3230,8.9541,9.0824,9.1888,9.4258
1986-01-22,8.3065,8.9626,9.0982,9.2110,9.4624
1986-01-23,8.2912,8.9542,9.0880,9.1988,9.4444
1986-01-24,8.2595,8.9315,9.0683,9.1821,9.4367
1986-01-27,8.1950,8.8540,8.9897,9.1032,9.3589
1986-01-28,8.1331,8.7649,8.9002,9.0147,9.2752
1986-01-29,8.1335,8.7858,8.9244,9.0407,9.2999
1986-01-30,8.1298,8.7876,8.9322,9.0535,9.3197
1986-01-31,8.0839,8.7535,8.9021,9.0268,9.3009
1986-02-03,8.0623,8.7087,8.8547,8.9783,9.2525
1986-02-04,8.0213,8.6501,8.7928,8.9140,9.1852
1986-02-05,8.0387,8.6935,8.8435,8.9698,9.2439
1986-02-06,8.0792,8.7324,8.8828,9.0097,9.2870
1986-02-07,8.1902,8.8223,8.9671,9.0898,9.3607
1986-02-10,8.1497,8.7442,8.8894,9.0138,9.2894
1986-02-11,8.0998,8.6697,8.8103,8.9319,9.2063
1986-02-12,8.1068,8.6669,8.8018,8.9183,9.1836
1986-02-13,8.1027,8.6286,8.7550,8.8650,9.1200
1986-02-14,8.0212,8.4900,8.6013,8.7007,8.9463
1986-02-18,7.9793,8.4652,8.5788,8.6777,8.9092
1986-02-19,8.0394,8.5170,8.6218,8.7132,8.9326
1986-02-20,8.0858,8.5448,8.6385,8.7198,8.9177
1986-02-21,8.0153,8.3960,8.4755,8.5476,8.7367
1986-02-24,7.9608,8.3239,8.3964,8.4611,8.6279
1986-02-25,7.9743,8.3342,8.4036,8.4648,8.6217
1986-02-26,7.9627,8.3161,8.3790,8.4324,8.5649
1986-02-27,7.8420,8.1306,8.1853,8.2331,8.3558
1986-02-28,7.7846,8.0871,8.1428,8.1907,8.3107
1986-03-03,7.7025,7.9757,8.0325,8.0828,8.2116
1986-03-04,7.4933,7.7881,7.8689,7.9406,8.1082
1986-03-05,7.6282,7.9983,8.0844,8.1583,8.3261
1986-03-06,7.5586,7.9070,7.9963,8.0761,8.2701
1986-03-07,7.4803,7.8418,7.9358,8.0211,8.2334
1986-03-10,7.3502,7.6779,7.7684,7.8528,8.0710
1986-03-11,7.2981,7.6246,7.7072,7.7831,7.9785
1986-03-12,7.3185,7.6301,7.7024,7.7695,7.9491
1986-03-13,7.3728,7.7017,7.7742,7.8406,8.0172
1986-03-14,7.3366,7.6535,7.7259,7.7931,7.9739
1986-03-17,7.3313,7.6658,7.7452,7.8185,8.0099
1986-03-18,7.3506,7.7342,7.8265,7.9078,8.1011
1986-03-19,7.3465,7.7248,7.8125,7.8894,8.0737
1986-03-20,7.3413,7.7004,7.7845,7.8585,8.0359
1986-03-21,7.3181,7.7041,7.7898,7.8650,8.0465
1986-03-24,7.2829,7.6521,7.7331,7.8038,7.9744
1986-03-25,7.2935,7.6579,7.7363,7.8047,7.9711
1986-03-26,7.2786,7.6268,7.6987,7.7608,7.9111
1986-03-27,7.2102,7.5213,7.5727,7.6149,7.7162
1986-03-31,7.1252,7.4081,7.4602,7.5020,7.5920
1986-04-01,7.0981,7.3986,7.4476,7.4854,7.5665
1986-04-02,7.1336,7.4410,7.4833,7.5146,7.5835
1986-04-03,7.1320,7.4468,7.4940,7.5298,7.6091
1986-04-04,7.0927,7.4430,7.5067,7.5585,7.6761
1986-04-07,7.0309,7.4039,7.4820,7.5475,7.6957
1986-04-08,6.9594,7.3054,7.3766,7.4357,7.5662
1986-04-09,6.8304,7.2115,7.2964,7.3660,7.5077
1986-04-10,6.7891,7.1972,7.2779,7.3423,7.4727
1986-04-11,6.7851,7.2250,7.3096,7.3766,7.5110
1986-04-14,6.7376,7.1506,7.2351,7.3030,7.4413
1986-04-15,6.7073,7.1428,7.2302,7.3003,7.4441
1986-04-16,6.5993,6.9663,7.0427,7.1068,7.2522
1986-04-17,6.5906,7.0074,7.0869,7.1502,7.2801
1986-04-18,6.5746,7.0231,7.1085,7.1759,7.3114
1986-04-21,6.5851,7.0153,7.0965,7.1612,7.2960
1986-04-22,6.6681,7.1354,7.2254,7.2973,7.4470
1986-04-23,6.8889,7.3854,7.4649,7.5243,7.6408
1986-04-24,7.0461,7.5353,7.6051,7.6551,7.7511
1986-04-25,7.1616,7.6277,7.6825,7.7201,7.7967
1986-04-28,7.1241,7.5539,7.6133,7.6580,7.7559
1986-04-29,7.0477,7.4523,7.5101,7.5550,7.6580
1986-04-30,7.0385,7.4362,7.4940,7.5389,7.6402
1986-05-01,7.0474,7.4636,7.5241,7.5717,7.6818
1986-05-02,7.0762,7.5243,7.5904,7.6430,7.7669
1986-05-05,7.0621,7.4829,7.5426,7.5905,7.7075
1986-05-06,7.0268,7.4719,7.5344,7.5820,7.6859
1986-05-07,7.0478,7.5177,7.5844,7.6352,7.7455
1986-05-08,7.0045,7.4903,7.5646,7.6209,7.7356
1986-05-09,7.0354,7.5496,7.6256,7.6821,7.7930
1986-05-12,7.1337,7.6830,7.7626,7.8224,7.9454
1986-05-13,7.1958,7.7328,7.8115,7.8714,7.9986
1986-05-14,7.1873,7.7277,7.8048,7.8611,7.9697
1986-05-15,7.3001,7.9049,7.9809,8.0306,8.1059
1986-05-16,7.4483,8.0999,8.1797,8.2308,8.3050
1986-05-19,7.4858,8.1120,8.1822,8.2268,8.2987
1986-05-20,7.4673,8.0551,8.1203,8.1630,8.2404
1986-05-21,7.4317,8.0410,8.1133,8.1612,8.2414
1986-05-22,7.4311,8.0272,8.0963,8.1423,8.2231
1986-05-23,7.4062,7.9986,8.0666,8.1117,8.1907
1986-05-27,7.3782,7.9287,7.9901,8.0312,8.1080
1986-05-28,7.3622,7.8958,7.9536,7.9917,8.0621
1986-05-29,7.4924,8.1080,8.1785,8.2242,8.2976
1986-05-30,7.5325,8.1422,8.2155,8.2670,8.3684
1986-06-02,7.6465,8.3715,8.4633,8.5233,8.6126
1986-06-03,7.6671,8.3304,8.4137,8.4714,8.5755
1986-06-04,7.7470,8.4616,8.5533,8.6150,8.7139
1986-06-05,7.7565,8.4171,8.4996,8.5560,8.6537
1986-06-06,7.5293,8.0820,8.1649,8.2282,8.3591
1986-06-09,7.5732,8.2077,8.2943,8.3571,8.4794
1986-06-10,7.6027,8.2213,8.3077,8.3725,8.5081
1986-06-11,7.5999,8.2002,8.2820,8.3431,8.4710
1986-06-12,7.5610,8.1315,8.2105,8.2704,8.3992
1986-06-13,7.4139,7.9052,7.9758,8.0339,8.1793
1986-06-16,7.3126,7.8035,7.8735,7.9286,8.0550
1986-06-17,7.2664,7.7631,7.8370,7.8951,8.0256
1986-06-18,7.2295,7.7205,7.7973,7.8591,8.0017
1986-06-19,7.2685,7.8091,7.8949,7.9624,8.1093
1986-06-20,7.2583,7.7770,7.8490,7.9055,8.0379
1986-06-23,7.2371,7.7424,7.8097,7.8610,7.9771
1986-06-24,7.2085,7.6839,7.7449,7.7913,7.8975
1986-06-25,7.1567,7.6308,7.6974,7.7492,7.8665
1986-06-26,7.1417,7.6269,7.6978,7.7527,7.8749
1986-06-27,7.0916,7.5998,7.6733,7.7289,7.8463
1986-06-30,7.0476,7.5541,7.6290,7.6854,7.8005
1986-07-01,7.0155,7.5628,7.6481,7.7109,7.8271
1986-07-02,7.0224,7.5644,7.6415,7.6973,7.8044
1986-07-03,6.9430,7.5023,7.5808,7.6375,7.7473
1986-07-07,6.9301,7.4954,7.5738,7.6291,7.7299
1986-07-08,7.0108,7.6138,7.6942,7.7506,7.8554
1986-07-09,6.9430,7.4890,7.5676,7.6257,7.7432
1986-07-10,6.9040,7.4678,7.5538,7.6182,7.7469
1986-07-11,6.7927,7.4020,7.5051,7.5853,7.7502
1986-07-14,6.7722,7.3559,7.4554,7.5329,7.6925
1986-07-15,6.7398,7.2948,7.3867,7.4588,7.6126
1986-07-16,6.7501,7.3046,7.3960,7.4675,7.6190
1986-07-17,6.7372,7.2922,7.3914,7.4726,7.6558
1986-07-18,6.6896,7.2561,7.3606,7.4469,7.6422
1986-07-21,6.6913,7.2926,7.4050,7.4951,7.6844
1986-07-22,6.7162,7.2798,7.3902,7.4829,7.6963
1986-07-23,6.8239,7.3903,7.4941,7.5812,7.7863
1986-07-24,6.8674,7.4469,7.5555,7.6467,7.8593
1986-07-25,6.8618,7.4291,7.5365,7.6282,7.8482
1986-07-28,6.9401,7.5693,7.6952,7.8003,8.0363
1986-07-29,6.8935,7.4722,7.5901,7.6909,7.9263
1986-07-30,6.8504,7.4547,7.5785,7.6822,7.9146
1986-07-31,6.7727,7.3799,7.5034,7.6058,7.8293
1986-08-01,6.7323,7.3638,7.4880,7.5903,7.8138
1986-08-04,6.7286,7.3470,7.4667,7.5663,7.7899
1986-08-05,6.7373,7.3890,7.5175,7.6241,7.8607
1986-08-06,6.7475,7.4408,7.5767,7.6874,7.9228
1986-08-07,6.7328,7.4108,7.5445,7.6539,7.8883
1986-08-08,6.6641,7.2918,7.4174,7.5207,7.7435
1986-08-11,6.6078,7.2233,7.3445,7.4436,7.6568
1986-08-12,6.5699,7.1870,7.3087,7.4085,7.6229
1986-08-13,6.4818,7.0981,7.2247,7.3287,7.5505
1986-08-14,6.4778,7.0958,7.2184,7.3185,7.5326
1986-08-15,6.4475,7.0768,7.1976,7.2965,7.5124
1986-08-18,6.4429,7.0837,7.2082,7.3090,7.5229
1986-08-19,6.3510,6.9612,7.0822,7.1818,7.4008
1986-08-20,6.3031,6.9064,7.0344,7.1412,7.3752
1986-08-21,6.2219,6.8405,6.9770,7.0928,7.3530
1986-08-22,6.2416,6.9267,7.0750,7.1987,7.4682
1986-08-25,6.2167,6.9098,7.0590,7.1832,7.4531
1986-08-26,6.1558,6.8209,6.9633,7.0840,7.3572
1986-08-27,6.2152,6.8937,7.0389,7.1602,7.4256
1986-08-28,6.1815,6.8722,7.0200,7.1441,7.4186
1986-08-29,6.0577,6.7773,6.9275,7.0530,7.3299
1986-09-02,6.0931,6.8324,6.9836,7.1079,7.3741
1986-09-03,6.2039,7.0035,7.1645,7.2975,7.5864
1986-09-04,6.2016,6.9793,7.1382,7.2711,7.5657
1986-09-05,6.3423,7.1487,7.3022,7.4297,7.7157
1986-09-08,6.3994,7.2213,7.3799,7.5105,7.7963
1986-09-09,6.4053,7.2017,7.3546,7.4809,7.7606
1986-09-10,6.3820,7.1826,7.3384,7.4674,7.7517
1986-09-11,6.4903,7.3738,7.5426,7.6796,7.9716
1986-09-12,6.5371,7.4370,7.6087,7.7480,8.0438
1986-09-15,6.4926,7.3605,7.5296,7.6690,7.9734
1986-09-16,6.4855,7.3535,7.5256,7.6670,7.9718
1986-09-17,6.4717,7.2981,7.4595,7.5937,7.8919
1986-09-18,6.5617,7.3986,7.5614,7.6973,8.0032
1986-09-19,6.6195,7.4777,7.6478,7.7900,8.1071
1986-09-22,6.5862,7.4361,7.6055,7.7467,8.0602
1986-09-23,6.5842,7.4060,7.5708,7.7085,8.0152
1986-09-24,6.5190,7.3174,7.4758,7.6083,7.9048
1986-09-25,6.5026,7.3061,7.4643,7.5962,7.8904
1986-09-26,6.5119,7.3166,7.4734,7.6049,7.9024
1986-09-29,6.5474,7.3788,7.5396,7.6711,7.9553
1986-09-30,6.5047,7.3188,7.4763,7.6048,7.8803
1986-10-01,6.4680,7.2705,7.4230,7.5467,7.8103
1986-10-02,6.4811,7.2957,7.4526,7.5796,7.8472
1986-10-03,6.3081,7.0878,7.2470,7.3808,7.6816
1986-10-06,6.2502,7.0416,7.2068,7.3460,7.6584
1986-10-07,6.2434,7.0577,7.2289,7.3718,7.6853
1986-10-08,6.2355,7.0750,7.2514,7.3981,7.7172
1986-10-09,6.2326,7.0784,7.2607,7.4129,7.7441
1986-10-10,6.2408,7.0969,7.2811,7.4350,7.7698
1986-10-14,6.2734,7.1759,7.3735,7.5375,7.8870
1986-10-15,6.3199,7.2090,7.4038,7.5651,7.9072
1986-10-16,6.3128,7.2184,7.4176,7.5814,7.9233
1986-10-17,6.3888,7.2678,7.4593,7.6181,7.9570
1986-10-20,6.4616,7.3543,7.5508,7.7118,8.0451
1986-10-21,6.4102,7.2619,7.4519,7.6101,7.9481
1986-10-22,6.3917,7.2005,7.3830,7.5369,7.8727
1986-10-23,6.3447,7.1330,7.3109,7.4618,7.7952
1986-10-24,6.3589,7.1672,7.3478,7.4993,7.8278
1986-10-27,6.3470,7.1240,7.3017,7.4526,7.7846
1986-10-28,6.3577,7.1464,7.3247,7.4752,7.8043
1986-10-29,6.3523,7.1306,7.3042,7.4496,7.7631
1986-10-30,6.2820,7.0329,7.2003,7.3418,7.6522
1986-10-31,6.2852,7.0518,7.2178,7.3569,7.6598
1986-11-03,6.2505,7.0067,7.1706,7.3090,7.6143
1986-11-04,6.2735,7.0138,7.1742,7.3102,7.6118
1986-11-05,6.2889,7.0298,7.1895,7.3239,7.6172
1986-11-06,6.3050,7.0652,7.2326,7.3737,7.6818
1986-11-07,6.3351,7.1455,7.3225,7.4698,7.7851
1986-11-10,6.4126,7.1575,7.3310,7.4776,7.7957
1986-11-12,6.3781,7.1183,7.2915,7.4381,7.7572
1986-11-13,6.3411,7.0872,7.2591,7.4036,7.7147
1986-11-14,6.3217,7.0563,7.2240,7.3657,7.6749
1986-11-17,6.2913,7.0050,7.1644,7.2970,7.5794
1986-11-18,6.2908,7.0155,7.1760,7.3089,7.5891
1986-11-19,6.2479,6.9515,7.1099,7.2425,7.5279
1986-11-20,6.2583,6.9442,7.0979,7.2276,7.5110
1986-11-21,6.2404,6.9217,7.0756,7.2068,7.4983
1986-11-24,6.2093,6.8723,7.0279,7.1606,7.4533
1986-11-25,6.2266,6.9018,7.0613,7.1979,7.5009
1986-11-26,6.2206,6.8866,7.0488,7.1880,7.4961
1986-11-28,6.2045,6.8791,7.0405,7.1789,7.4856
1986-12-01,6.2424,6.9079,7.0667,7.2036,7.5093
1986-12-02,6.2061,6.8296,6.9834,7.1174,7.4195
1986-12-03,6.1777,6.7832,6.9363,7.0702,7.3734
1986-12-04,6.1603,6.7404,6.8907,7.0236,7.3292
1986-12-05,6.2123,6.8229,6.9770,7.1126,7.4223
1986-12-08,6.2137,6.8001,6.9532,7.0892,7.4033
1986-12-09,6.2087,6.7865,6.9416,7.0793,7.3962
1986-12-10,6.2021,6.7729,6.9278,7.0659,7.3857
1986-12-11,6.2350,6.8215,6.9788,7.1188,7.4415
1986-12-12,6.2557,6.8516,7.0079,7.1468,7.4676
1986-12-15,6.2957,6.8639,7.0182,7.1565,7.4780
1986-12-16,6.2950,6.8413,6.9923,7.1282,7.4453
1986-12-17,6.3222,6.8480,6.9936,7.1257,7.4380
1986-12-18,6.3388,6.8534,6.9954,7.1240,7.4280
1986-12-19,6.3350,6.8526,6.9923,7.1188,7.4189
1986-12-22,6.3439,6.8525,6.9881,7.1104,7.4006
1986-12-23,6.3565,6.8435,6.9737,7.0922,7.3783
1986-12-24,6.3618,6.8421,6.9706,7.0874,7.3679
1986-12-26,6.3599,6.8435,6.9688,7.0835,7.3638
1986-12-29,6.4076,6.9108,7.0425,7.1618,7.4478
1986-12-30,6.4808,6.9802,7.1116,7.2305,7.5143
1986-12-31,6.4534,6.9763,7.1163,7.2419,7.5363
1987-01-02,6.3995,6.9320,7.0695,7.1933,7.4873
1987-01-05,6.3482,6.8492,6.9792,7.0974,7.3817
1987-01-06,6.3419,6.8466,6.9777,7.0959,7.3764
1987-01-07,6.3070,6.8217,6.9546,7.0734,7.3518
1987-01-08,6.2557,6.7909,6.9268,7.0469,7.3239
1987-01-09,6.2287,6.7661,6.9011,7.0196,7.2909
1987-01-12,6.2389,6.7933,6.9300,7.0491,7.3187
1987-01-13,6.2572,6.8301,6.9705,7.0923,7.3663
1987-01-14,6.2642,6.8524,6.9953,7.1191,7.3983
1987-01-15,6.2551,6.8240,6.9637,7.0864,7.3690
1987-01-16,6.2343,6.7895,6.9255,7.0458,7.3271
1987-01-20,6.1946,6.7562,6.8928,7.0126,7.2887
1987-01-21,6.2072,6.7544,6.8882,7.0069,7.2851
1987-01-22,6.2068,6.7598,6.8978,7.0205,7.3082
1987-01-23,6.2133,6.7748,6.9159,7.0415,7.3360
1987-01-26,6.2543,6.8520,7.0053,7.1392,7.4420
1987-01-27,6.2620,6.8481,7.0009,7.1346,7.4378
1987-01-28,6.2637,6.8206,6.9678,7.0975,7.3943
1987-01-29,6.2696,6.8227,6.9694,7.0984,7.3927
1987-01-30,6.3132,6.8711,7.0153,7.1420,7.4313
1987-02-02,6.3706,6.9144,7.0576,7.1838,7.4724
1987-02-03,6.3931,6.9319,7.0733,7.1981,7.4842
1987-02-04,6.3974,6.9276,7.0669,7.1897,7.4712
1987-02-05,6.3630,6.8876,7.0247,7.1450,7.4184
1987-02-06,6.3873,6.8768,7.0079,7.1251,7.3992
1987-02-09,6.4583,6.9396,7.0693,7.1859,7.4609
1987-02-10,6.5036,7.0185,7.1563,7.2779,7.5556
1987-02-11,6.5722,7.0788,7.2113,7.3277,7.5935
1987-02-12,6.5452,7.0248,7.1545,7.2702,7.5400
1987-02-13,6.4755,6.9650,7.0948,7.2116,7.4892
1987-02-17,6.5058,7.0068,7.1405,7.2599,7.5376
1987-02-18,6.4740,6.9781,7.1132,7.2332,7.5108
1987-02-19,6.3910,6.9106,7.0507,7.1742,7.4549
1987-02-20,6.3768,6.9082,7.0467,7.1694,7.4521
1987-02-23,6.3823,6.9124,7.0482,7.1680,7.4427
1987-02-24,6.3778,6.8778,7.0064,7.1208,7.3870
1987-02-25,6.3993,6.8940,7.0218,7.1358,7.4021
1987-02-26,6.4059,6.8952,7.0216,7.1350,7.4017
1987-02-27,6.3779,6.8662,6.9928,7.1064,7.3742
1987-03-02,6.3678,6.8479,6.9727,7.0850,7.3500
1987-03-03,6.3868,6.8745,7.0003,7.1130,7.3779
1987-03-04,6.3625,6.8328,6.9561,7.0664,7.3237
1987-03-05,6.3698,6.8428,6.9648,7.0740,7.3294
1987-03-06,6.4379,6.9159,7.0365,7.1444,7.3969
1987-03-09,6.4479,6.9147,7.0375,7.1476,7.4049
1987-03-10,6.4577,6.9265,7.0505,7.1610,7.4167
1987-03-11,6.4675,6.9235,7.0469,7.1576,7.4155
1987-03-12,6.4526,6.9128,7.0375,7.1485,7.4043
1987-03-13,6.4170,6.8822,7.0076,7.1192,7.3766
1987-03-16,6.4306,6.9023,7.0273,7.1385,7.3958
1987-03-17,6.4300,6.8928,7.0160,7.1261,7.3825
1987-03-18,6.4191,6.8967,7.0208,7.1310,7.3861
1987-03-19,6.4081,6.8946,7.0196,7.1302,7.3852
1987-03-20,6.4054,6.8953,7.0214,7.1334,7.3923
1987-03-23,6.4347,6.9212,7.0478,7.1602,7.4208
1987-03-24,6.4601,6.9438,7.0704,7.1828,7.4433
1987-03-25,6.4917,6.9513,7.0717,7.1804,7.4383
1987-03-26,6.4662,6.9210,7.0430,7.1524,7.4087
1987-03-27,6.5165,6.9936,7.1188,7.2306,7.4911
1987-03-30,6.6665,7.1784,7.3074,7.4218,7.6872
1987-03-31,6.6219,7.1427,7.2738,7.3891,7.6523
1987-04-01,6.7042,7.2362,7.3649,7.4772,7.7313
1987-04-02,6.7114,7.2323,7.3596,7.4723,7.7321
1987-04-03,6.6881,7.2311,7.3625,7.4777,7.7382
1987-04-06,6.6481,7.1761,7.3081,7.4242,7.6867
1987-04-07,6.6759,7.2518,7.3872,7.5041,7.7628
1987-04-08,6.6753,7.2441,7.3789,7.4956,7.7549
1987-04-09,6.7929,7.4039,7.5397,7.6557,7.9097
1987-04-10,7.0315,7.6313,7.7556,7.8599,8.0848
1987-04-13,7.1562,7.7627,7.8820,7.9805,8.1906
1987-04-14,7.2908,7.9195,8.0468,8.1502,8.3636
1987-04-15,7.1668,7.7840,7.9139,8.0207,8.2439
1987-04-16,7.0397,7.6831,7.8179,7.9292,8.1647
1987-04-20,7.1825,7.8515,7.9809,8.0868,8.3091
1987-04-21,7.2283,7.8547,7.9814,8.0880,8.3212
1987-04-22,7.2790,7.8965,8.0222,8.1292,8.3646
1987-04-23,7.3859,8.0403,8.1760,8.2861,8.5053
1987-04-24,7.5204,8.1522,8.2917,8.4058,8.6332
1987-04-27,7.5500,8.0822,8.2116,8.3219,8.5510
1987-04-28,7.4976,8.0171,8.1478,8.2552,8.4670
1987-04-29,7.4998,8.0555,8.1881,8.2958,8.5065
1987-04-30,7.4513,7.9559,8.0814,8.1845,8.3882
1987-05-01,7.5057,8.1056,8.2334,8.3321,8.5158
1987-05-04,7.6290,8.2360,8.3612,8.4592,8.6443
1987-05-05,7.6173,8.1989,8.3206,8.4171,8.6021
1987-05-06,7.6520,8.2685,8.3909,8.4869,8.6696
1987-05-07,7.6470,8.2248,8.3369,8.4244,8.5900
1987-05-08,7.6053,8.1711,8.2889,8.3805,8.5522
1987-05-11,7.6742,8.3255,8.4392,8.5232,8.6748
1987-05-12,7.7089,8.3049,8.4209,8.5110,8.6801
1987-05-13,7.7007,8.2934,8.4100,8.5002,8.6689
1987-05-14,7.6995,8.3045,8.4226,8.5138,8.6842
1987-05-15,7.9385,8.5329,8.6396,8.7228,8.8808
1987-05-18,7.9644,8.5051,8.6023,8.6819,8.8442
1987-05-19,8.0173,8.6223,8.7341,8.8260,9.0153
1987-05-20,8.0945,8.6738,8.7777,8.8634,9.0412
1987-05-21,8.0762,8.6268,8.7274,8.8119,8.9916
1987-05-22,8.0231,8.5439,8.6456,8.7326,8.9199
1987-05-26,7.8545,8.3079,8.3980,8.4758,8.6455
1987-05-27,7.8689,8.3512,8.4465,8.5278,8.7022
1987-05-28,7.8536,8.3253,8.4235,8.5079,8.6884
1987-05-29,7.7639,8.2276,8.3278,8.4142,8.5993
1987-06-01,7.7182,8.1920,8.2949,8.3827,8.5678
1987-06-02,7.8579,8.4385,8.5527,8.6464,8.8364
1987-06-03,7.8196,8.3843,8.4951,8.5857,8.7690
1987-06-04,7.7874,8.3296,8.4433,8.5373,8.7274
1987-06-05,7.6979,8.2391,8.3564,8.4533,8.6488
1987-06-08,7.7287,8.2762,8.3889,8.4811,8.6660
1987-06-09,7.7319,8.3017,8.4164,8.5089,8.6909
1987-06-10,7.6960,8.2932,8.4108,8.5048,8.6883
1987-06-11,7.6780,8.2586,8.3766,8.4720,8.6605
1987-06-12,7.5197,8.0423,8.1598,8.2566,8.4503
1987-06-15,7.4757,8.0158,8.1305,8.2247,8.4139
1987-06-16,7.4729,8.0090,8.1212,8.2144,8.4061
1987-06-17,7.4247,7.9548,8.0695,8.1653,8.3627
1987-06-18,7.4290,7.9865,8.1043,8.2015,8.3994
1987-06-19,7.4266,8.0063,8.1285,8.2280,8.4262
1987-06-22,7.3859,7.9480,8.0658,8.1637,8.3658
1987-06-23,7.3985,7.9614,8.0730,8.1667,8.3672
1987-06-24,7.4673,8.0547,8.1650,8.2559,8.4478
1987-06-25,7.4433,8.0089,8.1179,8.2083,8.4006
1987-06-26,7.5097,8.1073,8.2203,8.3132,8.5079
1987-06-29,7.4821,8.0814,8.1987,8.2947,8.4941
1987-06-30,7.4758,8.1082,8.2295,8.3275,8.5271
1987-07-01,7.4314,8.0793,8.2027,8.3027,8.5072
1987-07-02,7.3635,8.0034,8.1276,8.2298,8.4419
1987-07-06,7.3538,8.0006,8.1252,8.2263,8.4319
1987-07-07,7.3340,7.9779,8.1025,8.2032,8.4071
1987-07-08,7.3286,7.9982,8.1286,8.2338,8.4458
1987-07-09,7.3514,8.0404,8.1757,8.2856,8.5083
1987-07-10,7.3127,7.9894,8.1238,8.2333,8.4558
1987-07-13,7.3144,8.0246,8.1656,8.2797,8.5100
1987-07-14,7.2848,7.9969,8.1355,8.2469,8.4702
1987-07-15,7.3196,8.0659,8.2087,8.3228,8.5496
1987-07-16,7.2987,8.0490,8.1916,8.3052,8.5317
1987-07-17,7.2763,8.0062,8.1441,8.2545,8.4768
1987-07-20,7.2961,8.0516,8.1924,8.3042,8.5267
1987-07-21,7.3464,8.1235,8.2673,8.3813,8.6086
1987-07-22,7.3825,8.1457,8.2943,8.4148,8.6621
1987-07-23,7.4073,8.1627,8.3115,8.4326,8.6816
1987-07-24,7.4556,8.2046,8.3497,8.4681,8.7130
1987-07-27,7.4810,8.2288,8.3737,8.4907,8.7295
1987-07-28,7.5064,8.2554,8.3986,8.5140,8.7494
1987-07-29,7.5144,8.2481,8.3899,8.5042,8.7377
1987-07-30,7.5298,8.2588,8.3947,8.5036,8.7263
1987-07-31,7.5442,8.2836,8.4207,8.5316,8.7621
1987-08-03,7.6189,8.4105,8.5513,8.6626,8.8864
1987-08-04,7.6336,8.4131,8.5548,8.6688,8.9048
1987-08-05,7.5812,8.3393,8.4789,8.5911,8.8231
1987-08-06,7.5832,8.3537,8.4925,8.6031,8.8286
1987-08-07,7.5985,8.3437,8.4730,8.5764,8.7903
1987-08-10,7.6088,8.3625,8.4944,8.5998,8.8167
1987-08-11,7.5919,8.3424,8.4753,8.5818,8.8020
1987-08-12,7.5750,8.3412,8.4762,8.5838,8.8035
1987-08-13,7.5459,8.2860,8.4132,8.5141,8.7202
1987-08-14,7.5256,8.2431,8.3692,8.4701,8.6782
1987-08-17,7.5270,8.2242,8.3451,8.4420,8.6427
1987-08-18,7.5980,8.3422,8.4759,8.5839,8.8088
1987-08-19,7.6419,8.3842,8.5178,8.6258,8.8505
1987-08-20,7.6612,8.3826,8.5136,8.6187,8.8333
1987-08-21,7.6688,8.3795,8.5116,8.6185,8.8384
1987-08-24,7.6886,8.3917,8.5247,8.6328,8.8560
1987-08-25,7.6837,8.3594,8.4871,8.5915,8.8094
1987-08-26,7.7350,8.3964,8.5220,8.6260,8.8463
1987-08-27,7.8412,8.5209,8.6482,8.7530,8.9730
1987-08-28,7.8902,8.6125,8.7439,8.8499,9.0672
1987-08-31,7.8989,8.6084,8.7370,8.8406,9.0529
1987-09-01,7.9109,8.6361,8.7708,8.8801,9.1060
1987-09-02,8.0411,8.7940,8.9351,9.0504,9.2895
1987-09-03,8.1267,8.8419,8.9847,9.1016,9.3390
1987-09-04,8.2156,8.8805,9.0144,9.1247,9.3500
1987-09-08,8.3714,9.0514,9.1886,9.3008,9.5272
1987-09-09,8.4201,9.0903,9.2250,9.3349,9.5568
1987-09-10,8.3801,9.0208,9.1541,9.2640,9.4879
1987-09-11,8.3465,8.9502,9.0808,9.1898,9.4145
1987-09-14,8.3017,8.9307,9.0709,9.1856,9.4141
1987-09-15,8.3390,8.9971,9.1431,9.2627,9.5013
1987-09-16,8.4071,9.0920,9.2351,9.3521,9.5871
1987-09-17,8.4070,9.0703,9.2093,9.3232,9.5528
1987-09-18,8.3547,8.9890,9.1259,9.2378,9.4609
1987-09-21,8.3563,9.0268,9.1688,9.2845,9.5153
1987-09-22,8.3510,8.9856,9.1159,9.2223,9.4361
1987-09-23,8.3545,9.0165,9.1458,9.2495,9.4543
1987-09-24,8.4178,9.1173,9.2524,9.3605,9.5739
1987-09-25,8.4856,9.1478,9.2736,9.3762,9.5848
1987-09-28,8.4862,9.1457,9.2705,9.3717,9.5760
1987-09-29,8.5678,9.2522,9.3763,9.4760,9.6766
1987-09-30,8.6019,9.2828,9.4032,9.5000,9.6947
1987-10-01,8.6055,9.3010,9.4229,9.5192,9.7082
1987-10-02,8.6191,9.2771,9.3887,9.4752,9.6405
1987-10-05,8.6478,9.3491,9.4643,9.5523,9.7174
1987-10-06,8.7110,9.3993,9.5111,9.5970,9.7604
1987-10-07,8.7185,9.3869,9.4960,9.5807,9.7441
1987-10-08,8.8330,9.5295,9.6337,9.7119,9.8575
1987-10-09,8.9563,9.6350,9.7341,9.8079,9.9445
1987-10-13,8.9427,9.5858,9.6880,9.7666,9.9175
1987-10-14,9.1248,9.8031,9.9042,9.9799,10.1207
1987-10-15,9.2357,9.8668,9.9640,10.0375,10.1754
1987-10-16,9.2412,9.8938,9.9951,10.0719,10.2159
1987-10-19,8.8806,9.7514,9.9091,10.0261,10.2231
1987-10-20,8.2788,9.0669,9.1948,9.2898,9.4652
1987-10-21,8.1437,8.9930,9.1321,9.2343,9.4147
1987-10-22,8.0037,8.7204,8.8307,8.9162,9.0895
1987-10-23,7.9805,8.7433,8.8558,8.9387,9.0913
1987-10-26,7.8037,8.5160,8.6327,8.7234,8.9037
1987-10-27,7.8551,8.6191,8.7405,8.8323,9.0071
1987-10-28,7.8262,8.6489,8.7950,8.9032,9.0983
1987-10-29,7.7428,8.5637,8.7148,8.8290,9.0386
1987-10-30,7.7618,8.5785,8.7163,8.8181,9.0015
1987-11-02,7.8465,8.6608,8.7977,8.8986,9.0800
1987-11-03,7.8164,8.5979,8.7296,8.8266,9.0011
1987-11-04,7.7408,8.5223,8.6482,8.7400,8.9042
1987-11-05,7.6352,8.3919,8.5203,8.6152,8.7866
1987-11-06,7.7113,8.4773,8.6006,8.6909,8.8531
1987-11-09,7.7187,8.5018,8.6211,8.7080,8.8637
1987-11-10,7.6866,8.4815,8.6099,8.7048,8.8765
1987-11-12,7.7120,8.4849,8.6151,8.7123,8.8897
1987-11-13,7.7735,8.5218,8.6524,8.7518,8.9368
1987-11-16,7.7843,8.5175,8.6432,8.7384,8.9147
1987-11-17,7.7587,8.5207,8.6547,8.7565,8.9453
1987-11-18,7.7474,8.5132,8.6489,8.7521,8.9437
1987-11-19,7.7223,8.4684,8.6104,8.7199,8.9255
1987-11-20,7.6888,8.4392,8.5770,8.6827,8.8802
1987-11-23,7.6934,8.4456,8.5815,8.6853,8.8782
1987-11-24,7.7271,8.5028,8.6455,8.7545,8.9572
1987-11-25,7.7861,8.5820,8.7271,8.8378,9.0433
1987-11-27,7.8720,8.6936,8.8381,8.9472,9.1482
1987-11-30,7.7932,8.5968,8.7469,8.8613,9.0732
1987-12-01,7.8037,8.6128,8.7705,8.8947,9.1266
1987-12-02,7.7891,8.5937,8.7529,8.8790,9.1165
1987-12-03,7.7486,8.5408,8.6989,8.8243,9.0615
1987-12-04,7.7413,8.5374,8.6971,8.8242,9.0657
1987-12-07,7.8358,8.6474,8.8073,8.9344,9.1763
1987-12-08,7.8604,8.6662,8.8285,8.9575,9.2014
1987-12-09,7.8553,8.6409,8.8022,8.9310,9.1766
1987-12-10,7.9743,8.7686,8.9290,9.0571,9.3035
1987-12-11,7.9913,8.8152,8.9855,9.1219,9.3842
1987-12-14,8.0069,8.7945,8.9572,9.0879,9.3413
1987-12-15,7.9356,8.7063,8.8662,8.9936,9.2353
1987-12-16,7.9071,8.5989,8.7535,8.8787,9.1194
1987-12-17,7.9147,8.6133,8.7713,8.8992,9.1445
1987-12-18,7.8608,8.5135,8.6608,8.7793,9.0011
1987-12-21,7.8698,8.5151,8.6627,8.7825,9.0112
1987-12-22,7.9261,8.5821,8.7286,8.8469,9.0708
1987-12-23,7.8724,8.4970,8.6309,8.7376,8.9357
1987-12-24,7.8689,8.4926,8.6213,8.7231,8.9116
1987-12-28,7.9292,8.5798,8.7188,8.8296,9.0358
1987-12-29,7.8891,8.5096,8.6402,8.7446,8.9424
1987-12-30,7.7923,8.4179,8.5589,8.6729,8.8915
1987-12-31,7.8068,8.4612,8.6103,8.7308,8.9598
1988-01-04,7.7931,8.4499,8.5984,8.7186,8.9487
1988-01-05,7.7772,8.3935,8.5422,8.6645,8.9013
1988-01-06,7.7978,8.4490,8.6025,8.7299,8.9805
1988-01-07,7.7933,8.4414,8.5974,8.7294,8.9949
1988-01-08,7.8947,8.5653,8.7252,8.8599,9.1297
1988-01-11,7.7956,8.4928,8.6663,8.8131,9.1072
1988-01-12,7.7788,8.4808,8.6506,8.7950,9.0891
1988-01-13,7.7602,8.4434,8.6040,8.7414,9.0252
1988-01-14,7.7572,8.4331,8.5949,8.7329,9.0148
1988-01-15,7.6229,8.2106,8.3635,8.4968,8.7747
1988-01-19,7.6464,8.2321,8.3819,8.5137,8.7934
1988-01-20,7.5984,8.1903,8.3418,8.4763,8.7672
1988-01-21,7.5240,8.1175,8.2620,8.3898,8.6693
1988-01-22,7.4959,8.0778,8.2225,8.3518,8.6402
1988-01-25,7.4701,8.0563,8.1961,8.3202,8.5985
1988-01-26,7.5267,8.1299,8.2724,8.4012,8.7020
1988-01-27,7.3916,7.9731,8.1135,8.2408,8.5393
1988-01-28,7.3059,7.8996,8.0496,8.1853,8.4986
1988-01-29,7.2451,7.8302,7.9836,8.1239,8.4489
1988-02-01,7.2527,7.8375,7.9892,8.1284,8.4527
1988-02-02,7.2115,7.7695,7.9111,8.0412,8.3475
1988-02-03,7.2366,7.8161,7.9656,8.1032,8.4274
1988-02-04,7.2437,7.8194,7.9729,8.1153,8.4508
1988-02-05,7.1128,7.6958,7.8582,8.0084,8.3575
1988-02-08,7.1538,7.7610,7.9163,8.0576,8.3864
1988-02-09,7.1200,7.7210,7.8777,8.0211,8.3569
1988-02-10,7.0699,7.6559,7.8144,7.9607,8.3050
1988-02-11,7.0998,7.7009,7.8613,8.0088,8.3552
1988-02-12,7.2045,7.8173,7.9769,8.1236,8.4680
1988-02-16,7.2453,7.8300,8.0013,8.1563,8.4961
1988-02-17,7.2279,7.8283,8.0024,8.1596,8.5041
1988-02-18,7.2146,7.8078,7.9755,8.1275,8.4646
1988-02-19,7.1879,7.7878,7.9549,8.1074,8.4498
1988-02-22,7.1791,7.7752,7.9381,8.0868,8.4233
1988-02-23,7.1456,7.7123,7.8703,8.0164,8.3536
1988-02-24,7.1452,7.7139,7.8722,8.0192,8.3612
1988-02-25,7.1714,7.7455,7.9064,8.0566,8.4075
1988-02-26,7.1596,7.7193,7.8740,8.0192,8.3635
1988-02-29,7.1283,7.6997,7.8502,7.9902,8.3225
1988-03-01,7.1079,7.6791,7.8366,7.9835,8.3301
1988-03-02,7.0828,7.6566,7.8123,7.9579,8.3064
1988-03-03,7.0811,7.6497,7.8044,7.9494,8.2974
1988-03-04,7.2243,7.7968,7.9554,8.1042,8.4587
1988-03-07,7.2268,7.8183,7.9814,8.1300,8.4664
1988-03-08,7.2311,7.8475,8.0133,8.1642,8.5077
1988-03-09,7.2316,7.8359,8.0033,8.1570,8.5079
1988-03-10,7.2612,7.8712,8.0391,8.1929,8.5428
1988-03-11,7.2140,7.8263,7.9900,8.1391,8.4799
1988-03-14,7.2180,7.8292,7.9903,8.1370,8.4732
1988-03-15,7.2113,7.8265,7.9898,8.1386,8.4786
1988-03-16,7.2456,7.8911,8.0562,8.2061,8.5521
1988-03-17,7.1965,7.8397,8.0036,8.1524,8.4959
1988-03-18,7.2299,7.9103,8.0910,8.2549,8.6272
1988-03-21,7.3276,7.9918,8.1629,8.3183,8.6744
1988-03-22,7.3277,7.9828,8.1528,8.3072,8.6595
1988-03-23,7.3779,8.0277,8.1886,8.3341,8.6682
1988-03-24,7.4285,8.0732,8.2318,8.3749,8.7020
1988-03-25,7.3917,8.0314,8.1934,8.3350,8.6379
1988-03-28,7.4064,8.1150,8.2892,8.4381,8.7465
1988-03-29,7.4136,8.1016,8.2737,8.4246,8.7489
1988-03-30,7.4100,8.1030,8.2780,8.4316,8.7623
1988-03-31,7.4056,8.0991,8.2715,8.4194,8.7270
1988-04-04,7.5468,8.2349,8.3971,8.5388,8.8446
1988-04-05,7.5746,8.2345,8.3919,8.5303,8.8324
1988-04-06,7.5468,8.1935,8.3514,8.4899,8.7879
1988-04-07,7.5339,8.1701,8.3304,8.4718,8.7777
1988-04-08,7.4770,8.0950,8.2509,8.3881,8.6842
1988-04-11,7.5202,8.1495,8.3093,8.4514,8.7624
1988-04-12,7.4942,8.1352,8.2980,8.4419,8.7534
1988-04-13,7.4526,8.1037,8.2655,8.4087,8.7210
1988-04-14,7.5433,8.2092,8.3764,8.5266,8.8629
1988-04-15,7.5909,8.2545,8.4212,8.5736,8.9256
1988-04-18,7.6276,8.3080,8.4779,8.6325,8.9871
1988-04-19,7.6186,8.2969,8.4687,8.6257,8.9898
1988-04-20,7.6611,8.3229,8.4955,8.6539,9.0184
1988-04-21,7.6555,8.3124,8.4835,8.6397,8.9953
1988-04-22,7.6290,8.2803,8.4496,8.6019,8.9415
1988-04-25,7.6381,8.2868,8.4519,8.6008,8.9348
1988-04-26,7.6259,8.2870,8.4525,8.6014,8.9356
1988-04-27,7.6254,8.2874,8.4511,8.6000,8.9422
1988-04-28,7.6890,8.3584,8.5180,8.6643,9.0096
1988-04-29,7.7165,8.3712,8.5302,8.6770,9.0242
1988-05-02,7.7721,8.4205,8.5793,8.7270,9.0781
1988-05-03,7.7579,8.3883,8.5477,8.6940,9.0315
1988-05-04,7.7625,8.3910,8.5482,8.6928,9.0285
1988-05-05,7.7961,8.4151,8.5711,8.7145,9.0465
1988-05-06,7.9035,8.5034,8.6584,8.8008,9.1270
1988-05-09,7.9446,8.5324,8.6827,8.8214,9.1416
1988-05-10,7.9958,8.5724,8.7216,8.8612,9.1890
1988-05-11,7.9774,8.5730,8.7298,8.8761,9.2164
1988-05-12,7.9588,8.5700,8.7331,8.8795,9.1981
1988-05-13,7.9088,8.5244,8.6856,8.8271,9.1267
1988-05-16,7.9250,8.5390,8.6993,8.8385,9.1297
1988-05-17,8.0048,8.6380,8.7983,8.9374,9.2299
1988-05-18,8.0318,8.6945,8.8599,9.0001,9.2868
1988-05-19,8.0390,8.6902,8.8533,8.9917,9.2745
1988-05-20,8.0697,8.7144,8.8803,9.0231,9.3201
1988-05-23,8.1107,8.7350,8.8987,9.0422,9.3462
1988-05-24,8.1254,8.7259,8.8861,9.0313,9.3523
1988-05-25,8.1553,8.7248,8.8777,9.0174,9.3289
1988-05-26,8.2153,8.7613,8.9077,9.0389,9.3241
1988-05-27,8.2325,8.7869,8.9339,9.0660,9.3539
1988-05-31,8.2304,8.7716,8.9114,9.0334,9.2915
1988-06-01,8.1246,8.6209,8.7448,8.8509,9.0737
1988-06-02,8.1480,8.6441,8.7779,8.8962,9.1497
1988-06-03,8.0548,8.5800,8.7082,8.8150,9.0318
1988-06-06,8.0480,8.5584,8.6893,8.8003,9.0284
1988-06-07,8.0518,8.5928,8.7271,8.8398,9.0702
1988-06-08,7.9828,8.5137,8.6494,8.7639,8.9977
1988-06-09,7.9924,8.5353,8.6680,8.7792,9.0069
1988-06-10,7.9980,8.5210,8.6520,8.7627,8.9923
1988-06-13,7.9827,8.4962,8.6276,8.7395,8.9727
1988-06-14,7.8239,8.3020,8.4293,8.5384,8.7681
1988-06-15,7.8546,8.3361,8.4659,8.5772,8.8107
1988-06-16,7.9736,8.5049,8.6414,8.7569,8.9938
1988-06-17,8.1179,8.6217,8.7579,8.8758,9.1236
1988-06-20,8.1468,8.6245,8.7568,8.8739,9.1246
1988-06-21,8.1687,8.6460,8.7766,8.8925,9.1419
1988-06-22,8.0610,8.5231,8.6500,8.7628,9.0059
1988-06-23,8.0533,8.5033,8.6310,8.7439,8.9840
1988-06-24,8.0423,8.4876,8.6119,8.7224,8.9590
1988-06-27,8.0952,8.5635,8.6941,8.8098,9.0560
1988-06-28,8.0932,8.5236,8.6443,8.7527,8.9884
1988-06-29,8.0560,8.5036,8.6305,8.7428,8.9830
1988-06-30,8.0221,8.4548,8.5769,8.6858,8.9225
1988-07-01,7.9832,8.4240,8.5482,8.6590,8.8993
1988-07-05,8.0048,8.4794,8.5824,8.6687,8.8536
1988-07-06,8.0396,8.5332,8.6412,8.7319,8.9263
1988-07-07,8.0775,8.5839,8.6944,8.7867,8.9819
1988-07-08,8.2491,8.6697,8.7933,8.9076,9.1665
1988-07-11,8.2413,8.6489,8.7728,8.8873,9.1447
1988-07-12,8.2692,8.7024,8.8293,8.9466,9.2108
1988-07-13,8.2817,8.7158,8.8432,8.9612,9.2307
1988-07-14,8.3101,8.7358,8.8628,8.9805,9.2479
1988-07-15,8.3048,8.7077,8.8350,8.9519,9.2123
1988-07-18,8.3465,8.7520,8.8781,8.9996,9.2901
1988-07-19,8.2988,8.7196,8.8443,8.9640,9.2520
1988-07-20,8.2972,8.7269,8.8499,8.9679,9.2536
1988-07-21,8.3655,8.7735,8.8925,9.0105,9.3094
1988-07-22,8.3372,8.7301,8.8484,8.9679,9.2753
1988-07-25,8.3333,8.7154,8.8317,8.9492,9.2514
1988-07-26,8.3472,8.7280,8.8415,8.9564,9.2552
1988-07-27,8.4126,8.7839,8.8951,9.0084,9.3048
1988-07-28,8.4387,8.8029,8.9160,9.0321,9.3372
1988-07-29,8.3993,8.7568,8.8715,8.9889,9.2939
1988-08-01,8.3682,8.7124,8.8272,8.9417,9.2234
1988-08-02,8.3335,8.6552,8.7619,8.8694,9.1378
1988-08-03,8.3446,8.6765,8.7833,8.8929,9.1774
1988-08-04,8.3097,8.6349,8.7409,8.8500,9.1332
1988-08-05,8.4542,8.7835,8.8847,8.9857,9.2373
1988-08-08,8.4809,8.7921,8.8902,8.9872,9.2250
1988-08-09,8.5794,8.8845,8.9758,9.0664,9.2924
1988-08-10,8.6614,8.9982,9.0975,9.1946,9.4320
1988-08-11,8.6864,9.0180,9.1216,9.2226,9.4656
1988-08-12,8.6869,9.0315,9.1401,9.2430,9.4800
1988-08-15,8.6837,9.0585,9.1622,9.2530,9.4473
1988-08-16,8.6879,9.0431,9.1395,9.2238,9.4040
1988-08-17,8.7241,9.0605,9.1607,9.2517,9.4533
1988-08-18,8.7175,9.0497,9.1472,9.2384,9.4480
1988-08-19,8.7172,9.0356,9.1331,9.2234,9.4274
1988-08-22,8.7557,9.0750,9.1690,9.2549,9.4476
1988-08-23,8.7169,9.0330,9.1255,9.2100,9.3997
1988-08-24,8.7156,9.0364,9.1315,9.2191,9.4168
1988-08-25,8.7860,9.1084,9.2030,9.2919,9.4969
1988-08-26,8.7890,9.0947,9.1851,9.2713,9.4750
1988-08-29,8.7491,9.0349,9.1211,9.2033,9.3959
1988-08-30,8.7298,9.0042,9.0880,9.1671,9.3505
1988-08-31,8.7141,8.9822,9.0658,9.1450,9.3284
1988-09-01,8.7119,8.9843,9.0715,9.1529,9.3374
1988-09-02,8.4722,8.7383,8.8199,8.8934,9.0564
1988-09-06,8.4849,8.7358,8.8210,8.9009,9.0822
1988-09-07,8.4695,8.7261,8.8167,8.9024,9.0978
1988-09-08,8.4734,8.7413,8.8274,8.9055,9.0777
1988-09-09,8.4355,8.6697,8.7586,8.8436,9.0390
1988-09-12,8.4611,8.7010,8.7885,8.8729,9.0717
1988-09-13,8.4344,8.6937,8.7801,8.8623,9.0543
1988-09-14,8.3793,8.6293,8.7151,8.7973,8.9912
1988-09-15,8.4045,8.6752,8.7582,8.8366,9.0207
1988-09-16,8.4154,8.6880,8.7731,8.8536,9.0423
1988-09-19,8.4490,8.7267,8.8129,8.8936,9.0805
1988-09-20,8.4494,8.7287,8.8119,8.8877,9.0581
1988-09-21,8.4169,8.6917,8.7771,8.8549,9.0289
1988-09-22,8.4369,8.7052,8.7922,8.8733,9.0588
1988-09-23,8.4605,8.7252,8.8093,8.8869,9.0622
1988-09-26,8.4993,8.7659,8.8468,8.9217,9.0934
1988-09-27,8.5487,8.8023,8.8831,8.9583,9.1302
1988-09-28,8.5828,8.8357,8.9153,8.9883,9.1528
1988-09-29,8.5361,8.7670,8.8392,8.9055,9.0574
1988-09-30,8.4483,8.6559,8.7298,8.7993,8.9603
1988-10-03,8.4264,8.6231,8.6998,8.7727,8.9428
1988-10-04,8.4327,8.6407,8.7201,8.7946,8.9657
1988-10-05,8.4190,8.6464,8.7243,8.7949,8.9532
1988-10-06,8.4383,8.6523,8.7230,8.7869,8.9314
1988-10-07,8.2841,8.4773,8.5543,8.6271,8.7961
1988-10-11,8.3182,8.5249,8.6042,8.6786,8.8487
1988-10-12,8.3589,8.6043,8.6896,8.7680,8.9429
1988-10-13,8.3814,8.5973,8.6807,8.7608,8.9479
1988-10-14,8.3436,8.5737,8.6574,8.7343,8.9052
1988-10-17,8.3382,8.5587,8.6450,8.7252,8.9041
1988-10-18,8.3240,8.5327,8.6182,8.7008,8.8941
1988-10-19,8.3616,8.5717,8.6584,8.7419,8.9373
1988-10-20,8.3632,8.5557,8.6400,8.7238,8.9255
1988-10-21,8.3792,8.5788,8.6663,8.7514,8.9510
1988-10-24,8.3965,8.5804,8.6649,8.7487,8.9506
1988-10-25,8.3990,8.5659,8.6509,8.7367,8.9468
1988-10-26,8.3525,8.5321,8.6204,8.7097,8.9290
1988-10-27,8.3121,8.4705,8.5533,8.6384,8.8513
1988-10-28,8.2782,8.4376,8.5227,8.6088,8.8183
1988-10-31,8.2481,8.4018,8.4821,8.5615,8.7491
1988-11-01,8.2609,8.4291,8.5086,8.5861,8.7671
1988-11-02,8.2915,8.4772,8.5586,8.6359,8.8122
1988-11-03,8.2754,8.4511,8.5286,8.6022,8.7700
1988-11-04,8.4234,8.6181,8.6959,8.7680,8.9265
1988-11-07,8.5139,8.6840,8.7553,8.8256,8.9938
1988-11-08,8.5249,8.6840,8.7526,8.8203,8.9822
1988-11-09,8.5561,8.7301,8.7990,8.8650,9.0184
1988-11-10,8.5870,8.7404,8.8052,8.8673,9.0110
1988-11-14,8.6203,8.7710,8.8276,8.8809,9.0037
1988-11-15,8.6834,8.7924,8.8424,8.8916,9.0096
1988-11-16,8.7394,8.8611,8.9158,8.9666,9.0805
1988-11-17,8.7550,8.8897,8.9456,8.9978,9.1181
1988-11-18,8.7650,8.9135,8.9668,9.0148,9.1211
1988-11-21,8.7921,8.9230,8.9699,9.0128,9.1097
1988-11-22,8.8620,8.9855,9.0264,9.0648,9.1530
1988-11-23,8.8689,8.9861,9.0264,9.0649,9.1546
1988-11-25,8.9526,9.0869,9.1237,9.1567,9.2293
1988-11-28,8.9977,9.0920,9.1265,9.1596,9.2347
1988-11-29,8.9685,9.0524,9.0871,9.1230,9.2111
1988-11-30,8.8761,8.9531,8.9985,9.0419,9.1382
1988-12-01,8.8638,8.9248,8.9681,9.0102,9.1041
1988-12-02,9.0870,9.1178,9.1487,9.1811,9.2567
1988-12-05,9.0840,9.0817,9.1088,9.1381,9.2094
1988-12-06,8.9259,8.9029,8.9325,8.9637,9.0372
1988-12-07,8.9336,8.9564,8.9808,9.0034,9.0504
1988-12-08,9.0036,9.0232,9.0425,9.0599,9.0918
1988-12-09,9.0355,9.0686,9.0916,9.1105,9.1383
1988-12-12,9.0606,9.0919,9.1134,9.1304,9.1492
1988-12-13,9.1698,9.1687,9.1882,9.2050,9.2248
1988-12-14,9.1984,9.2125,9.2285,9.2407,9.2506
1988-12-15,9.2061,9.2177,9.2339,9.2462,9.2570
1988-12-16,9.1975,9.1989,9.2170,9.2313,9.2466
1988-12-19,9.1972,9.1871,9.2027,9.2147,9.2267
1988-12-20,9.1112,9.1130,9.1315,9.1452,9.1561
1988-12-21,9.0980,9.1079,9.1259,9.1387,9.1479
1988-12-22,9.0860,9.1117,9.1269,9.1362,9.1355
1988-12-23,9.0807,9.1093,9.1258,9.1355,9.1319
1988-12-27,9.1595,9.1802,9.1929,9.1992,9.1870
1988-12-28,9.2042,9.2542,9.2700,9.2775,9.2625
1988-12-29,9.2052,9.2490,9.2635,9.2702,9.2550
1988-12-30,9.1734,9.2029,9.2153,9.2215,9.2111
1989-01-03,9.2162,9.2833,9.3003,9.3092,9.3020
1989-01-04,9.2421,9.2728,9.2908,9.3027,9.3050
1989-01-05,9.3077,9.3379,9.3556,9.3671,9.3646
1989-01-06,9.3249,9.3365,9.3437,9.3454,9.3221
1989-01-09,9.3105,9.3291,9.3378,9.3404,9.3175
1989-01-10,9.2995,9.3150,9.3260,9.3312,9.3140
1989-01-11,9.3092,9.3102,9.3251,9.3350,9.3296
1989-01-12,9.2341,9.2302,9.2405,9.2456,9.2305
1989-01-13,9.1439,9.1335,9.1457,9.1526,9.1407
1989-01-17,9.1611,9.1425,9.1484,9.1517,9.1377
1989-01-18,9.1288,9.0936,9.0919,9.0892,9.0665
1989-01-19,9.1095,9.0947,9.0978,9.0974,9.0752
1989-01-20,9.1262,9.1234,9.1237,9.1208,9.0947
1989-01-23,9.1204,9.0886,9.0890,9.0886,9.0732
1989-01-24,9.0563,9.0137,9.0168,9.0195,9.0104
1989-01-25,9.1100,9.0830,9.0809,9.0770,9.0496
1989-01-26,9.1500,9.1032,9.0960,9.0878,9.0515
1989-01-27,9.0931,9.0523,9.0527,9.0513,9.0279
1989-01-30,9.1249,9.0939,9.0908,9.0850,9.0514
1989-01-31,9.1350,9.0907,9.0848,9.0774,9.0439
1989-02-01,9.1315,9.0867,9.0836,9.0789,9.0502
1989-02-02,9.1457,9.0774,9.0715,9.0664,9.0414
1989-02-03,9.2283,9.1329,9.1184,9.1051,9.0620
1989-02-06,9.2373,9.1416,9.1239,9.1064,9.0521
1989-02-07,9.2119,9.1017,9.0815,9.0626,9.0071
1989-02-08,9.1968,9.0791,9.0627,9.0485,9.0059
1989-02-09,9.2792,9.2441,9.2439,9.2416,9.2156
1989-02-10,9.3814,9.3035,9.2997,9.2977,9.2828
1989-02-13,9.4015,9.3158,9.3104,9.3075,9.2924
1989-02-14,9.4262,9.3621,9.3550,9.3479,9.3183
1989-02-15,9.4114,9.3530,9.3455,9.3363,9.2992
1989-02-16,9.3840,9.3344,9.3299,9.3234,9.2904
1989-02-17,9.3896,9.3281,9.3253,9.3211,9.2938
1989-02-21,9.3964,9.3295,9.3270,9.3234,9.2977
1989-02-22,9.4780,9.4208,9.4155,9.4091,9.3755
1989-02-23,9.5916,9.5146,9.5030,9.4909,9.4444
1989-02-24,9.6405,9.5250,9.5128,9.5030,9.4672
1989-02-27,9.6273,9.5104,9.4955,9.4822,9.4374
1989-02-28,9.5883,9.4808,9.4646,9.4486,9.3955
1989-03-01,9.5857,9.4760,9.4649,9.4549,9.4195
1989-03-02,9.5742,9.4446,9.4293,9.4168,9.3784
1989-03-03,9.5521,9.4377,9.4225,9.4082,9.3627
1989-03-06,9.5351,9.4050,9.3875,9.3722,9.3272
1989-03-07,9.5503,9.4116,9.3885,9.3686,9.3152
1989-03-08,9.5467,9.3969,9.3706,9.3480,9.2888
1989-03-09,9.5641,9.4114,9.3828,9.3575,9.2923
1989-03-10,9.7037,9.5333,9.4972,9.4668,9.3938
1989-03-13,9.6933,9.5307,9.4999,9.4719,9.3980
1989-03-14,9.6914,9.5130,9.4770,9.4451,9.3656
1989-03-15,9.6777,9.5036,9.4688,9.4383,9.3621
1989-03-16,9.6597,9.4894,9.4558,9.4254,9.3481
1989-03-17,9.8869,9.6941,9.6595,9.6301,9.5571
1989-03-20,9.9478,9.7626,9.7177,9.6763,9.5742
1989-03-21,9.9767,9.7973,9.7472,9.7001,9.5834
1989-03-22,9.8813,9.7036,9.6581,9.6155,9.5092
1989-03-23,9.8720,9.6920,9.6457,9.6021,9.4930
1989-03-27,9.9204,9.7097,9.6562,9.6078,9.4927
1989-03-28,9.9250,9.6979,9.6401,9.5882,9.4667
1989-03-29,9.8759,9.6383,9.5841,9.5356,9.4201
1989-03-30,9.8482,9.6150,9.5630,9.5164,9.4050
1989-03-31,9.8025,9.5677,9.5166,9.4710,9.3627
1989-04-03,9.6306,9.4352,9.3975,9.3639,9.2826
1989-04-04,9.5506,9.3662,9.3333,9.3045,9.2351
1989-04-05,9.5280,9.3606,9.3290,9.3006,9.2299
1989-04-06,9.5969,9.4185,9.3827,9.3510,9.2727
1989-04-07,9.6466,9.4898,9.4575,9.4275,9.3493
1989-04-10,9.6550,9.4956,9.4599,9.4270,9.3434
1989-04-11,9.6420,9.4920,9.4615,9.4328,9.3555
1989-04-12,9.6468,9.5041,9.4715,9.4404,9.3584
1989-04-13,9.7132,9.5656,9.5232,9.4839,9.3890
1989-04-14,9.4890,9.3652,9.3385,9.3136,9.2488
1989-04-17,9.5215,9.4001,9.3734,9.3478,9.2790
1989-04-18,9.3267,9.2175,9.1973,9.1788,9.1293
1989-04-19,9.3509,9.2488,9.2283,9.2084,9.1524
1989-04-20,9.4933,9.3977,9.3716,9.3450,9.2686
1989-04-21,9.4655,9.3427,9.3184,9.2944,9.2257
1989-04-24,9.4685,9.3336,9.3104,9.2880,9.2236
1989-04-25,9.4162,9.2809,9.2636,9.2474,9.1974
1989-04-26,9.3892,9.2575,9.2429,9.2297,9.1880
1989-04-27,9.3014,9.1673,9.1619,9.1586,9.1418
1989-04-28,9.2536,9.1331,9.1290,9.1271,9.1150
1989-05-01,9.3921,9.2615,9.2528,9.2473,9.2277
1989-05-02,9.3142,9.1908,9.1882,9.1869,9.1725
1989-05-03,9.2743,9.1678,9.1641,9.1608,9.1416
1989-05-04,9.2720,9.1632,9.1610,9.1605,9.1535
1989-05-05,9.0937,9.0421,9.0499,9.0573,9.0673
1989-05-08,9.1402,9.0872,9.0976,9.1073,9.1211
1989-05-09,9.2698,9.2243,9.2314,9.2375,9.2402
1989-05-10,9.3226,9.2696,9.2761,9.2817,9.2830
1989-05-11,9.2010,9.1625,9.1807,9.1974,9.2242
1989-05-12,8.8688,8.8609,8.8814,8.8998,8.9344
1989-05-15,8.9444,8.9008,8.9069,8.9132,8.9247
1989-05-16,8.9774,8.9149,8.9202,8.9264,8.9369
1989-05-17,8.9860,8.9105,8.9097,8.9101,8.9082
1989-05-18,9.0113,8.9291,8.9167,8.9057,8.8781
1989-05-19,8.9647,8.8624,8.8471,8.8343,8.8055
1989-05-22,8.8673,8.7469,8.7293,8.7152,8.6856
1989-05-23,8.8627,8.7554,8.7419,8.7314,8.7089
1989-05-24,8.8887,8.7797,8.7680,8.7590,8.7382
1989-05-25,8.9560,8.8407,8.8228,8.8077,8.7734
1989-05-26,8.9396,8.8240,8.8090,8.7958,8.7616
1989-05-30,8.8977,8.7922,8.7783,8.7667,8.7389
1989-05-31,8.8567,8.7545,8.7446,8.7367,8.7164
1989-06-01,8.8603,8.7542,8.7440,8.7362,8.7171
1989-06-02,8.5616,8.5118,8.5296,8.5467,8.5802
1989-06-05,8.4709,8.4380,8.4562,8.4736,8.5105
1989-06-06,8.4744,8.4396,8.4535,8.4667,8.4937
1989-06-07,8.4139,8.3743,8.3851,8.3959,8.4188
1989-06-08,8.3854,8.3508,8.3646,8.3777,8.4033
1989-06-09,8.3306,8.2519,8.2559,8.2609,8.2694
1989-06-12,8.3405,8.2765,8.2804,8.2836,8.2826
1989-06-13,8.4531,8.3890,8.3879,8.3862,8.3735
1989-06-14,8.3978,8.3249,8.3278,8.3305,8.3293
1989-06-15,8.5023,8.4561,8.4561,8.4552,8.4452
1989-06-16,8.5539,8.4850,8.4859,8.4861,8.4773
1989-06-19,8.5632,8.5053,8.5081,8.5097,8.5028
1989-06-20,8.5163,8.4478,8.4493,8.4501,8.4429
1989-06-21,8.5608,8.4962,8.4945,8.4922,8.4786
1989-06-22,8.5894,8.5140,8.5143,8.5142,8.5054
1989-06-23,8.4168,8.3602,8.3695,8.3768,8.3806
1989-06-26,8.3752,8.3053,8.3086,8.3113,8.3097
1989-06-27,8.3353,8.2432,8.2422,8.2418,8.2352
1989-06-28,8.3406,8.2714,8.2782,8.2847,8.2922
1989-06-29,8.2254,8.1884,8.2053,8.2201,8.2437
1989-06-30,8.1279,8.1375,8.1659,8.1893,8.2254
1989-07-03,8.0713,8.0966,8.1329,8.1644,8.2215
1989-07-05,8.0270,8.0969,8.1409,8.1786,8.2502
1989-07-06,7.9825,8.0476,8.0921,8.1306,8.2051
1989-07-07,7.8862,7.9726,8.0212,8.0629,8.1438
1989-07-10,7.8582,7.9361,7.9799,8.0181,8.0946
1989-07-11,7.8367,7.9178,7.9669,8.0106,8.1018
1989-07-12,7.8042,7.9029,7.9568,8.0040,8.1008
1989-07-13,7.7955,7.8997,7.9498,7.9937,8.0854
1989-07-14,7.8293,7.9270,7.9815,8.0298,8.1320
1989-07-17,7.8806,7.9572,8.0035,8.0451,8.1355
1989-07-18,7.9933,8.0582,8.0991,8.1355,8.2129
1989-07-19,7.9222,7.9948,8.0412,8.0828,8.1725
1989-07-20,7.8390,7.9048,7.9532,7.9978,8.0982
1989-07-21,7.9539,7.9806,8.0188,8.0552,8.1412
1989-07-24,7.9432,7.9640,8.0046,8.0431,8.1327
1989-07-25,7.8675,7.9003,7.9479,7.9927,8.0967
1989-07-26,7.8509,7.8820,7.9288,7.9731,8.0764
1989-07-27,7.7410,7.7798,7.8331,7.8837,8.0015
1989-07-28,7.6407,7.6845,7.7457,7.8039,7.9396
1989-07-31,7.6033,7.6531,7.7067,7.7574,7.8748
1989-08-01,7.5414,7.5781,7.6315,7.6820,7.7989
1989-08-02,7.5973,7.6328,7.6795,7.7233,7.8236
1989-08-03,7.6731,7.7010,7.7417,7.7805,7.8718
1989-08-04,7.9771,7.9741,7.9968,8.0190,8.0731
1989-08-07,8.0629,8.0022,8.0209,8.0409,8.0914
1989-08-08,8.0284,7.9792,8.0028,8.0270,8.0866
1989-08-09,8.0455,8.0072,8.0282,8.0499,8.1053
1989-08-10,8.0465,8.0017,8.0243,8.0478,8.1064
1989-08-11,8.1629,8.1301,8.1420,8.1548,8.1882
1989-08-14,8.3372,8.3183,8.3276,8.3361,8.3508
1989-08-15,8.3283,8.2697,8.2794,8.2902,8.3145
1989-08-16,8.2016,8.1561,8.1746,8.1933,8.2357
1989-08-17,8.2896,8.2335,8.2433,8.2539,8.2784
1989-08-18,8.2770,8.2305,8.2387,8.2472,8.2657
1989-08-21,8.3106,8.2886,8.2994,8.3091,8.3258
1989-08-22,8.4185,8.3843,8.3896,8.3942,8.3991
1989-08-23,8.4011,8.3486,8.3515,8.3542,8.3549
1989-08-24,8.3557,8.3006,8.3032,8.3063,8.3102
1989-08-25,8.3426,8.3061,8.3094,8.3127,8.3177
1989-08-28,8.4216,8.3730,8.3754,8.3779,8.3793
1989-08-29,8.4473,8.3839,8.3792,8.3752,8.3632
1989-08-30,8.4235,8.3631,8.3605,8.3586,8.3509
1989-08-31,8.3962,8.3528,8.3555,8.3579,8.3582
1989-09-01,8.3486,8.2971,8.2969,8.2970,8.2937
1989-09-05,8.3620,8.2947,8.2893,8.2852,8.2754
1989-09-06,8.3530,8.2870,8.2836,8.2809,8.2713
1989-09-07,8.3107,8.2799,8.2835,8.2858,8.2830
1989-09-08,8.2504,8.2381,8.2475,8.2543,8.2587
1989-09-11,8.1892,8.1936,8.2097,8.2226,8.2411
1989-09-12,8.1648,8.1747,8.1949,8.2121,8.2418
1989-09-13,8.1784,8.2020,8.2248,8.2445,8.2822
1989-09-14,8.0865,8.1413,8.1720,8.1980,8.2471
1989-09-15,8.0546,8.1014,8.1323,8.1589,8.2092
1989-09-18,8.1113,8.1293,8.1500,8.1685,8.2062
1989-09-19,8.1170,8.1289,8.1477,8.1648,8.2008
1989-09-20,8.2216,8.2122,8.2238,8.2348,8.2594
1989-09-21,8.2787,8.2710,8.2808,8.2898,8.3088
1989-09-22,8.2792,8.2846,8.2981,8.3098,8.3314
1989-09-25,8.3687,8.3913,8.4064,8.4187,8.4392
1989-09-26,8.3884,8.3849,8.3925,8.3982,8.4043
1989-09-27,8.3938,8.3913,8.3994,8.4055,8.4119
1989-09-28,8.4096,8.4162,8.4235,8.4279,8.4272
1989-09-29,8.4632,8.4416,8.4427,8.4420,8.4301
1989-10-02,8.4632,8.4202,8.4149,8.4093,8.3906
1989-10-03,8.3872,8.3577,8.3608,8.3626,8.3583
1989-10-04,8.3797,8.3431,8.3428,8.3417,8.3316
1989-10-05,8.3121,8.2796,8.2815,8.2817,8.2716
1989-10-06,8.0771,8.0971,8.1159,8.1313,8.1566
1989-10-10,8.0641,8.0987,8.1190,8.1349,8.1585
1989-10-11,8.0958,8.1315,8.1501,8.1650,8.1890
1989-10-12,8.0321,8.0805,8.1039,8.1230,8.1562
1989-10-13,7.9391,8.0334,8.0725,8.1038,8.1550
1989-10-16,7.9237,8.0187,8.0508,8.0764,8.1197
1989-10-17,7.9127,8.0250,8.0643,8.0962,8.1522
1989-10-18,7.9044,8.0400,8.0829,8.1172,8.1765
1989-10-19,7.9276,8.0167,8.0490,8.0748,8.1182
1989-10-20,7.9587,8.0383,8.0665,8.0889,8.1263
1989-10-23,7.9147,7.9728,8.0008,8.0242,8.0671
1989-10-24,7.8389,7.9017,7.9339,7.9609,8.0112
1989-10-25,7.8279,7.8985,7.9318,7.9598,8.0128
1989-10-26,7.8613,7.9243,7.9531,7.9775,8.0245
1989-10-27,7.9201,7.9857,8.0129,8.0357,8.0785
1989-10-30,7.9166,7.9660,7.9910,8.0122,8.0529
1989-10-31,7.9071,7.9657,7.9903,8.0103,8.0451
1989-11-01,7.9054,7.9587,7.9821,8.0006,8.0306
1989-11-02,7.8709,7.9167,7.9402,7.9597,7.9944
1989-11-03,8.0346,8.0304,8.0348,8.0379,8.0403
1989-11-06,8.0778,8.0781,8.0854,8.0910,8.0974
1989-11-07,7.9283,7.9440,7.9588,7.9714,7.9945
1989-11-08,7.8317,7.8899,7.9159,7.9377,7.9785
1989-11-09,7.8557,7.9230,7.9485,7.9695,8.0080
1989-11-10,7.8641,7.9324,7.9589,7.9805,8.0178
1989-11-13,7.8563,7.9307,7.9585,7.9809,8.0191
1989-11-14,7.7894,7.8858,7.9190,7.9464,7.9979
1989-11-15,7.7211,7.8204,7.8567,7.8874,7.9488
1989-11-16,7.7333,7.8186,7.8521,7.8810,7.9400
1989-11-17,7.7764,7.8871,7.9235,7.9541,8.0145
1989-11-20,7.7680,7.8736,7.9093,7.9396,8.0001
1989-11-21,7.7758,7.8631,7.8936,7.9198,7.9735
1989-11-22,7.6743,7.7911,7.8322,7.8673,7.9394
1989-11-24,7.6580,7.7746,7.8137,7.8474,7.9183
1989-11-27,7.7651,7.8715,7.8969,7.9160,7.9519
1989-11-28,7.8070,7.8802,7.9008,7.9169,7.9488
1989-11-29,7.8094,7.9070,7.9299,7.9460,7.9722
1989-11-30,7.7719,7.8689,7.8941,7.9109,7.9326
1989-12-01,7.7277,7.8291,7.8566,7.8755,7.9023
1989-12-04,7.7424,7.8360,7.8591,7.8749,7.8994
1989-12-05,7.7385,7.8339,7.8592,7.8764,7.9010
1989-12-06,7.8105,7.8897,7.9073,7.9185,7.9344
1989-12-07,7.8666,7.9275,7.9407,7.9491,7.9619
1989-12-08,7.7950,7.8572,7.8797,7.8955,7.9178
1989-12-11,7.7999,7.8668,7.8888,7.9037,7.9240
1989-12-12,7.7946,7.8644,7.8878,7.9042,7.9278
1989-12-13,7.8119,7.8635,7.8838,7.8984,7.9213
1989-12-14,7.7522,7.8136,7.8410,7.8615,7.8928
1989-12-15,7.7508,7.8271,7.8572,7.8793,7.9112
1989-12-18,7.7322,7.7919,7.8182,7.8373,7.8650
1989-12-19,7.7918,7.8163,7.8390,7.8573,7.8873
1989-12-20,7.7499,7.7958,7.8208,7.8400,7.8719
1989-12-21,7.7617,7.8044,7.8283,7.8469,7.8795
1989-12-22,7.8231,7.8715,7.8917,7.9065,7.9284
1989-12-26,7.9457,8.0155,8.0391,8.0563,8.0806
1989-12-27,7.9680,8.0138,8.0309,8.0437,8.0645
1989-12-28,7.9346,7.9817,8.0009,8.0157,8.0404
1989-12-29,7.9242,7.9789,8.0010,8.0184,8.0490
1990-01-02,7.9258,7.9952,8.0169,8.0352,8.0725
1990-01-03,7.9787,8.0492,8.0704,8.0879,8.1218
1990-01-04,7.9541,8.0295,8.0518,8.0705,8.1082
1990-01-05,7.9468,8.0303,8.0552,8.0765,8.1210
1990-01-08,7.9449,8.0423,8.0702,8.0940,8.1438
1990-01-09,7.9410,8.0420,8.0700,8.0938,8.1441
1990-01-10,7.9300,8.0467,8.0762,8.1003,8.1484
1990-01-11,7.9346,8.0467,8.0742,8.0970,8.1441
1990-01-12,7.9528,8.0995,8.1314,8.1564,8.2042
1990-01-16,8.0954,8.2291,8.2516,8.2689,8.3018
1990-01-17,8.0800,8.2186,8.2418,8.2591,8.2905
1990-01-18,8.2386,8.3722,8.3867,8.3957,8.4093
1990-01-19,8.1898,8.2985,8.3150,8.3262,8.3441
1990-01-22,8.2328,8.2907,8.3101,8.3259,8.3567
1990-01-23,8.1765,8.2799,8.2989,8.3130,8.3383
1990-01-24,8.2547,8.3889,8.4106,8.4261,8.4533
1990-01-25,8.2777,8.4296,8.4527,8.4692,8.4987
1990-01-26,8.3442,8.4953,8.5224,8.5425,8.5789
1990-01-29,8.3422,8.4974,8.5219,8.5396,8.5713
1990-01-30,8.3460,8.5237,8.5483,8.5652,8.5935
1990-01-31,8.3226,8.4523,8.4721,8.4863,8.5116
1990-02-01,8.3114,8.4372,8.4538,8.4655,8.4860
1990-02-02,8.3901,8.5100,8.5242,8.5342,8.5520
1990-02-05,8.3930,8.5312,8.5474,8.5590,8.5793
1990-02-06,8.4322,8.5747,8.5919,8.6041,8.6256
1990-02-07,8.4410,8.5787,8.5947,8.6061,8.6262
1990-02-08,8.3748,8.5255,8.5448,8.5584,8.5826
1990-02-09,8.2593,8.3813,8.3989,8.4115,8.4338
1990-02-12,8.3042,8.4534,8.4733,8.4873,8.5121
1990-02-13,8.2096,8.3809,8.4098,8.4307,8.4680
1990-02-14,8.2675,8.4096,8.4312,8.4468,8.4747
1990-02-15,8.3436,8.4821,8.4987,8.5105,8.5313
1990-02-16,8.3334,8.4712,8.4916,8.5065,8.5332
1990-02-20,8.5038,8.6715,8.6907,8.7042,8.7282
1990-02-21,8.4896,8.6682,8.6889,8.7036,8.7295
1990-02-22,8.4680,8.6016,8.6165,8.6271,8.6459
1990-02-23,8.4253,8.5850,8.6034,8.6165,8.6396
1990-02-26,8.3734,8.5187,8.5359,8.5480,8.5696
1990-02-27,8.3321,8.4665,8.4833,8.4952,8.5164
1990-02-28,8.4163,8.5697,8.5872,8.5995,8.6214
1990-03-01,8.5075,8.6510,8.6652,8.6751,8.6925
1990-03-02,8.4616,8.6175,8.6296,8.6367,8.6464
1990-03-05,8.5134,8.7070,8.7269,8.7387,8.7535
1990-03-06,8.5172,8.6792,8.6920,8.6985,8.7039
1990-03-07,8.5019,8.6628,8.6760,8.6826,8.6869
1990-03-08,8.5238,8.6607,8.6692,8.6722,8.6707
1990-03-09,8.6519,8.7672,8.7654,8.7608,8.7467
1990-03-12,8.6719,8.7595,8.7590,8.7572,8.7524
1990-03-13,8.7199,8.8305,8.8327,8.8327,8.8307
1990-03-14,8.6844,8.7599,8.7589,8.7569,8.7516
1990-03-15,8.6725,8.7706,8.7702,8.7673,8.7579
1990-03-16,8.6203,8.7109,8.7088,8.7041,8.6893
1990-03-19,8.6290,8.7215,8.7194,8.7146,8.6995
1990-03-20,8.6514,8.6976,8.6827,8.6678,8.6341
1990-03-21,8.6313,8.6901,8.6770,8.6634,8.6320
1990-03-22,8.5922,8.6556,8.6511,8.6452,8.6300
1990-03-23,8.5874,8.6380,8.6331,8.6281,8.6176
1990-03-26,8.5697,8.6242,8.6193,8.6144,8.6037
1990-03-27,8.5947,8.6363,8.6288,8.6221,8.6085
1990-03-28,8.6060,8.6409,8.6344,8.6286,8.6170
1990-03-29,8.6243,8.6847,8.6832,8.6812,8.6765
1990-03-30,8.6516,8.7452,8.7469,8.7468,8.7451
1990-04-02,8.6461,8.7402,8.7435,8.7453,8.7480
1990-04-03,8.6385,8.7270,8.7307,8.7330,8.7368
1990-04-04,8.5736,8.6577,8.6572,8.6553,8.6496
1990-04-05,8.5748,8.6655,8.6654,8.6637,8.6584
1990-04-06,8.5452,8.6399,8.6418,8.6417,8.6394
1990-04-09,8.5557,8.6812,8.6841,8.6836,8.6785
1990-04-10,8.5679,8.6820,8.6848,8.6849,8.6825
1990-04-11,8.5655,8.6989,8.7038,8.7051,8.7038
1990-04-12,8.5710,8.7024,8.7072,8.7088,8.7092
1990-04-16,8.5843,8.7357,8.7441,8.7484,8.7536
1990-04-17,8.6858,8.8156,8.8260,8.8333,8.8460
1990-04-18,8.7666,8.9062,8.9198,8.9294,8.9464
1990-04-19,8.7809,8.9210,8.9342,8.9435,8.9600
1990-04-20,8.7798,8.9546,8.9732,8.9863,9.0095
1990-04-23,8.8214,8.9900,9.0079,9.0206,9.0429
1990-04-24,8.8768,9.0258,9.0406,9.0511,9.0697
1990-04-25,8.9094,9.0463,9.0585,9.0671,9.0823
1990-04-26,8.9880,9.1235,9.1283,9.1309,9.1348
1990-04-27,8.9999,9.1109,9.1212,9.1285,9.1413
1990-04-30,8.9632,9.0940,9.1015,9.1058,9.1124
1990-05-01,8.9883,9.1335,9.1381,9.1397,9.1404
1990-05-02,9.0259,9.1528,9.1559,9.1564,9.1549
1990-05-03,8.9814,9.0921,9.1000,9.1035,9.1034
1990-05-04,8.7259,8.8460,8.8673,8.8844,8.9188
1990-05-07,8.7420,8.8822,8.9036,8.9201,8.9510
1990-05-08,8.6726,8.8361,8.8626,8.8831,8.9212
1990-05-09,8.7321,8.9200,8.9487,8.9704,9.0089
1990-05-10,8.6708,8.8519,8.8808,8.9030,8.9429
1990-05-11,8.5284,8.6890,8.7122,8.7297,8.7611
1990-05-14,8.4893,8.6431,8.6665,8.6842,8.7152
1990-05-15,8.5253,8.6840,8.7082,8.7264,8.7579
1990-05-16,8.5172,8.7047,8.7264,8.7397,8.7556
1990-05-17,8.5274,8.7260,8.7466,8.7585,8.7695
1990-05-18,8.6041,8.7872,8.8058,8.8164,8.8254
1990-05-21,8.5947,8.7775,8.7997,8.8136,8.8285
1990-05-22,8.5215,8.7027,8.7213,8.7318,8.7406
1990-05-23,8.4857,8.6508,8.6711,8.6846,8.7026
1990-05-24,8.4847,8.6525,8.6738,8.6882,8.7082
1990-05-25,8.5115,8.6877,8.7106,8.7271,8.7550
1990-05-29,8.4934,8.6737,8.6967,8.7122,8.7352
1990-05-30,8.4700,8.6530,8.6745,8.6885,8.7071
1990-05-31,8.4672,8.6500,8.6675,8.6777,8.6888
1990-06-01,8.3013,8.4679,8.4877,8.5004,8.5186
1990-06-04,8.2931,8.4641,8.4881,8.5059,8.5371
1990-06-05,8.3229,8.4971,8.5225,8.5414,8.5741
1990-06-06,8.3373,8.5051,8.5274,8.5436,8.5703
1990-06-07,8.3251,8.4899,8.5124,8.5289,8.5564
1990-06-08,8.3250,8.4950,8.5192,8.5370,8.5669
1990-06-11,8.3532,8.5122,8.5344,8.5508,8.5785
1990-06-12,8.3571,8.5155,8.5369,8.5525,8.5787
1990-06-13,8.2687,8.4255,8.4508,8.4703,8.5062
1990-06-14,8.2358,8.3959,8.4226,8.4433,8.4816
1990-06-15,8.3169,8.4798,8.5040,8.5223,8.5543
1990-06-18,8.3735,8.5292,8.5515,8.5681,8.5967
1990-06-19,8.3894,8.5459,8.5678,8.5841,8.6118
1990-06-20,8.4137,8.5831,8.6088,8.6280,8.6613
1990-06-21,8.4034,8.5588,8.5824,8.6002,8.6321
1990-06-22,8.3836,8.5405,8.5664,8.5865,8.6229
1990-06-25,8.4317,8.6020,8.6293,8.6503,8.6882
1990-06-26,8.4327,8.5920,8.6161,8.6342,8.6658
1990-06-27,8.3772,8.5448,8.5751,8.5988,8.6417
1990-06-28,8.3168,8.4857,8.5171,8.5420,8.5882
1990-06-29,8.2536,8.4435,8.4751,8.4975,8.5306
1990-07-02,8.2662,8.4350,8.4663,8.4911,8.5380
1990-07-03,8.2243,8.4018,8.4393,8.4699,8.5297
1990-07-05,8.2363,8.4157,8.4485,8.4748,8.5261
1990-07-06,8.3519,8.5195,8.5488,8.5720,8.6172
1990-07-09,8.3979,8.5669,8.5996,8.6258,8.6760
1990-07-10,8.4135,8.5811,8.6104,8.6336,8.6780
1990-07-11,8.3972,8.5678,8.5991,8.6242,8.6729
1990-07-12,8.2365,8.4564,8.4996,8.5344,8.6034
1990-07-13,8.1796,8.4031,8.4487,8.4859,8.5610
1990-07-16,8.1820,8.3994,8.4426,8.4778,8.5489
1990-07-17,8.1694,8.3920,8.4365,8.4727,8.5460
1990-07-18,8.1492,8.4098,8.4663,8.5132,8.6104
1990-07-19,8.1454,8.4098,8.4681,8.5168,8.6183
1990-07-20,8.0977,8.3669,8.4238,8.4711,8.5708
1990-07-23,8.0755,8.3607,8.4213,8.4714,8.5757
1990-07-24,8.1287,8.4210,8.4765,8.5219,8.6165
1990-07-25,8.1300,8.3872,8.4386,8.4813,8.5721
1990-07-26,8.1265,8.3768,8.4289,8.4724,8.5648
1990-07-27,8.0506,8.3027,8.3603,8.4091,8.5137
1990-07-30,7.9716,8.2096,8.2660,8.3138,8.4163
1990-07-31,7.9508,8.2024,8.2635,8.3159,8.4296
1990-08-01,7.8758,8.1261,8.1862,8.2378,8.3508
1990-08-02,7.9211,8.2062,8.2709,8.3259,8.4456
1990-08-03,7.8203,8.1724,8.2604,8.3349,8.4948
1990-08-06,7.9322,8.3796,8.4860,8.5758,8.7672
1990-08-07,8.0558,8.4877,8.5829,8.6628,8.8321
1990-08-08,8.0750,8.5000,8.5937,8.6724,8.8397
1990-08-09,8.0383,8.4092,8.4945,8.5672,8.7257
1990-08-10,7.9983,8.4229,8.5184,8.5985,8.7683
1990-08-13,7.9974,8.4343,8.5384,8.6256,8.8094
1990-08-14,7.9829,8.4038,8.5012,8.5828,8.7563
1990-08-15,7.9840,8.3819,8.4731,8.5500,8.7161
1990-08-16,8.1175,8.5017,8.5882,8.6619,8.8248
1990-08-17,8.1469,8.5395,8.6277,8.7029,8.8686
1990-08-20,8.1688,8.5458,8.6362,8.7136,8.8831
1990-08-21,8.2128,8.5953,8.6791,8.7500,8.9035
1990-08-22,8.2599,8.6549,8.7416,8.8150,8.9746
1990-08-23,8.2849,8.7236,8.8202,8.9015,9.0752
1990-08-24,8.3164,8.7746,8.8727,8.9549,9.1295
1990-08-27,8.2630,8.6507,8.7392,8.8145,8.9784
1990-08-28,8.2952,8.6931,8.7818,8.8569,9.0193
1990-08-29,8.2526,8.6148,8.6960,8.7650,8.9153
1990-08-30,8.1991,8.6081,8.7026,8.7825,8.9535
1990-08-31,8.1670,8.5921,8.6905,8.7739,8.9529
1990-09-04,8.1632,8.6133,8.7200,8.8105,9.0033
1990-09-05,8.1163,8.5605,8.6671,8.7577,8.9509
1990-09-06,8.1177,8.5616,8.6675,8.7571,8.9470
1990-09-07,8.1036,8.5341,8.6383,8.7268,8.9151
1990-09-10,8.1511,8.5755,8.6778,8.7647,8.9506
1990-09-11,8.1465,8.5581,8.6593,8.7457,8.9315
1990-09-12,8.1004,8.5376,8.6426,8.7316,8.9217
1990-09-13,8.0619,8.5229,8.6331,8.7260,8.9229
1990-09-14,8.0918,8.5588,8.6689,8.7621,8.9615
1990-09-17,8.0927,8.5736,8.6915,8.7914,9.0044
1990-09-18,8.0899,8.5668,8.6848,8.7845,8.9960
1990-09-19,8.1261,8.5791,8.6914,8.7864,8.9874
1990-09-20,8.1495,8.6027,8.7155,8.8116,9.0161
1990-09-21,8.1635,8.6551,8.7739,8.8743,9.0862
1990-09-24,8.2342,8.7138,8.8269,8.9225,9.1261
1990-09-25,8.2440,8.7041,8.8162,8.9121,9.1175
1990-09-26,8.2350,8.6984,8.8072,8.8984,9.0894
1990-09-27,8.1401,8.5980,8.7101,8.8054,9.0080
1990-09-28,8.0674,8.5238,8.6328,8.7246,8.9171
1990-10-01,8.0045,8.4426,8.5449,8.6306,8.8092
1990-10-02,7.9756,8.4122,8.5166,8.6046,8.7905
1990-10-03,7.9563,8.4035,8.5134,8.6069,8.8067
1990-10-04,7.9380,8.3640,8.4698,8.5604,8.7564
1990-10-05,7.8977,8.3302,8.4375,8.5293,8.7277
1990-10-09,8.0209,8.4859,8.6010,8.6994,8.9116
1990-10-10,8.0579,8.5408,8.6595,8.7606,8.9767
1990-10-11,8.0480,8.5713,8.6984,8.8059,9.0328
1990-10-12,8.0016,8.4998,8.6211,8.7239,8.9410
1990-10-15,7.9919,8.4677,8.5844,8.6838,8.8960
1990-10-16,7.9883,8.4540,8.5690,8.6671,8.8781
1990-10-17,7.9853,8.4323,8.5428,8.6372,8.8403
1990-10-18,7.9590,8.3825,8.4883,8.5791,8.7771
1990-10-19,7.9093,8.3092,8.4094,8.4957,8.6847
1990-10-22,7.9120,8.3076,8.4071,8.4928,8.6814
1990-10-23,7.9027,8.3086,8.4110,8.4994,8.6945
1990-10-24,7.8997,8.3124,8.4164,8.5061,8.7038
1990-10-25,7.8561,8.2621,8.3648,8.4535,8.6499
1990-10-26,7.8467,8.2800,8.3884,8.4815,8.6846
1990-10-29,7.8607,8.3266,8.4424,8.5416,8.7568
1990-10-30,7.8727,8.3358,8.4508,8.5493,8.7624
1990-10-31,7.8282,8.2883,8.4027,8.5006,8.7129
1990-11-01,7.7394,8.1984,8.3129,8.4112,8.6250
1990-11-02,7.7381,8.2016,8.3167,8.4153,8.6287
1990-11-05,7.6994,8.1458,8.2569,8.3522,8.5590
1990-11-06,7.7061,8.1557,8.2675,8.3633,8.5711
1990-11-07,7.7273,8.2085,8.3273,8.4288,8.6471
1990-11-08,7.7244,8.2061,8.3259,8.4284,8.6509
1990-11-09,7.6755,8.1275,8.2404,8.3375,8.5493
1990-11-13,7.6332,8.0460,8.1499,8.2395,8.4368
1990-11-14,7.6279,8.0312,8.1331,8.2213,8.4163
1990-11-15,7.6301,8.0440,8.1484,8.2387,8.4380
1990-11-16,7.5969,7.9932,8.0935,8.1801,8.3718
1990-11-19,7.6380,8.0388,8.1403,8.2281,8.4225
1990-11-20,7.6312,8.0202,8.1183,8.2031,8.3899
1990-11-21,7.5814,7.9560,8.0519,8.1355,8.3232
1990-11-23,7.5623,7.9571,8.0576,8.1448,8.3393
1990-11-26,7.5684,7.9572,8.0556,8.1409,8.3300
1990-11-27,7.5815,7.9744,8.0739,8.1600,8.3506
1990-11-28,7.6306,8.0168,8.1142,8.1984,8.3839
1990-11-29,7.6589,8.0332,8.1281,8.2103,8.3928
1990-11-30,7.6165,7.9901,8.0842,8.1653,8.3438
1990-12-03,7.5996,7.9483,8.0371,8.1143,8.2864
1990-12-04,7.5618,7.9142,8.0048,8.0838,8.2621
1990-12-05,7.5451,7.8905,7.9789,8.0559,8.2289
1990-12-06,7.5573,7.9039,7.9931,8.0710,8.2470
1990-12-07,7.4236,7.7485,7.8328,7.9068,8.0757
1990-12-10,7.3863,7.7086,7.7922,7.8656,8.0329
1990-12-11,7.3557,7.6733,7.7559,7.8284,7.9946
1990-12-12,7.3290,7.6391,7.7202,7.7918,7.9567
1990-12-13,7.3776,7.7296,7.8192,7.8971,8.0707
1990-12-14,7.4077,7.7936,7.8903,7.9736,8.1555
1990-12-17,7.3946,7.7702,7.8649,7.9467,8.1268
1990-12-18,7.3688,7.7342,7.8271,7.9076,8.0867
1990-12-19,7.2945,7.7050,7.8091,7.8992,8.0991
1990-12-20,7.3109,7.7548,7.8654,7.9603,8.1664
1990-12-21,7.3449,7.8312,7.9496,8.0499,8.2619
1990-12-24,7.4006,7.9232,8.0485,8.1538,8.3723
1990-12-26,7.3784,7.8660,7.9840,8.0837,8.2931
1990-12-27,7.3526,7.8284,7.9439,8.0415,8.2471
1990-12-28,7.3409,7.8581,7.9822,8.0866,8.3039
1990-12-31,7.2653,7.7839,7.9091,8.0148,8.2365
1991-01-02,7.1689,7.6806,7.8040,7.9082,8.1264
1991-01-03,7.1443,7.6440,7.7647,7.8668,8.0816
1991-01-04,7.2348,7.7380,7.8573,7.9573,8.1650
1991-01-07,7.2814,7.8207,7.9509,8.0609,8.2918
1991-01-08,7.2407,7.8216,7.9584,8.0727,8.3091
1991-01-09,7.2488,7.8887,8.0383,8.1628,8.4172
1991-01-10,7.2029,7.8228,7.9643,8.0809,8.3156
1991-01-11,7.1984,7.8467,7.9900,8.1064,8.3359
1991-01-14,7.2230,7.8826,8.0231,8.1359,8.3566
1991-01-15,7.2108,7.8533,7.9902,8.1033,8.3403
1991-01-16,7.2689,7.8828,8.0142,8.1256,8.3682
1991-01-17,7.2366,7.7643,7.8757,7.9664,8.1474
1991-01-18,7.1991,7.7388,7.8589,7.9570,8.1508
1991-01-22,7.1741,7.7560,7.8800,7.9810,8.1822
1991-01-23,7.1564,7.7311,7.8553,7.9568,8.1594
1991-01-24,7.1044,7.6877,7.8153,7.9196,8.1278
1991-01-25,7.1541,7.7363,7.8651,7.9707,8.1827
1991-01-28,7.1628,7.7357,7.8577,7.9592,8.1730
1991-01-29,7.1478,7.7068,7.8294,7.9329,8.1541
1991-01-30,7.1188,7.7145,7.8423,7.9470,8.1617
1991-01-31,7.0966,7.6839,7.8135,7.9220,8.1512
1991-02-01,6.8811,7.5157,7.6625,7.7855,8.0417
1991-02-04,6.8456,7.4972,7.6408,7.7581,7.9940
1991-02-05,6.8256,7.4582,7.6009,7.7196,7.9657
1991-02-06,6.8298,7.4615,7.6022,7.7195,7.9645
1991-02-07,6.8296,7.4715,7.6150,7.7354,7.9902
1991-02-08,6.8246,7.4478,7.5851,7.6987,7.9295
1991-02-11,6.7920,7.4308,7.5744,7.6929,7.9322
1991-02-12,6.7863,7.4366,7.5789,7.6948,7.9260
1991-02-13,6.7785,7.4390,7.5821,7.6980,7.9262
1991-02-14,6.7737,7.4408,7.5851,7.7028,7.9405
1991-02-15,6.8141,7.4458,7.5810,7.6948,7.9392
1991-02-19,6.8730,7.4915,7.6198,7.7275,7.9609
1991-02-20,6.8865,7.5207,7.6489,7.7539,7.9745
1991-02-21,6.9027,7.5610,7.6930,7.7991,8.0132
1991-02-22,6.9705,7.6339,7.7539,7.8488,8.0424
1991-02-25,6.9779,7.6258,7.7452,7.8388,8.0256
1991-02-26,7.0142,7.6741,7.7979,7.8966,8.0990
1991-02-27,7.0297,7.6878,7.8125,7.9120,8.1156
1991-02-28,7.0354,7.7006,7.8297,7.9333,8.1463
1991-03-01,7.1793,7.8384,7.9561,8.0496,8.2441
1991-03-04,7.1659,7.8273,7.9488,8.0450,8.2414
1991-03-05,7.1273,7.7970,7.9209,8.0188,8.2179
1991-03-06,7.1402,7.8303,7.9543,8.0514,8.2466
1991-03-07,7.1196,7.8000,7.9230,8.0190,8.2101
1991-03-08,7.0947,7.8210,7.9533,8.0567,8.2615
1991-03-11,7.0619,7.7714,7.9022,8.0047,8.2069
1991-03-12,7.0675,7.8072,7.9371,8.0368,8.2290
1991-03-13,6.9977,7.7338,7.8649,7.9663,8.1642
1991-03-14,6.9552,7.7127,7.8524,7.9605,8.1678
1991-03-15,7.0022,7.7967,7.9389,8.0466,8.2445
1991-03-18,7.0941,7.8556,7.9867,8.0894,8.2993
1991-03-19,7.2096,7.9894,8.1132,8.2053,8.3795
1991-03-20,7.2048,7.9444,8.0617,8.1504,8.3261
1991-03-21,7.1399,7.8883,8.0108,8.1034,8.2829
1991-03-22,7.1310,7.8774,7.9991,8.0910,8.2689
1991-03-25,7.1346,7.8814,8.0023,8.0927,8.2641
1991-03-26,7.1474,7.8914,8.0103,8.0988,8.2662
1991-03-27,7.0938,7.8369,7.9572,8.0469,8.2159
1991-03-28,7.0473,7.8011,7.9226,8.0149,8.1966
1991-04-01,7.0318,7.7947,7.9198,8.0151,8.2024
1991-04-02,6.9868,7.7420,7.8699,7.9680,8.1614
1991-04-03,6.9971,7.7594,7.8886,7.9876,8.1817
1991-04-04,6.9659,7.7147,7.8448,7.9465,8.1518
1991-04-05,6.9333,7.6979,7.8289,7.9306,8.1343
1991-04-08,6.9234,7.6851,7.8151,7.9160,8.1185
1991-04-09,6.9418,7.7256,7.8578,7.9597,8.1624
1991-04-10,7.0123,7.7942,7.9275,8.0331,8.2529
1991-04-11,6.9645,7.7677,7.9088,8.0203,8.2480
1991-04-12,6.9023,7.6720,7.8089,7.9196,8.1547
1991-04-15,6.9213,7.6597,7.7915,7.8971,8.1118
1991-04-16,6.9370,7.6730,7.8035,7.9073,8.1162
1991-04-17,6.9149,7.6601,7.7914,7.8948,8.1004
1991-04-18,7.0041,7.7427,7.8748,7.9791,8.1839
1991-04-19,7.0475,7.7900,7.9317,8.0447,8.2619
1991-04-22,7.0662,7.8282,7.9721,8.0864,8.3062
1991-04-23,7.0405,7.8053,7.9427,8.0508,8.2617
1991-04-24,6.9806,7.7404,7.8760,7.9828,8.1942
1991-04-25,6.9437,7.7453,7.8868,7.9964,8.2073
1991-04-26,6.9540,7.7325,7.8736,7.9856,8.2078
1991-04-29,6.9424,7.7294,7.8750,7.9908,8.2200
1991-04-30,6.8740,7.6820,7.8276,7.9425,8.1684
1991-05-01,6.8422,7.6619,7.8102,7.9266,8.1541
1991-05-02,6.8141,7.6414,7.7845,7.8941,8.1018
1991-05-03,6.8413,7.6942,7.8443,7.9599,8.1796
1991-05-06,6.8515,7.7052,7.8551,7.9715,8.1963
1991-05-07,6.8517,7.6963,7.8516,7.9753,8.2202
1991-05-08,6.8660,7.7069,7.8588,7.9781,8.2103
1991-05-09,6.8760,7.7094,7.8584,7.9753,8.2038
1991-05-10,6.8975,7.7682,7.9258,8.0506,8.2975
1991-05-13,6.8761,7.7352,7.8956,8.0224,8.2651
1991-05-14,6.8776,7.7807,7.9470,8.0765,8.3205
1991-05-15,6.8593,7.7700,7.9377,8.0685,8.3181
1991-05-16,6.8604,7.7630,7.9276,8.0564,8.3032
1991-05-17,6.8703,7.7543,7.9107,8.0321,8.2638
1991-05-20,6.8950,7.7610,7.9205,8.0452,8.2794
1991-05-21,6.8855,7.7254,7.8845,8.0099,8.2473
1991-05-22,6.8595,7.7058,7.8742,8.0083,8.2639
1991-05-23,6.8346,7.7140,7.8880,8.0261,8.2896
1991-05-24,6.8259,7.7072,7.8848,8.0263,8.2962
1991-05-28,6.7970,7.6809,7.8523,7.9880,8.2470
1991-05-29,6.8055,7.6733,7.8468,7.9853,8.2515
1991-05-30,6.7943,7.6454,7.8123,7.9447,8.1976
1991-05-31,6.8508,7.6931,7.8547,7.9824,8.2261
1991-06-03,6.9384,7.7946,7.9522,8.0744,8.3024
1991-06-04,6.9525,7.7994,7.9522,8.0705,8.2927
1991-06-05,6.9965,7.8461,7.9992,8.1175,8.3390
1991-06-06,7.0473,7.8935,8.0417,8.1564,8.3772
1991-06-07,7.1604,7.9615,8.1076,8.2238,8.4501
1991-06-10,7.1587,7.9606,8.1075,8.2246,8.4532
1991-06-11,7.1617,7.9708,8.1149,8.2285,8.4477
1991-06-12,7.2153,8.0229,8.1677,8.2831,8.5113
1991-06-13,7.2072,8.0085,8.1522,8.2669,8.4952
1991-06-14,7.1569,7.9566,8.0994,8.2127,8.4336
1991-06-17,7.1486,7.9636,8.1095,8.2245,8.4473
1991-06-18,7.1458,7.9757,8.1234,8.2398,8.4651
1991-06-19,7.1282,7.9794,8.1341,8.2552,8.4844
1991-06-20,7.0665,7.9246,8.0856,8.2124,8.4539
1991-06-21,7.0988,7.9632,8.1182,8.2387,8.4659
1991-06-24,7.1313,7.9921,8.1409,8.2551,8.4678
1991-06-25,7.1378,7.9989,8.1468,8.2603,8.4716
1991-06-26,7.1321,8.0009,8.1515,8.2672,8.4819
1991-06-27,7.1057,7.9859,8.1370,8.2521,8.4635
1991-06-28,7.0209,7.9189,8.0796,8.2032,8.4293
1991-07-01,7.0546,7.9509,8.1008,8.2110,8.4001
1991-07-02,7.0901,7.9555,8.1051,8.2188,8.4248
1991-07-03,7.0809,7.9381,8.0877,8.2022,8.4123
1991-07-05,7.1459,8.0139,8.1607,8.2721,8.4738
1991-07-08,7.1131,8.0172,8.1684,8.2819,8.4850
1991-07-09,7.1028,8.0306,8.1834,8.2967,8.4959
1991-07-10,7.0809,8.0184,8.1721,8.2856,8.4832
1991-07-11,7.0371,7.9741,8.1241,8.2317,8.4108
1991-07-12,7.0028,7.9220,8.0669,8.1715,8.3502
1991-07-15,6.9983,7.9233,8.0719,8.1792,8.3608
1991-07-16,6.9963,7.9197,8.0677,8.1749,8.3587
1991-07-17,7.0270,7.9435,8.0992,8.2156,8.4222
1991-07-18,7.0238,7.9545,8.1086,8.2222,8.4237
1991-07-19,6.9905,7.9190,8.0756,8.1922,8.4025
1991-07-22,6.9989,7.9173,8.0730,8.1896,8.4011
1991-07-23,7.0192,7.9437,8.0992,8.2148,8.4217
1991-07-24,6.9664,7.8716,8.0269,8.1431,8.3526
1991-07-25,6.9455,7.8240,7.9774,8.0945,8.3152
1991-07-26,6.9206,7.8184,7.9752,8.0943,8.3153
1991-07-29,6.8935,7.8167,7.9771,8.0965,8.3069
1991-07-30,6.8919,7.8118,7.9730,8.0940,8.3115
1991-07-31,6.8455,7.7751,7.9420,8.0671,8.2877
1991-08-01,6.8718,7.7846,7.9492,8.0747,8.3071
1991-08-02,6.7270,7.6235,7.7912,7.9226,8.1777
1991-08-05,6.7040,7.6165,7.7861,7.9158,8.1527
1991-08-06,6.5931,7.5377,7.7175,7.8541,8.0943
1991-08-07,6.5662,7.5226,7.7011,7.8360,8.0728
1991-08-08,6.5463,7.5345,7.7283,7.8774,8.1441
1991-08-09,6.5175,7.5231,7.7177,7.8668,8.1329
1991-08-12,6.5098,7.5043,7.6976,7.8460,8.1120
1991-08-13,6.4910,7.4707,7.6617,7.8085,8.0724
1991-08-14,6.4098,7.3733,7.5678,7.7193,7.9964
1991-08-15,6.3783,7.3642,7.5688,7.7299,8.0289
1991-08-16,6.3524,7.3460,7.5512,7.7127,8.0130
1991-08-19,6.2786,7.3164,7.5324,7.7028,8.0210
1991-08-20,6.2276,7.2651,7.4852,7.6605,7.9930
1991-08-21,6.3102,7.2989,7.5074,7.6729,7.9853
1991-08-22,6.3072,7.2833,7.4887,7.6518,7.9599
1991-08-23,6.4421,7.4010,7.5929,7.7425,8.0200
1991-08-26,6.4822,7.4413,7.6391,7.7946,8.0826
1991-08-27,6.4477,7.4162,7.6184,7.7781,8.0759
1991-08-28,6.3558,7.3238,7.5313,7.6970,8.0110
1991-08-29,6.3035,7.2595,7.4650,7.6294,7.9419
1991-08-30,6.3760,7.3526,7.5540,7.7122,8.0040
1991-09-03,6.3668,7.3379,7.5389,7.6970,7.9900
1991-09-04,6.3531,7.3336,7.5382,7.6997,8.0004
1991-09-05,6.3607,7.3412,7.5482,7.7125,8.0214
1991-09-06,6.3042,7.2755,7.4808,7.6437,7.9503
1991-09-09,6.2761,7.2410,7.4437,7.6043,7.9070
1991-09-10,6.2624,7.2415,7.4452,7.6060,7.9073
1991-09-11,6.2728,7.2538,7.4552,7.6135,7.9080
1991-09-12,6.2394,7.2001,7.3980,7.5537,7.8445
1991-09-13,6.2061,7.1717,7.3697,7.5254,7.8170
1991-09-16,6.2046,7.1637,7.3562,7.5064,7.7858
1991-09-17,6.2063,7.1524,7.3417,7.4895,7.7652
1991-09-18,6.2106,7.1546,7.3427,7.4895,7.7649
1991-09-19,6.2178,7.1572,7.3444,7.4906,7.7648
1991-09-20,6.1939,7.1314,7.3145,7.4579,7.7322
1991-09-23,6.1991,7.1164,7.3023,7.4484,7.7243
1991-09-24,6.1933,7.1133,7.3037,7.4544,7.7404
1991-09-25,6.1877,7.1204,7.3156,7.4706,7.7661
1991-09-26,6.1395,7.0921,7.2946,7.4563,7.7663
1991-09-27,6.0992,7.0273,7.2229,7.3787,7.6781
1991-09-30,6.0680,6.9934,7.1899,7.3471,7.6512
1991-10-01,6.0531,6.9724,7.1674,7.3234,7.6267
1991-10-02,6.0514,6.9711,7.1663,7.3227,7.6282
1991-10-03,6.0331,6.9553,7.1514,7.3093,7.6214
1991-10-04,5.9853,6.8889,7.0795,7.2345,7.5513
1991-10-07,5.9598,6.8694,7.0658,7.2253,7.5461
1991-10-08,5.9509,6.8776,7.0804,7.2455,7.5774
1991-10-09,5.9515,6.9252,7.1421,7.3195,7.6759
1991-10-10,6.0124,6.9933,7.2045,7.3761,7.7218
1991-10-11,5.9613,6.9136,7.1152,7.2803,7.6238
1991-10-15,5.9120,6.8682,7.0763,7.2458,7.5891
1991-10-16,5.8972,6.8586,7.0674,7.2368,7.5762
1991-10-17,5.9578,6.9360,7.1523,7.3288,7.6848
1991-10-18,5.9627,6.9368,7.1482,7.3196,7.6617
1991-10-21,5.9912,6.9887,7.2108,7.3923,7.7579
1991-10-22,6.0299,7.0309,7.2550,7.4386,7.8087
1991-10-24,5.9754,6.9897,7.2209,7.4113,7.7970
1991-10-25,5.9674,7.0125,7.2495,7.4440,7.8344
1991-10-28,5.9542,6.9819,7.2185,7.4139,7.8110
1991-10-29,5.8463,6.8791,7.1121,7.3030,7.6861
1991-10-30,5.8076,6.8510,7.0864,7.2793,7.6663
1991-10-31,5.7649,6.8099,7.0512,7.2509,7.6582
1991-11-01,5.7094,6.7929,7.0446,7.2534,7.6803
1991-11-04,5.7150,6.8085,7.0659,7.2805,7.7223
1991-11-05,5.7775,6.8689,7.1209,7.3295,7.7547
1991-11-06,5.7025,6.8116,7.0685,7.2816,7.7178
1991-11-07,5.6744,6.7587,7.0071,7.2122,7.6301
1991-11-08,5.6813,6.7677,7.0135,7.2151,7.6204
1991-11-12,5.6906,6.7543,6.9861,7.1735,7.5428
1991-11-13,5.7160,6.7898,7.0221,7.2097,7.5806
1991-11-14,5.6591,6.7236,6.9590,7.1507,7.5338
1991-11-15,5.6086,6.6925,6.9349,7.1332,7.5329
1991-11-18,5.6025,6.6777,6.9223,7.1238,7.5340
1991-11-19,5.5641,6.6686,6.9228,7.1334,7.5656
1991-11-20,5.5715,6.6810,6.9371,7.1494,7.5850
1991-11-21,5.5253,6.6654,6.9284,7.1465,7.5950
1991-11-22,5.5225,6.6923,6.9599,7.1809,7.6322
1991-11-25,5.5514,6.7237,6.9923,7.2141,7.6655
1991-11-26,5.5060,6.6825,6.9547,7.1800,7.6387
1991-11-27,5.4898,6.6753,6.9493,7.1760,7.6378
1991-11-29,5.4486,6.6422,6.9167,7.1433,7.6029
1991-12-02,5.3964,6.5696,6.8433,7.0709,7.5391
1991-12-03,5.3546,6.5178,6.7927,7.0228,7.5020
1991-12-04,5.2787,6.3986,6.6695,6.8988,7.3874
1991-12-05,5.2909,6.4168,6.6902,6.9219,7.4167
1991-12-06,5.2512,6.4305,6.7117,6.9476,7.4395
1991-12-09,5.1588,6.3472,6.6361,6.8808,7.4006
1991-12-10,5.1453,6.3527,6.6455,6.8932,7.4172
1991-12-11,5.1307,6.3529,6.6494,6.9002,7.4313
1991-12-12,5.1248,6.3325,6.6259,6.8742,7.4001
1991-12-13,5.1538,6.3800,6.6755,6.9246,7.4480
1991-12-16,5.1364,6.3611,6.6583,6.9096,7.4404
1991-12-17,5.1038,6.3228,6.6208,6.8735,7.4109
1991-12-18,5.1645,6.3792,6.6719,6.9185,7.4362
1991-12-19,5.1221,6.3163,6.6047,6.8480,7.3598
1991-12-20,4.9220,6.1654,6.4664,6.7206,7.2565
1991-12-23,4.9052,6.1305,6.4208,6.6639,7.1693
1991-12-24,4.9254,6.1463,6.4326,6.6712,7.1632
1991-12-26,4.9294,6.1428,6.4268,6.6630,7.1493
1991-12-27,4.9186,6.1361,6.4161,6.6473,7.1182
1991-12-30,4.8819,6.0959,6.3723,6.5995,7.0587
1991-12-31,4.8549,6.0676,6.3359,6.5537,6.9857
1992-01-02,4.8512,6.1017,6.3865,6.6205,7.0922
1992-01-03,4.8898,6.1728,6.4609,6.6959,7.1611
1992-01-06,4.8417,6.1333,6.4270,6.6677,7.1473
1992-01-07,4.7756,6.0522,6.3479,6.5925,7.0881
1992-01-08,4.7645,6.0647,6.3667,6.6166,7.1227
1992-01-09,4.8277,6.1271,6.4235,6.6666,7.1509
1992-01-10,4.8961,6.2071,6.5042,6.7470,7.2271
1992-01-13,4.9941,6.2990,6.5894,6.8245,7.2811
1992-01-14,5.0674,6.4439,6.7305,6.9548,7.3618
1992-01-15,5.1355,6.4865,6.7667,6.9858,7.3823
1992-01-16,5.1575,6.5466,6.8296,7.0491,7.4402
1992-01-17,5.1120,6.5065,6.7934,7.0167,7.4177
1992-01-21,5.0268,6.4013,6.6909,6.9192,7.3406
1992-01-22,5.0358,6.4227,6.7141,6.9436,7.3671
1992-01-23,5.0945,6.4995,6.7944,7.0266,7.4545
1992-01-24,5.1835,6.5842,6.8639,7.0787,7.4567
1992-01-27,5.2082,6.5826,6.8571,7.0693,7.4525
1992-01-28,5.1510,6.4999,6.7706,6.9806,7.3638
1992-01-29,5.1999,6.5774,6.8561,7.0731,7.4706
1992-01-30,5.2378,6.6324,6.9087,7.1220,7.5077
1992-01-31,5.2011,6.6101,6.8941,7.1146,7.5158
1992-02-03,5.2398,6.6807,6.9650,7.1835,7.5731
1992-02-04,5.2041,6.6259,6.9050,7.1190,7.5005
1992-02-05,5.1642,6.5653,6.8436,7.0585,7.4480
1992-02-06,5.1271,6.5365,6.8205,7.0413,7.4456
1992-02-07,5.0517,6.5125,6.8114,7.0449,7.4731
1992-02-10,5.0363,6.5039,6.8108,7.0527,7.5018
1992-02-11,5.0708,6.5365,6.8367,7.0710,7.4988
1992-02-12,5.1218,6.5945,6.8913,7.1211,7.5335
1992-02-13,5.2408,6.7355,7.0256,7.2461,7.6294
1992-02-14,5.3025,6.7826,7.0561,7.2601,7.6074
1992-02-18,5.3112,6.8119,7.0974,7.3130,7.6850
1992-02-19,5.3295,6.7934,7.0706,7.2794,7.6393
1992-02-20,5.3482,6.7890,7.0587,7.2610,7.6078
1992-02-21,5.4846,6.8825,7.1302,7.3135,7.6290
1992-02-24,5.5131,6.9098,7.1625,7.3504,7.6720
1992-02-25,5.4739,6.8765,7.1327,7.3234,7.6489
1992-02-26,5.4084,6.7854,7.0396,7.2295,7.5550
1992-02-27,5.3876,6.7898,7.0472,7.2389,7.5649
1992-02-28,5.3126,6.7023,6.9652,7.1636,7.5085
1992-03-02,5.4709,6.8438,7.0973,7.2865,7.6095
1992-03-03,5.5051,6.8765,7.1259,7.3111,7.6255
1992-03-04,5.5213,6.8760,7.1224,7.3053,7.6166
1992-03-05,5.6474,6.9851,7.2226,7.3972,7.6897
1992-03-06,5.6263,6.9564,7.1873,7.3575,7.6506
1992-03-09,5.5683,6.8864,7.1175,7.2889,7.5882
1992-03-10,5.5944,6.8943,7.1204,7.2880,7.5831
1992-03-11,5.6333,6.9768,7.2135,7.3885,7.6894
1992-03-12,5.7726,7.1104,7.3342,7.4971,7.7749
1992-03-13,5.9110,7.2394,7.4444,7.5884,7.8214
1992-03-16,5.9132,7.2369,7.4405,7.5845,7.8230
1992-03-17,5.8725,7.1763,7.3754,7.5171,7.7576
1992-03-18,5.8827,7.1790,7.3748,7.5132,7.7462
1992-03-19,5.8398,7.1379,7.3345,7.4732,7.7053
1992-03-20,5.9055,7.2156,7.4079,7.5421,7.7652
1992-03-23,5.9063,7.2033,7.3946,7.5281,7.7495
1992-03-24,5.8174,7.1012,7.2931,7.4271,7.6479
1992-03-25,5.7531,7.0813,7.2839,7.4246,7.6482
1992-03-26,5.7443,7.1074,7.3195,7.4676,7.7014
1992-03-27,5.7358,7.0921,7.3021,7.4479,7.6744
1992-03-30,5.6906,7.0587,7.2771,7.4307,7.6733
1992-03-31,5.6730,7.0551,7.2792,7.4377,7.6894
1992-04-01,5.5921,6.9576,7.1806,7.3403,7.6034
1992-04-02,5.5985,6.9704,7.1972,7.3598,7.6266
1992-04-03,5.4462,6.8721,7.1245,7.3096,7.6165
1992-04-06,5.4226,6.8454,7.1017,7.2912,7.6095
1992-04-07,5.3964,6.8304,7.0957,7.2936,7.6296
1992-04-08,5.3848,6.8473,7.1207,7.3253,7.6732
1992-04-09,5.1539,6.6892,6.9854,7.2102,7.5996
1992-04-10,5.2012,6.7147,6.9982,7.2109,7.5756
1992-04-13,5.1672,6.6732,6.9547,7.1659,7.5287
1992-04-14,5.1872,6.6901,6.9670,7.1737,7.5269
1992-04-15,5.2370,6.7368,7.0095,7.2114,7.5507
1992-04-16,5.3489,6.8459,7.1000,7.2841,7.5886
1992-04-20,5.4552,6.9768,7.2358,7.4227,7.7269
1992-04-21,5.4315,6.9626,7.2245,7.4139,7.7229
1992-04-22,5.4287,6.9530,7.2144,7.4037,7.7140
1992-04-23,5.4343,6.9754,7.2372,7.4258,7.7312
1992-04-24,5.3716,6.9206,7.1869,7.3802,7.6984
1992-04-27,5.4318,6.9636,7.2254,7.4151,7.7287
1992-04-28,5.4086,6.9389,7.2022,7.3932,7.7071
1992-04-29,5.3997,6.9395,7.2092,7.4063,7.7330
1992-04-30,5.4317,6.9612,7.2259,7.4184,7.7351
1992-05-01,5.3343,6.8904,7.1639,7.3641,7.6976
1992-05-04,5.3241,6.8873,7.1648,7.3691,7.7132
1992-05-05,5.2996,6.8600,7.1385,7.3441,7.6912
1992-05-06,5.2595,6.8164,7.0953,7.3014,7.6510
1992-05-07,5.3248,6.8537,7.1174,7.3105,7.6390
1992-05-08,5.2684,6.7806,7.0452,7.2395,7.5687
1992-05-11,5.2249,6.7490,7.0221,7.2245,7.5695
1992-05-12,5.1806,6.7008,6.9805,7.1891,7.5453
1992-05-13,5.1351,6.6703,6.9584,7.1751,7.5483
1992-05-14,5.1286,6.6595,6.9462,7.1618,7.5347
1992-05-15,5.1109,6.6244,6.9047,7.1143,7.4742
1992-05-18,5.1062,6.6143,6.8927,7.1013,7.4619
1992-05-19,5.0005,6.5054,6.7916,7.0090,7.3944
1992-05-20,5.0894,6.5775,6.8517,7.0574,7.4167
1992-05-21,5.2983,6.7783,7.0381,7.2280,7.5426
1992-05-22,5.2237,6.7118,6.9772,7.1730,7.5039
1992-05-26,5.3237,6.8031,7.0707,7.2691,7.6068
1992-05-27,5.2657,6.7608,7.0383,7.2464,7.6053
1992-05-28,5.2156,6.6885,6.9639,7.1715,7.5351
1992-05-29,5.1891,6.6410,6.9145,7.1216,7.4885
1992-06-01,5.2843,6.7126,6.9744,7.1713,7.5208
1992-06-02,5.2276,6.6560,6.9250,7.1297,7.4989
1992-06-03,5.2074,6.6379,6.9096,7.1172,7.4942
1992-06-04,5.2098,6.6400,6.9098,7.1154,7.4884
1992-06-05,5.1461,6.5954,6.8680,7.0757,7.4519
1992-06-08,5.1284,6.5960,6.8727,7.0833,7.4620
1992-06-09,5.1535,6.6086,6.8953,7.1166,7.5196
1992-06-10,5.1580,6.6152,6.9024,7.1243,7.5298
1992-06-11,5.1294,6.5854,6.8741,7.0978,7.5083
1992-06-12,5.0836,6.5329,6.8210,7.0447,7.4581
1992-06-15,5.0795,6.5248,6.8117,7.0348,7.4496
1992-06-16,5.0461,6.4738,6.7652,6.9943,7.4263
1992-06-17,5.0336,6.4537,6.7430,6.9703,7.3995
1992-06-18,4.9894,6.4113,6.7053,6.9377,7.3803
1992-06-19,5.0585,6.4707,6.7574,6.9825,7.4073
1992-06-22,5.0429,6.4603,6.7494,6.9768,7.4080
1992-06-23,5.0879,6.5056,6.7881,7.0084,7.4217
1992-06-24,4.9837,6.4220,6.7263,6.9686,7.4321
1992-06-25,4.9191,6.3409,6.6445,6.8874,7.3567
1992-06-26,4.9283,6.3698,6.6719,6.9115,7.3681
1992-06-29,4.8886,6.3169,6.6291,6.8810,7.3734
1992-06-30,4.8977,6.3282,6.6416,6.8948,7.3901
1992-07-01,4.8793,6.3030,6.6154,6.8680,7.3625
1992-07-02,4.6202,6.0888,6.4130,6.6759,7.1935
1992-07-06,4.5454,6.0362,6.3682,6.6382,7.1728
1992-07-07,4.4845,5.9703,6.3115,6.5928,7.1626
1992-07-08,4.4795,5.9855,6.3315,6.6166,7.1926
1992-07-09,4.4809,5.9880,6.3323,6.6155,7.1851
1992-07-10,4.4518,5.9740,6.3231,6.6107,7.1916
1992-07-13,4.4667,5.9932,6.3464,6.6385,7.2320
1992-07-14,4.4104,5.9473,6.3101,6.6128,7.2373
1992-07-15,4.3285,5.8435,6.2103,6.5198,7.1718
1992-07-16,4.3333,5.8364,6.1986,6.5039,7.1448
1992-07-17,4.3368,5.8593,6.2267,6.5365,7.1878
1992-07-20,4.3412,5.8672,6.2307,6.5355,7.1699
1992-07-21,4.3671,5.8672,6.2243,6.5237,7.1481
1992-07-22,4.3410,5.8240,6.1775,6.4741,7.0939
1992-07-23,4.2642,5.6855,6.0329,6.3279,6.9592
1992-07-24,4.2889,5.7154,6.0613,6.3542,6.9772
1992-07-27,4.3096,5.7115,6.0465,6.3285,6.9236
1992-07-28,4.2913,5.6770,6.0070,6.2842,6.8670
1992-07-29,4.2946,5.6751,6.0015,6.2749,6.8472
1992-07-30,4.3777,5.8062,6.1333,6.4029,6.9504
1992-07-31,4.4585,5.8878,6.2031,6.4588,6.9637
1992-08-03,4.4628,5.9025,6.2185,6.4740,6.9754
1992-08-04,4.3882,5.8115,6.1320,6.3944,6.9211
1992-08-05,4.3601,5.7730,6.0969,6.3641,6.9083
1992-08-06,4.3452,5.7635,6.0918,6.3640,6.9221
1992-08-07,4.2441,5.6558,5.9888,6.2671,6.8463
1992-08-10,4.1918,5.5842,5.9200,6.2034,6.8036
1992-08-11,4.1960,5.5719,5.9017,6.1794,6.7655
1992-08-12,4.2257,5.6180,5.9426,6.2126,6.7705
1992-08-13,4.2334,5.6598,5.9953,6.2754,6.8569
1992-08-14,4.1984,5.6311,5.9680,6.2492,6.8326
1992-08-17,4.1986,5.6419,5.9863,6.2756,6.8821
1992-08-18,4.1183,5.5429,5.8877,6.1793,6.7989
1992-08-19,4.1138,5.5303,5.8748,6.1670,6.7903
1992-08-20,4.1099,5.5139,5.8582,6.1511,6.7800
1992-08-21,4.1759,5.6161,5.9608,6.2506,6.8596
1992-08-24,4.3314,5.7875,6.1309,6.4174,7.0097
1992-08-25,4.3725,5.8282,6.1695,6.4536,7.0387
1992-08-26,4.3281,5.7924,6.1341,6.4179,7.0002
1992-08-27,4.2818,5.7385,6.0819,6.3685,6.9619
1992-08-28,4.2526,5.6998,6.0481,6.3417,6.9598
1992-08-31,4.2364,5.6905,6.0402,6.3348,6.9546
1992-09-01,4.1967,5.6208,5.9682,6.2629,6.8910
1992-09-02,4.1622,5.5855,5.9322,6.2262,6.8530
1992-09-03,4.1592,5.5818,5.9279,6.2212,6.8458
1992-09-04,3.9725,5.3852,5.7385,6.0418,6.7033
1992-09-08,3.9017,5.2969,5.6473,5.9488,6.6101
1992-09-09,3.9016,5.3161,5.6691,5.9720,6.6322
1992-09-10,3.9082,5.3266,5.6797,5.9821,6.6393
1992-09-11,3.9311,5.3854,5.7435,6.0487,6.7056
1992-09-14,3.8834,5.3284,5.6892,5.9986,6.6719
1992-09-15,3.9513,5.4108,5.7714,6.0791,6.7431
1992-09-16,3.9497,5.4287,5.7925,6.1023,6.7678
1992-09-17,3.9345,5.4247,5.7908,6.1022,6.7702
1992-09-18,3.9409,5.4383,5.8039,6.1140,6.7754
1992-09-21,3.9826,5.4776,5.8389,6.1441,6.7904
1992-09-22,4.0120,5.5260,5.8927,6.2028,6.8611
1992-09-23,4.0510,5.5684,5.9378,6.2508,6.9166
1992-09-24,4.0011,5.5113,5.8801,6.1929,6.8599
1992-09-25,3.8997,5.3928,5.7638,6.0813,6.7681
1992-09-28,3.8703,5.3478,5.7166,6.0329,6.7209
1992-09-29,3.8862,5.3702,5.7403,6.0574,6.7464
1992-09-30,3.8890,5.3832,5.7519,6.0665,6.7454
1992-10-01,3.7659,5.2403,5.6102,5.9283,6.6252
1992-10-02,3.7854,5.2753,5.6451,5.9618,6.6499
1992-10-05,3.7689,5.2411,5.6118,5.9314,6.6344
1992-10-06,3.8116,5.3064,5.6803,6.0014,6.7039
1992-10-07,3.9752,5.4891,5.8599,6.1752,6.8515
1992-10-08,3.9427,5.4265,5.7975,6.1160,6.8107
1992-10-09,4.0642,5.5597,5.9209,6.2263,6.8761
1992-10-13,4.0675,5.5568,5.9184,6.2248,6.8793
1992-10-14,4.1081,5.5766,5.9309,6.2304,6.8676
1992-10-15,4.1100,5.5854,5.9412,6.2417,6.8800
1992-10-16,4.1382,5.6332,5.9929,6.2962,6.9374
1992-10-19,4.2434,5.7644,6.1118,6.3981,6.9804
1992-10-20,4.4372,5.9798,6.3161,6.5872,7.1170
1992-10-21,4.4090,5.9043,6.2383,6.5108,7.0570
1992-10-22,4.3623,5.8718,6.1975,6.4616,6.9937
1992-10-23,4.4403,6.0007,6.3212,6.5723,7.0557
1992-10-26,4.4787,6.0076,6.3237,6.5730,7.0576
1992-10-27,4.4126,5.9276,6.2463,6.4999,6.9993
1992-10-28,4.3964,5.9233,6.2455,6.5019,7.0065
1992-10-29,4.4109,5.8893,6.2043,6.4567,6.9595
1992-10-30,4.4869,6.0082,6.3205,6.5663,7.0434
1992-11-02,4.5562,6.0962,6.4033,6.6427,7.1020
1992-11-03,4.5276,6.0750,6.3833,6.6239,7.0862
1992-11-04,4.5133,6.0814,6.3952,6.6401,7.1102
1992-11-05,4.4779,6.0737,6.3923,6.6398,7.1118
1992-11-06,4.5619,6.1612,6.4765,6.7214,7.1887
1992-11-09,4.6312,6.2222,6.5296,6.7663,7.2128
1992-11-10,4.5994,6.1482,6.4513,6.6862,7.1333
1992-11-12,4.5290,6.0269,6.3290,6.5660,7.0248
1992-11-13,4.6182,6.1140,6.4064,6.6332,7.0653
1992-11-16,4.7382,6.2265,6.5038,6.7157,7.1133
1992-11-17,4.7277,6.1907,6.4686,6.6826,7.0876
1992-11-18,4.6580,6.0981,6.3797,6.5990,7.0208
1992-11-19,4.6541,6.1232,6.4090,6.6306,7.0536
1992-11-20,4.7241,6.1890,6.4656,6.6785,7.0815
1992-11-23,4.7486,6.2140,6.4906,6.7032,7.1042
1992-11-24,4.6851,6.1609,6.4429,6.6597,7.0683
1992-11-25,4.7560,6.2238,6.4970,6.7057,7.0974
1992-11-27,4.8291,6.3392,6.6069,6.8082,7.1790
1992-11-30,4.8679,6.3338,6.5994,6.8010,7.1765
1992-12-01,4.8944,6.3377,6.6000,6.7998,7.1740
1992-12-02,4.8923,6.3385,6.5998,6.7979,7.1669
1992-12-03,4.8559,6.3139,6.5794,6.7810,7.1569
1992-12-04,4.7798,6.2101,6.4783,6.6845,7.0745
1992-12-07,4.7034,6.1559,6.4258,6.6317,7.0175
1992-12-08,4.6514,6.0927,6.3678,6.5796,6.9804
1992-12-09,4.6673,6.1116,6.3839,6.5929,6.9865
1992-12-10,4.7103,6.1401,6.4060,6.6093,6.9908
1992-12-11,4.7993,6.1760,6.4302,6.6265,7.0017
1992-12-14,4.8504,6.2358,6.4877,6.6804,7.0441
1992-12-15,4.8048,6.2077,6.4655,6.6631,7.0359
1992-12-16,4.7271,6.1540,6.4195,6.6230,7.0064
1992-12-21,4.6820,6.1275,6.3910,6.5911,6.9638
1992-12-22,4.6343,6.0701,6.3347,6.5361,6.9123
1992-12-23,4.6321,6.0934,6.3598,6.5616,6.9364
1992-12-24,4.6184,6.0974,6.3656,6.5685,6.9445
1992-12-28,4.6292,6.1412,6.4111,6.6134,6.9844
1992-12-29,4.6073,6.1274,6.3956,6.5958,6.9618
1992-12-30,4.5343,6.0782,6.3579,6.5681,6.9548
1993-01-04,4.5043,6.0065,6.2859,6.4977,6.8908
1993-01-05,4.5054,6.0022,6.2826,6.4956,6.8918
1993-01-06,4.5430,6.0283,6.3057,6.5165,6.9091
1993-01-07,4.6578,6.1364,6.4125,6.6233,7.0181
1993-01-08,4.5336,6.0676,6.3606,6.5850,7.0058
1993-01-11,4.4877,6.0133,6.3122,6.5431,6.9813
1993-01-12,4.4953,6.0279,6.3271,6.5583,6.9966
1993-01-13,4.4829,5.9879,6.2831,6.5121,6.9490
1993-01-14,4.4210,5.9518,6.2518,6.4833,6.9218
1993-01-15,4.3433,5.8769,6.1796,6.4131,6.8540
1993-01-19,4.3992,5.8820,6.1736,6.3994,6.8293
1993-01-21,4.3810,5.8851,6.1783,6.4040,6.8300
1993-01-22,4.3170,5.8316,6.1311,6.3628,6.8023
1993-01-25,4.2732,5.7668,6.0626,6.2909,6.7228
1993-01-26,4.3317,5.7880,6.0806,6.3088,6.7465
1993-01-27,4.2790,5.7453,6.0439,6.2772,6.7253
1993-01-28,4.2191,5.6750,5.9788,6.2181,6.6826
1993-01-29,4.2191,5.6338,5.9346,6.1742,6.6463
1993-02-01,4.2181,5.6055,5.9042,6.1441,6.6225
1993-02-02,4.2717,5.6791,5.9766,6.2137,6.6820
1993-02-03,4.2875,5.6786,5.9720,6.2060,6.6691
1993-02-04,4.2173,5.5955,5.8928,6.1311,6.6052
1993-02-05,4.1159,5.4854,5.7909,6.0382,6.5361
1993-02-08,4.1757,5.5441,5.8456,6.0885,6.5742
1993-02-09,4.2362,5.6112,5.9059,6.1418,6.6103
1993-02-10,4.2979,5.6845,5.9781,6.2128,6.6789
1993-02-11,4.2253,5.6381,5.9364,6.1732,6.6374
1993-02-12,4.2129,5.6272,5.9262,6.1630,6.6255
1993-02-16,4.1645,5.5818,5.8877,6.1315,6.6119
1993-02-17,4.0786,5.4938,5.8069,6.0578,6.5545
1993-02-18,3.9769,5.3462,5.6599,5.9149,6.4296
1993-02-19,4.0043,5.3573,5.6664,5.9177,6.4257
1993-02-22,4.0029,5.3186,5.6204,5.8666,6.3668
1993-02-23,3.9083,5.1580,5.4552,5.7016,6.2145
1993-02-24,3.9625,5.2577,5.5576,5.8028,6.3025
1993-02-25,3.9703,5.2854,5.5867,5.8317,6.3269
1993-02-26,3.9495,5.2767,5.5809,5.8281,6.3272
1993-03-01,3.8866,5.1908,5.4974,5.7472,6.2519
1993-03-02,3.8882,5.1848,5.4916,5.7423,6.2507
1993-03-03,3.8368,5.1054,5.4115,5.6634,6.1784
1993-03-04,3.7800,5.0543,5.3611,5.6128,6.1252
1993-03-05,3.9597,5.1812,5.4688,5.7052,6.1904
1993-03-08,3.9821,5.1783,5.4578,5.6881,6.1634
1993-03-09,4.0478,5.2549,5.5303,5.7551,6.2126
1993-03-10,4.0640,5.2939,5.5705,5.7953,6.2511
1993-03-11,4.0286,5.2856,5.5685,5.7975,6.2580
1993-03-12,4.1022,5.4168,5.7034,5.9328,6.3869
1993-03-15,4.1289,5.4822,5.7725,6.0027,6.4532
1993-03-16,4.0484,5.3734,5.6686,5.9051,6.3733
1993-03-17,4.0046,5.3221,5.6213,5.8628,6.3451
1993-03-18,3.9271,5.2161,5.5169,5.7621,6.2583
1993-03-19,3.9471,5.2594,5.5595,5.8023,6.2889
1993-03-22,3.9278,5.2604,5.5646,5.8096,6.2967
1993-03-23,3.8959,5.2063,5.5094,5.7550,6.2478
1993-03-24,3.9417,5.2527,5.5528,5.7961,6.2846
1993-03-25,3.9342,5.2626,5.5662,5.8120,6.3055
1993-03-26,4.0241,5.3902,5.6941,5.9378,6.4211
1993-03-29,3.9908,5.3366,5.6409,5.8860,6.3743
1993-03-30,3.9444,5.2838,5.5940,5.8461,6.3544
1993-03-31,3.9873,5.3057,5.6095,5.8576,6.3621
1993-04-01,3.9801,5.3060,5.6131,5.8647,6.3794
1993-04-02,4.0195,5.3884,5.7023,5.9580,6.4758
1993-04-05,3.9879,5.3428,5.6571,5.9138,6.4354
1993-04-06,3.9779,5.3031,5.6116,5.8639,6.3776
1993-04-07,3.9613,5.2883,5.5961,5.8477,6.3599
1993-04-08,3.8746,5.1929,5.5019,5.7541,6.2651
1993-04-12,3.8482,5.1456,5.4499,5.6987,6.2049
1993-04-13,3.8406,5.1687,5.4751,5.7232,6.2207
1993-04-14,3.8012,5.1310,5.4377,5.6856,6.1811
1993-04-15,3.8111,5.1157,5.4168,5.6610,6.1524
1993-04-16,3.8191,5.1306,5.4327,5.6782,6.1730
1993-04-20,3.8072,5.1109,5.4130,5.6596,6.1608
1993-04-21,3.7877,5.0899,5.3951,5.6446,6.1516
1993-04-22,3.7630,5.0684,5.3782,5.6314,6.1451
1993-04-23,3.7654,5.0841,5.3962,5.6523,6.1757
1993-04-26,3.7898,5.1257,5.4407,5.6979,6.2193
1993-04-27,3.8658,5.2119,5.5264,5.7823,6.2984
1993-04-28,3.8805,5.2175,5.5307,5.7861,6.3032
1993-04-29,3.8171,5.1630,5.4821,5.7423,6.2679
1993-05-03,3.7785,5.1149,5.4343,5.6964,6.2309
1993-05-04,3.7756,5.0892,5.4019,5.6586,6.1826
1993-05-05,3.8057,5.1081,5.4157,5.6682,6.1849
1993-05-06,3.8025,5.0867,5.3930,5.6453,6.1638
1993-05-07,3.7960,5.0967,5.4064,5.6622,6.1910
1993-05-10,3.7877,5.0757,5.3842,5.6387,6.1623
1993-05-11,3.8006,5.0698,5.3748,5.6276,6.1528
1993-05-12,3.8257,5.1060,5.4145,5.6700,6.1997
1993-05-13,3.8953,5.1793,5.4871,5.7426,6.2739
1993-05-14,3.9620,5.2185,5.5132,5.7588,6.2764
1993-05-17,4.0185,5.2767,5.5727,5.8179,6.3283
1993-05-18,4.0502,5.3168,5.6146,5.8612,6.3744
1993-05-19,4.0230,5.2781,5.5732,5.8184,6.3318
1993-05-20,4.0235,5.2677,5.5597,5.8029,6.3153
1993-05-21,4.0921,5.3407,5.6270,5.8650,6.3678
1993-05-24,4.1869,5.3781,5.6470,5.8709,6.3474
1993-05-25,4.1771,5.3785,5.6526,5.8804,6.3616
1993-05-26,4.1702,5.3410,5.6078,5.8299,6.3014
1993-05-27,4.2009,5.3543,5.6125,5.8273,6.2858
1993-05-28,4.2333,5.3854,5.6448,5.8613,6.3259
1993-06-01,4.1641,5.2951,5.5557,5.7735,6.2388
1993-06-02,4.1838,5.2865,5.5398,5.7526,6.2131
1993-06-03,4.1523,5.2431,5.4968,5.7111,6.1779
1993-06-04,4.3143,5.3764,5.6162,5.8178,6.2578
1993-06-07,4.3003,5.3436,5.5801,5.7809,6.2257
1993-06-08,4.3235,5.3612,5.5959,5.7958,6.2413
1993-06-09,4.3096,5.3511,5.5863,5.7861,6.2284
1993-06-10,4.3075,5.3496,5.5842,5.7836,6.2256
1993-06-11,4.1717,5.2400,5.4829,5.6874,6.1339
1993-06-14,4.1535,5.2284,5.4756,5.6836,6.1361
1993-06-15,4.1199,5.2059,5.4575,5.6695,6.1317
1993-06-16,4.1078,5.1934,5.4488,5.6645,6.1342
1993-06-17,4.0977,5.1826,5.4348,5.6476,6.1118
1993-06-18,4.1679,5.2338,5.4735,5.6751,6.1173
1993-06-21,4.1606,5.2006,5.4382,5.6388,6.0807
1993-06-22,4.1545,5.1957,5.4323,5.6321,6.0734
1993-06-23,4.1809,5.2089,5.4399,5.6350,6.0677
1993-06-24,4.1488,5.1671,5.4001,5.5974,6.0358
1993-06-25,4.1145,5.1308,5.3627,5.5595,5.9990
1993-06-28,4.0734,5.0850,5.3205,5.5204,5.9633
1993-06-29,4.0445,5.0587,5.2996,5.5049,5.9598
1993-06-30,4.0519,5.0698,5.3103,5.5149,5.9677
1993-07-01,4.0203,5.0571,5.3052,5.5162,5.9805
1993-07-02,3.9644,5.0127,5.2625,5.4750,5.9439
1993-07-06,4.0283,5.0627,5.3073,5.5152,5.9736
1993-07-07,4.0374,5.0738,5.3174,5.5242,5.9802
1993-07-08,4.0184,5.0409,5.2814,5.4861,5.9412
1993-07-09,4.0060,5.0256,5.2656,5.4698,5.9232
1993-07-12,3.9978,5.0100,5.2507,5.4556,5.9100
1993-07-13,4.0491,5.0462,5.2791,5.4767,5.9145
1993-07-14,3.9928,4.9896,5.2233,5.4216,5.8598
1993-07-15,4.0116,4.9963,5.2247,5.4185,5.8485
1993-07-16,4.0083,4.9944,5.2212,5.4132,5.8383
1993-07-19,4.0127,4.9980,5.2261,5.4190,5.8441
1993-07-20,4.0916,5.0700,5.2899,5.4744,5.8777
1993-07-21,4.1530,5.1603,5.3819,5.5662,5.9637
1993-07-22,4.2192,5.2409,5.4627,5.6460,6.0367
1993-07-23,4.2587,5.2879,5.5087,5.6908,6.0794
1993-07-26,4.2295,5.2585,5.4825,5.6678,6.0636
1993-07-27,4.2485,5.2710,5.4918,5.6744,6.0647
1993-07-28,4.2291,5.2440,5.4641,5.6464,6.0375
1993-07-29,4.1255,5.1389,5.3646,5.5524,5.9546
1993-07-30,4.1445,5.1655,5.3894,5.5747,5.9689
1993-08-02,4.1979,5.2164,5.4339,5.6124,5.9886
1993-08-03,4.1775,5.2005,5.4178,5.5956,5.9690
1993-08-04,4.1704,5.2143,5.4385,5.6218,6.0028
1993-08-05,4.1269,5.1918,5.4271,5.6200,6.0173
1993-08-06,4.0963,5.1829,5.4219,5.6163,6.0117
1993-08-09,4.0689,5.1441,5.3807,5.5728,5.9625
1993-08-10,4.0963,5.1635,5.3949,5.5820,5.9607
1993-08-11,4.0953,5.1560,5.3843,5.5691,5.9442
1993-08-12,4.0611,5.1479,5.3816,5.5700,5.9497
1993-08-13,3.9974,5.0985,5.3396,5.5341,5.9246
1993-08-16,3.9811,5.0563,5.2930,5.4852,5.8764
1993-08-17,4.0080,5.0774,5.3125,5.5038,5.8942
1993-08-18,3.9844,5.0496,5.2838,5.4745,5.8643
1993-08-19,3.9324,4.9858,5.2223,5.4164,5.8178
1993-08-20,3.9416,4.9636,5.1967,5.3910,5.8045
1993-08-23,4.0726,5.0702,5.3162,5.5134,5.9003
1993-08-24,3.8958,4.8952,5.1299,5.3270,5.7504
1993-08-25,3.8602,4.8533,5.0889,5.2873,5.7148
1993-08-26,3.8256,4.7847,5.0147,5.2089,5.6293
1993-08-30,3.8519,4.7923,5.0223,5.2173,5.6403
1993-08-31,3.8742,4.7977,5.0220,5.2124,5.6274
1993-09-01,3.8753,4.8066,5.0316,5.2221,5.6355
1993-09-02,3.8335,4.7625,4.9863,5.1760,5.5889
1993-09-03,3.7275,4.6535,4.8828,5.0780,5.5035
1993-09-07,3.7098,4.5994,4.8252,5.0188,5.4448
1993-09-08,3.7787,4.6245,4.8353,5.0173,5.4266
1993-09-09,3.8776,4.7480,4.9559,5.1341,5.5337
1993-09-10,3.8073,4.6780,4.8905,5.0725,5.4770
1993-09-13,3.8182,4.6705,4.8778,5.0559,5.4555
1993-09-14,3.9080,4.7892,4.9968,5.1737,5.5674
1993-09-15,3.8965,4.7905,5.0041,5.1865,5.5913
1993-09-16,3.8831,4.7761,4.9892,5.1716,5.5790
1993-09-17,3.8953,4.7917,5.0031,5.1839,5.5885
1993-09-20,3.9222,4.8209,5.0288,5.2067,5.6092
1993-09-21,3.9038,4.8394,5.0599,5.2481,5.6688
1993-09-22,3.9089,4.8300,5.0454,5.2293,5.6414
1993-09-23,3.9019,4.8256,5.0405,5.2229,5.6277
1993-09-24,3.9067,4.8262,5.0378,5.2177,5.6194
1993-09-27,3.8217,4.7089,4.9230,5.1068,5.5200
1993-09-28,3.8193,4.6907,4.9016,5.0830,5.4924
1993-09-29,3.8735,4.7537,4.9608,5.1382,5.5400
1993-09-30,3.9144,4.8088,5.0146,5.1900,5.5861
1993-10-01,3.8671,4.7423,4.9490,5.1262,5.5280
1993-10-04,3.8497,4.7272,4.9368,5.1169,5.5249
1993-10-05,3.8712,4.7429,4.9507,5.1295,5.5354
1993-10-06,3.8545,4.7289,4.9408,5.1233,5.5374
1993-10-07,3.8421,4.7208,4.9338,5.1174,5.5337
1993-10-08,3.7934,4.6410,4.8526,5.0359,5.4520
1993-10-12,3.8175,4.6632,4.8711,5.0508,5.4586
1993-10-13,3.8263,4.6691,4.8767,5.0562,5.4633
1993-10-14,3.8039,4.6275,4.8298,5.0052,5.4066
1993-10-15,3.7919,4.5972,4.7954,4.9672,5.3600
1993-10-18,3.8420,4.6816,4.8833,5.0567,5.4476
1993-10-19,3.8525,4.6829,4.8822,5.0536,5.4416
1993-10-20,3.8430,4.6642,4.8617,5.0320,5.4190
1993-10-21,3.8828,4.7476,4.9553,5.1330,5.5293
1993-10-22,3.9089,4.7993,5.0097,5.1891,5.5885
1993-10-25,3.9484,4.8538,5.0694,5.2524,5.6539
1993-10-26,3.9389,4.8238,5.0357,5.2165,5.6175
1993-10-27,3.9713,4.8458,5.0520,5.2282,5.6227
1993-10-29,3.9929,4.8633,5.0647,5.2362,5.6192
1993-11-01,4.0939,4.9972,5.1968,5.3639,5.7286
1993-11-02,4.1452,5.0653,5.2679,5.4379,5.8109
1993-11-03,4.1252,5.0529,5.2602,5.4343,5.8153
1993-11-04,4.1284,5.0749,5.2872,5.4656,5.8557
1993-11-05,4.1911,5.1570,5.3698,5.5473,5.9300
1993-11-08,4.1367,5.0897,5.3031,5.4827,5.8769
1993-11-09,4.1229,5.0629,5.2729,5.4488,5.8309
1993-11-10,4.1685,5.1226,5.3341,5.5104,5.8901
1993-11-12,4.1173,5.0595,5.2702,5.4465,5.8292
1993-11-15,4.1155,5.0667,5.2798,5.4582,5.8458
1993-11-16,4.0885,5.0222,5.2349,5.4145,5.8103
1993-11-17,4.0897,5.0248,5.2376,5.4174,5.8134
1993-11-18,4.1463,5.0973,5.3069,5.4827,5.8681
1993-11-19,4.2081,5.2004,5.4168,5.5969,5.9858
1993-11-22,4.2385,5.2419,5.4623,5.6454,6.0366
1993-11-23,4.1809,5.1753,5.3941,5.5760,5.9657
1993-11-24,4.1686,5.1797,5.4033,5.5884,5.9808
1993-11-26,4.1266,5.1278,5.3514,5.5368,5.9303
1993-11-29,4.1424,5.1197,5.3374,5.5183,5.9044
1993-11-30,4.2073,5.1862,5.4006,5.5788,5.9603
1993-12-01,4.1962,5.1751,5.3907,5.5697,5.9511
1993-12-02,4.1975,5.1736,5.3884,5.5662,5.9438
1993-12-03,4.2200,5.1892,5.3990,5.5720,5.9372
1993-12-06,4.1613,5.1160,5.3233,5.4943,5.8561
1993-12-07,4.1743,5.1192,5.3219,5.4891,5.8445
1993-12-08,4.1643,5.1076,5.3123,5.4817,5.8423
1993-12-09,4.1574,5.0846,5.2859,5.4530,5.8128
1993-12-10,4.1967,5.1397,5.3411,5.5082,5.8685
1993-12-13,4.2136,5.1778,5.3847,5.5560,5.9227
1993-12-14,4.2298,5.2090,5.4188,5.5925,5.9649
1993-12-15,4.2125,5.2078,5.4222,5.5993,5.9756
1993-12-16,4.2149,5.2122,5.4265,5.6038,5.9818
1993-12-17,4.1944,5.1809,5.3938,5.5706,5.9499
1993-12-20,4.2201,5.2073,5.4203,5.5968,5.9738
1993-12-21,4.2371,5.2222,5.4350,5.6118,5.9908
1993-12-22,4.1746,5.1317,5.3423,5.5179,5.8954
1993-12-23,4.1645,5.1082,5.3174,5.4924,5.8718
1993-12-27,4.1678,5.1037,5.3127,5.4880,5.8691
1993-12-28,4.1711,5.1077,5.3153,5.4896,5.8699
1993-12-29,4.1767,5.1212,5.3302,5.5053,5.8858
1993-12-30,4.1760,5.1202,5.3280,5.5024,5.8827
1993-12-31,4.2375,5.2061,5.4171,5.5937,5.9776
1994-01-03,4.2913,5.3028,5.5202,5.6991,6.0765
1994-01-04,4.2709,5.2658,5.4792,5.6554,6.0298
1994-01-05,4.2792,5.2832,5.4967,5.6732,6.0501
1994-01-06,4.2236,5.2161,5.4306,5.6086,5.9899
1994-01-07,4.0892,5.0484,5.2632,5.4435,5.8365
1994-01-10,4.0674,5.0286,5.2453,5.4273,5.8235
1994-01-11,4.0601,5.0166,5.2336,5.4163,5.8153
1994-01-12,4.0354,4.9670,5.1765,5.3535,5.7435
1994-01-13,4.1151,5.0846,5.2957,5.4720,5.8551
1994-01-14,4.1564,5.1314,5.3429,5.5196,5.9025
1994-01-18,4.1211,5.0978,5.3119,5.4907,5.8771
1994-01-20,4.0528,5.0375,5.2556,5.4379,5.8330
1994-01-21,4.0723,5.0584,5.2755,5.4566,5.8478
1994-01-24,4.0760,5.0611,5.2779,5.4591,5.8526
1994-01-25,4.0931,5.0872,5.3065,5.4896,5.8856
1994-01-26,4.0984,5.0808,5.2957,5.4754,5.8666
1994-01-27,4.0918,5.0418,5.2488,5.4227,5.8056
1994-01-28,4.0550,4.9871,5.1913,5.3634,5.7454
1994-01-31,4.0948,5.0227,5.2252,5.3958,5.7736
1994-02-01,4.1705,5.0965,5.2983,5.4690,5.8495
1994-02-02,4.1830,5.1020,5.3042,5.4751,5.8537
1994-02-03,4.2565,5.1647,5.3619,5.5281,5.8953
1994-02-04,4.4035,5.3063,5.5077,5.6764,6.0356
1994-02-07,4.4192,5.3519,5.5488,5.7104,6.0523
1994-02-08,4.4468,5.3941,5.5947,5.7593,6.1057
1994-02-09,4.4305,5.3648,5.5643,5.7284,6.0760
1994-02-10,4.4556,5.3788,5.5740,5.7349,6.0788
1994-02-11,4.4403,5.3580,5.5505,5.7094,6.0498
1994-02-14,4.4382,5.3720,5.5711,5.7350,6.0830
1994-02-15,4.4346,5.3598,5.5549,5.7161,6.0627
1994-02-16,4.4372,5.3649,5.5604,5.7219,6.0695
1994-02-17,4.5002,5.4680,5.6656,5.8269,6.1685
1994-02-18,4.5466,5.5363,5.7379,5.9025,6.2498
1994-02-22,4.5595,5.5170,5.7150,5.8775,6.2230
1994-02-23,4.6545,5.5998,5.7937,5.9531,6.2920
1994-02-24,4.7038,5.6696,5.8703,6.0356,6.3856
1994-02-25,4.7172,5.6668,5.8642,6.0275,6.3746
1994-02-28,4.6876,5.6178,5.8175,5.9838,6.3375
1994-03-01,4.8169,5.7502,5.9488,6.1134,6.4598
1994-03-02,4.8298,5.7653,5.9635,6.1269,6.4687
1994-03-03,4.8527,5.8137,6.0155,6.1806,6.5223
1994-03-04,4.9351,5.8507,6.0430,6.2014,6.5311
1994-03-07,4.9104,5.8098,5.9995,6.1564,6.4852
1994-03-08,4.9636,5.8727,6.0564,6.2074,6.5269
1994-03-09,4.9835,5.8769,6.0598,6.2111,6.5320
1994-03-10,5.0157,5.9490,6.1481,6.3109,6.6420
1994-03-11,4.9945,5.9354,6.1275,6.2842,6.6076
1994-03-14,5.0387,5.9786,6.1710,6.3273,6.6452
1994-03-15,5.0354,5.9628,6.1507,6.3036,6.6169
1994-03-16,4.9897,5.8918,6.0750,6.2249,6.5352
1994-03-17,4.9872,5.9017,6.0863,6.2366,6.5457
1994-03-18,5.0691,6.0012,6.1864,6.3361,6.6408
1994-03-21,5.1296,6.0654,6.2462,6.3914,6.6861
1994-03-22,5.0461,5.9496,6.1299,6.2765,6.5795
1994-03-23,5.0263,5.9406,6.1205,6.2671,6.5729
1994-03-24,5.1172,6.0879,6.2755,6.4258,6.7299
1994-03-25,5.1279,6.1083,6.2966,6.4471,6.7502
1994-03-28,5.1560,6.1332,6.3183,6.4654,6.7579
1994-03-29,5.2322,6.2176,6.4053,6.5540,6.8473
1994-03-30,5.2291,6.2781,6.4750,6.6273,6.9167
1994-03-31,5.2541,6.2739,6.4697,6.6222,6.9136
1994-04-04,5.6216,6.6719,6.8568,7.0034,7.2979
1994-04-05,5.5112,6.4902,6.6685,6.8114,7.1042
1994-04-06,5.4643,6.4476,6.6268,6.7704,7.0658
1994-04-07,5.4393,6.4056,6.5837,6.7275,7.0251
1994-04-08,5.4987,6.4902,6.6661,6.8059,7.0905
1994-04-11,5.4883,6.4815,6.6575,6.7970,7.0790
1994-04-12,5.4384,6.4163,6.5939,6.7362,7.0277
1994-04-13,5.4918,6.4845,6.6661,6.8118,7.1089
1994-04-14,5.5349,6.5178,6.6999,6.8467,7.1470
1994-04-15,5.5524,6.5104,6.6835,6.8229,7.1117
1994-04-18,5.7348,6.7018,6.8703,7.0041,7.2746
1994-04-19,5.7367,6.6668,6.8267,6.9539,7.2139
1994-04-20,5.7112,6.6204,6.7812,6.9104,7.1764
1994-04-21,5.6235,6.4812,6.6327,6.7553,7.0137
1994-04-22,5.6556,6.5174,6.6677,6.7884,7.0404
1994-04-25,5.6481,6.4655,6.6054,6.7177,6.9542
1994-04-26,5.6340,6.4491,6.5926,6.7085,6.9514
1994-04-28,5.7697,6.6271,6.7694,6.8820,7.1139
1994-04-29,5.7801,6.6389,6.7897,6.9107,7.1604
1994-05-02,5.8281,6.6843,6.8325,6.9509,7.1934
1994-05-03,5.8798,6.7241,6.8666,6.9796,7.2107
1994-05-04,5.9031,6.7368,6.8773,6.9887,7.2165
1994-05-05,5.8978,6.7073,6.8473,6.9594,7.1911
1994-05-06,6.1267,6.9497,7.0839,7.1926,7.4258
1994-05-09,6.2650,7.0879,7.2244,7.3326,7.5506
1994-05-10,6.1618,6.9404,7.0689,7.1705,7.3774
1994-05-11,6.2185,7.0258,7.1654,7.2765,7.5007
1994-05-12,6.1814,6.9796,7.1227,7.2374,7.4701
1994-05-13,6.0927,6.8967,7.0545,7.1822,7.4387
1994-05-16,6.0623,6.8491,7.0033,7.1286,7.3818
1994-05-17,5.9292,6.6601,6.8048,6.9236,7.1695
1994-05-18,5.8611,6.6173,6.7612,6.8793,7.1290
1994-05-19,5.7552,6.5278,6.6736,6.7935,7.0503
1994-05-20,5.8173,6.5932,6.7350,6.8512,7.1013
1994-05-23,5.9622,6.7544,6.8993,7.0175,7.2682
1994-05-24,5.9499,6.7399,6.8813,6.9958,7.2372
1994-05-25,5.9608,6.7198,6.8453,6.9507,7.1974
1994-05-26,5.9316,6.6771,6.8054,6.9161,7.1822
1994-05-27,5.9886,6.7207,6.8439,6.9503,7.2098
1994-05-31,6.0263,6.7651,6.8943,7.0059,7.2723
1994-06-01,6.0102,6.7269,6.8537,6.9639,7.2259
1994-06-02,5.9519,6.6683,6.7981,6.9106,7.1755
1994-06-03,5.8724,6.5770,6.7027,6.8113,7.0692
1994-06-06,5.7748,6.4905,6.6114,6.7155,6.9745
1994-06-07,5.8030,6.5277,6.6508,6.7567,7.0184
1994-06-08,5.7769,6.5230,6.6508,6.7601,7.0277
1994-06-09,5.8014,6.5379,6.6643,6.7734,7.0421
1994-06-10,5.8520,6.5961,6.7248,6.8357,7.1049
1994-06-13,5.9042,6.6551,6.7780,6.8815,7.1304
1994-06-14,5.8132,6.5697,6.6973,6.8056,7.0670
1994-06-15,5.8732,6.6607,6.7932,6.9054,7.1747
1994-06-16,5.8394,6.6333,6.7656,6.8764,7.1405
1994-06-17,5.8832,6.6970,6.8354,6.9519,7.2278
1994-06-20,5.9198,6.7299,6.8629,6.9737,7.2361
1994-06-21,6.0205,6.8001,6.9275,7.0357,7.2982
1994-06-22,5.9648,6.7288,6.8508,6.9530,7.1987
1994-06-23,5.9244,6.6882,6.8199,6.9315,7.1929
1994-06-24,6.0392,6.8151,6.9449,7.0547,7.3132
1994-06-27,6.0323,6.7845,6.9116,7.0194,7.2717
1994-06-28,6.1160,6.8682,6.9984,7.1096,7.3669
1994-06-29,6.1083,6.8615,7.0044,7.1213,7.3661
1994-06-30,6.1763,6.9574,7.1085,7.2321,7.4884
1994-07-01,6.1745,6.9518,7.0988,7.2190,7.4698
1994-07-05,6.1507,6.9241,7.0674,7.1843,7.4296
1994-07-06,6.1271,6.9116,7.0627,7.1867,7.4465
1994-07-07,6.0979,6.8798,7.0311,7.1557,7.4183
1994-07-11,6.2787,7.0726,7.2202,7.3400,7.5873
1994-07-12,6.2403,7.0250,7.1682,7.2845,7.5268
1994-07-13,6.2299,7.0129,7.1554,7.2711,7.5127
1994-07-14,6.0649,6.8345,6.9746,7.0889,7.3316
1994-07-15,6.0518,6.8303,6.9750,7.0934,7.3437
1994-07-18,6.0010,6.7781,6.9209,7.0374,7.2850
1994-07-19,5.9443,6.7145,6.8626,6.9847,7.2451
1994-07-20,6.0465,6.8209,6.9652,7.0834,7.3343
1994-07-21,6.1180,6.8717,7.0098,7.1223,7.3595
1994-07-22,6.1560,6.8995,7.0343,7.1440,7.3746
1994-07-25,6.1484,6.8830,7.0145,7.1212,7.3455
1994-07-26,6.1527,6.8870,7.0216,7.1312,7.3618
1994-07-27,6.2073,6.9525,7.0849,7.1921,7.4161
1994-07-28,6.2086,6.9526,7.0853,7.1929,7.4179
1994-07-29,6.0061,6.7110,6.8494,6.9636,7.2049
1994-08-01,6.0277,6.7345,6.8672,6.9762,7.2074
1994-08-02,5.9740,6.7033,6.8362,6.9447,7.1756
1994-08-03,5.9668,6.6907,6.8260,6.9370,7.1724
1994-08-04,5.9739,6.7095,6.8479,6.9615,7.2016
1994-08-05,6.2164,6.9039,7.0258,7.1254,7.3384
1994-08-08,6.2271,6.9127,7.0362,7.1369,7.3501
1994-08-09,6.2576,6.9533,7.0800,7.1832,7.3998
1994-08-10,6.2374,6.9387,7.0669,7.1716,7.3929
1994-08-11,6.2672,6.9856,7.1158,7.2222,7.4477
1994-08-12,6.2699,6.9872,7.1231,7.2347,7.4691
1994-08-15,6.2596,6.9429,7.0660,7.1671,7.3851
1994-08-16,6.2126,6.8415,6.9585,7.0556,7.2680
1994-08-17,6.1573,6.8037,6.9218,7.0196,7.2344
1994-08-18,6.2333,6.9281,7.0504,7.1502,7.3649
1994-08-19,6.2343,6.9120,7.0324,7.1314,7.3475
1994-08-22,6.2593,6.9541,7.0762,7.1764,7.3950
1994-08-23,6.2372,6.9307,7.0537,7.1550,7.3766
1994-08-24,6.1591,6.8453,6.9703,7.0736,7.2998
1994-08-25,6.2073,6.9103,7.0389,7.1453,7.3775
1994-08-26,6.1769,6.8620,6.9871,7.0907,7.3183
1994-08-29,6.1696,6.8580,6.9832,7.0871,7.3158
1994-08-30,6.1408,6.8247,6.9489,7.0518,7.2789
1994-08-31,6.1256,6.7990,6.9239,7.0280,7.2581
1994-09-01,6.1163,6.8019,6.9273,7.0310,7.2594
1994-09-02,6.1296,6.8148,6.9412,7.0465,7.2807
1994-09-06,6.1835,6.8783,7.0061,7.1121,7.3466
1994-09-07,6.1907,6.9017,7.0320,7.1400,7.3776
1994-09-08,6.1862,6.9030,7.0340,7.1422,7.3797
1994-09-09,6.3165,7.0477,7.1819,7.2927,7.5342
1994-09-12,6.3310,7.0658,7.1981,7.3070,7.5436
1994-09-13,6.3154,7.0476,7.1807,7.2904,7.5290
1994-09-14,6.2913,7.0192,7.1515,7.2605,7.4979
1994-09-15,6.2554,6.9732,7.1056,7.2151,7.4549
1994-09-16,6.3816,7.1214,7.2583,7.3711,7.6150
1994-09-19,6.3628,7.0993,7.2343,7.3452,7.5841
1994-09-20,6.4110,7.1433,7.2785,7.3896,7.6275
1994-09-21,6.4745,7.1842,7.3065,7.4109,7.6558
1994-09-22,6.4749,7.1764,7.3002,7.4058,7.6519
1994-09-23,6.4963,7.1938,7.3160,7.4200,7.6628
1994-09-26,6.5035,7.2012,7.3219,7.4240,7.6618
1994-09-27,6.5027,7.2224,7.3459,7.4497,7.6933
1994-09-28,6.4951,7.2038,7.3247,7.4273,7.6707
1994-09-29,6.5785,7.2784,7.3942,7.4921,7.7254
1994-09-30,6.5934,7.2747,7.3836,7.4759,7.6987
1994-10-03,6.6601,7.3375,7.4358,7.5173,7.7172
1994-10-04,6.6800,7.3590,7.4635,7.5513,7.7644
1994-10-05,6.7197,7.4159,7.5251,7.6164,7.8342
1994-10-06,6.7245,7.4203,7.5289,7.6192,7.8338
1994-10-11,6.6277,7.2930,7.3970,7.4848,7.7024
1994-10-12,6.6729,7.3358,7.4381,7.5250,7.7409
1994-10-13,6.6362,7.2915,7.3928,7.4791,7.6945
1994-10-14,6.5878,7.2505,7.3570,7.4484,7.6747
1994-10-17,6.6020,7.2656,7.3750,7.4684,7.6936
1994-10-18,6.6074,7.2732,7.3826,7.4760,7.7023
1994-10-19,6.6726,7.3238,7.4328,7.5271,7.7537
1994-10-20,6.7797,7.4535,7.5702,7.6649,7.8661
1994-10-21,6.7946,7.4507,7.5649,7.6578,7.8555
1994-10-24,6.8468,7.5111,7.6221,7.7114,7.9006
1994-10-25,6.8592,7.5308,7.6427,7.7324,7.9209
1994-10-26,6.8682,7.5310,7.6479,7.7426,7.9421
1994-10-27,6.8598,7.5345,7.6500,7.7429,7.9365
1994-10-28,6.8145,7.4706,7.5856,7.6784,7.8707
1994-10-31,6.8114,7.4745,7.5839,7.6713,7.8531
1994-11-01,6.9059,7.5801,7.6888,7.7751,7.9536
1994-11-02,6.9541,7.6216,7.7291,7.8143,7.9900
1994-11-03,6.9716,7.6393,7.7438,7.8262,7.9966
1994-11-04,7.0599,7.7170,7.8200,7.9012,8.0684
1994-11-07,7.0694,7.7273,7.8308,7.9122,8.0785
1994-11-08,7.0457,7.6849,7.7904,7.8744,8.0460
1994-11-09,7.0173,7.6391,7.7390,7.8186,7.9840
1994-11-10,7.0677,7.6957,7.7908,7.8656,8.0213
1994-11-14,7.0725,7.6700,7.7661,7.8426,8.0008
1994-11-15,7.1205,7.6754,7.7583,7.8234,7.9583
1994-11-16,7.1582,7.7239,7.8142,7.8858,8.0331
1994-11-17,7.2151,7.7826,7.8693,7.9374,8.0769
1994-11-18,7.2429,7.7943,7.8723,7.9326,8.0560
1994-11-21,7.2777,7.8185,7.8944,7.9530,8.0725
1994-11-22,7.2791,7.8022,7.8750,7.9312,8.0460
1994-11-23,7.1560,7.6393,7.7059,7.7575,7.8649
1994-11-25,7.1815,7.6508,7.7137,7.7620,7.8614
1994-11-28,7.3339,7.7454,7.7821,7.8143,7.9091
1994-11-29,7.4419,7.8370,7.8780,7.9123,7.9969
1994-11-30,7.4265,7.7865,7.8329,7.8688,7.9444
1994-12-01,7.4605,7.8067,7.8556,7.8942,7.9756
1994-12-02,7.4700,7.7326,7.7701,7.8003,7.8675
1994-12-05,7.5669,7.7978,7.8303,7.8561,7.9125
1994-12-06,7.4642,7.6905,7.7230,7.7490,7.8065
1994-12-07,7.5133,7.7625,7.7974,7.8250,7.8847
1994-12-08,7.5616,7.7935,7.8234,7.8465,7.8940
1994-12-09,7.5822,7.7730,7.7986,7.8191,7.8641
1994-12-12,7.6989,7.8575,7.8771,7.8934,7.9315
1994-12-13,7.7706,7.8686,7.8778,7.8861,7.9074
1994-12-14,7.6334,7.7909,7.8141,7.8331,7.8763
1994-12-15,7.5766,7.7846,7.8138,7.8368,7.8855
1994-12-16,7.6176,7.8144,7.8391,7.8579,7.8959
1994-12-19,7.6186,7.8172,7.8407,7.8579,7.8910
1994-12-20,7.5881,7.8011,7.8277,7.8478,7.8882
1994-12-21,7.5819,7.7859,7.8125,7.8330,7.8746
1994-12-22,7.7087,7.8564,7.8594,7.8612,7.8728
1994-12-23,7.7455,7.8686,7.8659,7.8625,7.8618
1994-12-27,7.6817,7.7935,7.7894,7.7851,7.7825
1994-12-28,7.7018,7.8382,7.8467,7.8529,7.8695
1994-12-29,7.6948,7.8640,7.8803,7.8920,7.9153
1994-12-30,7.6894,7.8706,7.8915,7.9071,7.9379
1995-01-03,7.7092,7.9239,7.9475,7.9642,7.9940
1995-01-04,7.6341,7.8485,7.8721,7.8889,7.9186
1995-01-05,7.6800,7.9069,7.9318,7.9495,7.9810
1995-01-06,7.6710,7.8936,7.9182,7.9356,7.9665
1995-01-09,7.6914,7.9226,7.9481,7.9661,7.9981
1995-01-10,7.6449,7.8768,7.9024,7.9205,7.9526
1995-01-11,7.5921,7.8403,7.8676,7.8870,7.9214
1995-01-12,7.5917,7.8561,7.8852,7.9058,7.9424
1995-01-13,7.4298,7.6674,7.6943,7.7172,7.7760
1995-01-17,7.4654,7.7357,7.7655,7.7866,7.8242
1995-01-18,7.4994,7.7511,7.7788,7.7985,7.8335
1995-01-19,7.5190,7.7804,7.8092,7.8296,7.8658
1995-01-20,7.5483,7.8108,7.8347,7.8526,7.8941
1995-01-23,7.5376,7.8441,7.8780,7.9020,7.9447
1995-01-24,7.5663,7.8662,7.8993,7.9228,7.9644
1995-01-25,7.4845,7.7650,7.7962,7.8207,7.8754
1995-01-26,7.4120,7.7090,7.7434,7.7702,7.8285
1995-01-27,7.3177,7.6089,7.6435,7.6704,7.7283
1995-01-30,7.2606,7.5684,7.6075,7.6391,7.7114
1995-01-31,7.2742,7.5504,7.5835,7.6103,7.6727
1995-02-01,7.3322,7.5933,7.6254,7.6536,7.7230
1995-02-02,7.4128,7.6420,7.6668,7.6876,7.7388
1995-02-03,7.1804,7.4186,7.4478,7.4746,7.5469
1995-02-06,7.2065,7.4633,7.4908,7.5136,7.5720
1995-02-07,7.2135,7.4547,7.4812,7.5066,7.5794
1995-02-08,7.1886,7.4511,7.4810,7.5090,7.5866
1995-02-09,7.2379,7.5139,7.5362,7.5572,7.6230
1995-02-10,7.3159,7.5693,7.5948,7.6190,7.6856
1995-02-13,7.3087,7.5578,7.5812,7.6041,7.6713
1995-02-14,7.2153,7.4585,7.4886,7.5178,7.5977
1995-02-16,7.0394,7.3098,7.3511,7.3909,7.4991
1995-02-17,7.0580,7.3383,7.3752,7.4105,7.5099
1995-02-21,7.0794,7.3498,7.3858,7.4213,7.5247
1995-02-22,6.9041,7.2078,7.2643,7.3160,7.4448
1995-02-23,6.8802,7.2022,7.2590,7.3116,7.4469
1995-02-24,6.8844,7.1799,7.2416,7.2992,7.4418
1995-02-27,6.7742,7.0740,7.1396,7.2015,7.3580
1995-02-28,6.7839,7.0820,7.1396,7.1938,7.3343
1995-03-01,6.7906,7.0828,7.1374,7.1887,7.3242
1995-03-02,6.8589,7.1562,7.2076,7.2558,7.3846
1995-03-03,6.8910,7.2094,7.2703,7.3258,7.4635
1995-03-06,6.9721,7.2547,7.3103,7.3632,7.4997
1995-03-07,6.9899,7.2787,7.3339,7.3871,7.5285
1995-03-08,6.9269,7.2063,7.2592,7.3097,7.4451
1995-03-09,6.8400,7.1250,7.1826,7.2376,7.3852
1995-03-10,6.8364,7.0734,7.1192,7.1658,7.3025
1995-03-13,6.7574,7.0192,7.0716,7.1233,7.2706
1995-03-14,6.6822,6.9379,6.9860,7.0323,7.1655
1995-03-15,6.6965,6.9409,6.9910,7.0407,7.1835
1995-03-16,6.6531,6.9060,6.9592,7.0112,7.1577
1995-03-17,6.6844,6.9752,7.0323,7.0851,7.2239
1995-03-21,6.7074,7.0130,7.0750,7.1328,7.2854
1995-03-22,6.7409,7.0533,7.1188,7.1793,7.3325
1995-03-23,6.7412,7.0567,7.1190,7.1768,7.3280
1995-03-24,6.6486,6.9381,7.0039,7.0662,7.2277
1995-03-27,6.6166,6.9044,6.9630,7.0180,7.1660
1995-03-28,6.7097,7.0114,7.0673,7.1191,7.2583
1995-03-29,6.7083,7.0176,7.0757,7.1289,7.2665
1995-03-30,6.7488,7.0485,7.1064,7.1604,7.3012
1995-03-31,6.8004,7.0850,7.1411,7.1935,7.3277
1995-04-03,6.7512,7.0081,7.0577,7.1079,7.2586
1995-04-04,6.6979,6.9630,7.0118,7.0608,7.2132
1995-04-05,6.6903,6.9675,7.0189,7.0699,7.2254
1995-04-06,6.6496,6.9265,6.9803,7.0344,7.2001
1995-04-07,6.6330,6.9324,6.9921,7.0505,7.2226
1995-04-10,6.6491,6.9496,7.0064,7.0611,7.2232
1995-04-11,6.6264,6.9220,6.9780,7.0325,7.1958
1995-04-12,6.5985,6.8981,6.9550,7.0095,7.1707
1995-04-13,6.5088,6.8209,6.8854,6.9470,7.1240
1995-04-17,6.4679,6.7993,6.8727,6.9415,7.1324
1995-04-18,6.4280,6.7763,6.8601,6.9389,7.1523
1995-04-19,6.4796,6.8129,6.8865,6.9559,7.1486
1995-04-20,6.4248,6.7640,6.8421,6.9148,7.1118
1995-04-21,6.4311,6.7642,6.8396,6.9102,7.1033
1995-04-24,6.4587,6.7681,6.8359,6.8999,7.0798
1995-04-25,6.4775,6.7843,6.8504,6.9131,7.0918
1995-04-26,6.4949,6.7970,6.8605,6.9205,7.0918
1995-04-27,6.5468,6.8375,6.8945,6.9493,7.1124
1995-04-28,6.5935,6.8815,6.9343,6.9851,7.1387
1995-05-01,6.6032,6.8982,6.9508,7.0008,7.1508
1995-05-02,6.5398,6.8344,6.8921,6.9482,7.1157
1995-05-03,6.4237,6.7360,6.7986,6.8572,7.0243
1995-05-04,6.3487,6.6323,6.6891,6.7437,6.9065
1995-05-05,6.1686,6.4323,6.4983,6.5624,6.7469
1995-05-08,6.1798,6.4471,6.5162,6.5824,6.7668
1995-05-09,6.0922,6.3415,6.4135,6.4831,6.6754
1995-05-10,6.1264,6.4027,6.4784,6.5492,6.7357
1995-05-11,6.1830,6.4626,6.5285,6.5891,6.7514
1995-05-12,6.2076,6.4673,6.5337,6.5957,6.7630
1995-05-15,6.1619,6.4159,6.4808,6.5418,6.7075
1995-05-16,6.1315,6.3627,6.4222,6.4786,6.6350
1995-05-17,6.1171,6.3507,6.4117,6.4690,6.6252
1995-05-18,6.1894,6.4329,6.4927,6.5482,6.6990
1995-05-19,6.1918,6.4305,6.4893,6.5445,6.6959
1995-05-22,6.2172,6.4537,6.5110,6.5648,6.7134
1995-05-23,6.1439,6.3769,6.4390,6.4976,6.6571
1995-05-24,6.0187,6.2317,6.2916,6.3496,6.5134
1995-05-25,5.9911,6.1888,6.2566,6.3229,6.5044
1995-05-26,5.9800,6.1892,6.2597,6.3283,6.5145
1995-05-30,5.9057,6.0897,6.1587,6.2277,6.4204
1995-05-31,5.8967,6.0839,6.1551,6.2263,6.4245
1995-06-01,5.7244,5.9531,6.0355,6.1133,6.3141
1995-06-02,5.5560,5.8308,5.9179,5.9988,6.2050
1995-06-05,5.5620,5.8175,5.9048,5.9865,6.1960
1995-06-06,5.6026,5.8466,5.9306,6.0095,6.2120
1995-06-07,5.7599,5.9821,6.0525,6.1181,6.2862
1995-06-08,5.8484,6.0519,6.1169,6.1778,6.3354
1995-06-09,6.0361,6.2236,6.2793,6.3343,6.4923
1995-06-12,5.9896,6.1811,6.2476,6.3130,6.4926
1995-06-13,5.6734,5.9122,5.9942,6.0712,6.2686
1995-06-14,5.6914,5.9196,5.9990,6.0742,6.2695
1995-06-15,5.7451,5.9711,6.0455,6.1158,6.3001
1995-06-16,5.7840,6.0031,6.0782,6.1493,6.3343
1995-06-19,5.6820,5.9117,5.9889,6.0617,6.2516
1995-06-20,5.7343,5.9544,6.0285,6.0984,6.2801
1995-06-21,5.7240,5.9125,5.9848,6.0573,6.2591
1995-06-22,5.6364,5.8317,5.9049,5.9754,6.1617
1995-06-23,5.6567,5.8590,5.9340,6.0058,6.1946
1995-06-26,5.7331,5.9126,5.9805,6.0488,6.2422
1995-06-27,5.7663,5.9530,6.0204,6.0875,6.2752
1995-06-28,5.7357,5.9165,5.9824,6.0483,6.2335
1995-06-29,5.9111,6.0975,6.1542,6.2122,6.3869
1995-06-30,5.8409,6.0159,6.0767,6.1401,6.3323
1995-07-03,5.8340,6.0093,6.0703,6.1342,6.3286
1995-07-05,5.8153,5.9875,6.0488,6.1128,6.3057
1995-07-06,5.6075,5.8061,5.8836,5.9616,6.1804
1995-07-07,5.5645,5.7935,5.8741,5.9508,6.1521
1995-07-10,5.6008,5.7888,5.8619,5.9359,6.1465
1995-07-11,5.6479,5.8407,5.9149,5.9896,6.2013
1995-07-12,5.6461,5.8470,5.9217,5.9962,6.2050
1995-07-13,5.6491,5.8484,5.9237,5.9989,6.2092
1995-07-14,5.7311,5.9336,6.0045,6.0744,6.2676
1995-07-17,5.7862,6.0126,6.0855,6.1558,6.3457
1995-07-18,5.8053,6.0489,6.1239,6.1963,6.3949
1995-07-19,5.9166,6.1989,6.2778,6.3528,6.5559
1995-07-20,5.9324,6.2059,6.2803,6.3513,6.5465
1995-07-21,5.9927,6.3049,6.3807,6.4511,6.6408
1995-07-24,5.9865,6.2535,6.3205,6.3845,6.5650
1995-07-25,5.9745,6.2387,6.3043,6.3667,6.5414
1995-07-26,6.0018,6.2955,6.3665,6.4320,6.6069
1995-07-27,5.9232,6.2274,6.3044,6.3748,6.5569
1995-07-28,5.9588,6.2785,6.3538,6.4225,6.6029
1995-07-31,5.9127,6.2227,6.3001,6.3711,6.5571
1995-08-01,5.9645,6.2746,6.3523,6.4238,6.6125
1995-08-02,5.8985,6.2028,6.2814,6.3543,6.5469
1995-08-03,5.9717,6.2940,6.3733,6.4454,6.6309
1995-08-04,5.9370,6.2583,6.3380,6.4106,6.5977
1995-08-07,5.9138,6.2342,6.3162,6.3911,6.5837
1995-08-08,5.9176,6.2278,6.3083,6.3822,6.5743
1995-08-09,5.9366,6.2530,6.3330,6.4067,6.5999
1995-08-10,5.9653,6.2947,6.3757,6.4497,6.6419
1995-08-11,6.0751,6.4087,6.4837,6.5518,6.7324
1995-08-14,6.0771,6.3963,6.4684,6.5362,6.7248
1995-08-15,6.1110,6.4004,6.4640,6.5243,6.6955
1995-08-16,6.0858,6.3636,6.4266,6.4868,6.6593
1995-08-17,6.1392,6.4087,6.4666,6.5228,6.6888
1995-08-18,6.1282,6.4046,6.4659,6.5243,6.6909
1995-08-21,6.0717,6.3538,6.4185,6.4796,6.6502
1995-08-22,6.1011,6.3954,6.4615,6.5231,6.6920
1995-08-23,6.1195,6.4121,6.4764,6.5368,6.7057
1995-08-24,6.0051,6.3029,6.3724,6.4371,6.6136
1995-08-25,5.9147,6.1736,6.2370,6.2982,6.4738
1995-08-28,5.8549,6.1417,6.2182,6.2889,6.4726
1995-08-29,5.9256,6.1850,6.2518,6.3146,6.4856
1995-08-30,5.8785,6.1408,6.2082,6.2724,6.4509
1995-08-31,5.8531,6.1027,6.1667,6.2281,6.4013
1995-09-01,5.7930,6.0307,6.0945,6.1568,6.3352
1995-09-05,5.7767,6.0019,6.0654,6.1271,6.3025
1995-09-06,5.7635,5.9824,6.0488,6.1141,6.2992
1995-09-07,5.8088,6.0308,6.0954,6.1584,6.3367
1995-09-08,5.8377,6.0648,6.1278,6.1883,6.3565
1995-09-11,5.8451,6.0774,6.1397,6.1994,6.3661
1995-09-12,5.7777,5.9975,6.0599,6.1203,6.2899
1995-09-13,5.8127,6.0318,6.0938,6.1541,6.3245
1995-09-14,5.6854,5.9061,5.9776,6.0470,6.2368
1995-09-15,5.7268,5.9481,6.0167,6.0830,6.2640
1995-09-18,5.7799,6.0209,6.0924,6.1603,6.3412
1995-09-19,5.7574,5.9887,6.0529,6.1151,6.2908
1995-09-20,5.7422,5.9598,6.0225,6.0837,6.2568
1995-09-21,5.8229,6.0636,6.1266,6.1866,6.3537
1995-09-22,5.8565,6.0939,6.1543,6.2133,6.3843
1995-09-25,5.8843,6.1094,6.1668,6.2233,6.3893
1995-09-26,5.9066,6.1292,6.1878,6.2448,6.4088
1995-09-27,5.9451,6.1723,6.2291,6.2851,6.4496
1995-09-28,5.9410,6.1421,6.1936,6.2457,6.4054
1995-09-29,5.8730,6.0356,6.0802,6.1280,6.2839
1995-10-02,5.8455,6.0245,6.0754,6.1277,6.2882
1995-10-03,5.8245,5.9946,6.0439,6.0947,6.2521
1995-10-04,5.7797,5.9545,6.0087,6.0636,6.2273
1995-10-05,5.7551,5.9256,5.9801,6.0356,6.2009
1995-10-06,5.7584,5.9222,5.9734,6.0259,6.1857
1995-10-10,5.7576,5.9294,5.9820,6.0349,6.1915
1995-10-11,5.7710,5.9435,5.9966,6.0491,6.2004
1995-10-12,5.7495,5.9156,5.9667,6.0177,6.1675
1995-10-13,5.6974,5.8237,5.8667,5.9115,6.0520
1995-10-16,5.6963,5.8254,5.8730,5.9224,6.0719
1995-10-17,5.6760,5.8131,5.8604,5.9090,6.0558
1995-10-18,5.6987,5.8446,5.8916,5.9394,6.0830
1995-10-19,5.6956,5.8342,5.8812,5.9293,6.0742
1995-10-20,5.7404,5.9053,5.9569,6.0071,6.1470
1995-10-23,5.7724,5.9343,5.9804,6.0262,6.1618
1995-10-24,5.7347,5.8732,5.9151,5.9581,6.0909
1995-10-25,5.6840,5.8353,5.8865,5.9376,6.0843
1995-10-26,5.6555,5.8465,5.9093,5.9705,6.1390
1995-10-27,5.6820,5.8574,5.9115,5.9647,6.1161
1995-10-30,5.6621,5.8385,5.8995,5.9596,6.1266
1995-10-31,5.6686,5.8420,5.9006,5.9580,6.1156
1995-11-01,5.5687,5.7679,5.8354,5.8989,6.0622
1995-11-02,5.5208,5.7151,5.7806,5.8424,6.0032
1995-11-03,5.5224,5.7285,5.7947,5.8568,6.0179
1995-11-06,5.5471,5.7610,5.8253,5.8851,6.0395
1995-11-07,5.5801,5.7962,5.8596,5.9182,6.0685
1995-11-08,5.5230,5.7209,5.7842,5.8437,5.9981
1995-11-09,5.5337,5.7566,5.8254,5.8894,6.0520
1995-11-10,5.5702,5.7959,5.8656,5.9302,6.0942
1995-11-13,5.5387,5.7604,5.8297,5.8939,6.0564
1995-11-14,5.5260,5.7450,5.8156,5.8816,6.0503
1995-11-15,5.5594,5.7856,5.8551,5.9196,6.0827
1995-11-16,5.5129,5.7189,5.7849,5.8468,6.0074
1995-11-17,5.5072,5.7084,5.7756,5.8390,6.0044
1995-11-20,5.4904,5.7034,5.7737,5.8397,6.0105
1995-11-21,5.5167,5.7379,5.8093,5.8760,6.0475
1995-11-22,5.5221,5.7502,5.8209,5.8867,6.0554
1995-11-24,5.5124,5.7366,5.8074,5.8733,6.0416
1995-11-27,5.4912,5.7032,5.7719,5.8363,6.0017
1995-11-28,5.4971,5.7041,5.7715,5.8347,5.9990
1995-11-29,5.4729,5.6716,5.7383,5.8013,5.9668
1995-11-30,5.4021,5.5728,5.6414,5.7076,5.8823
1995-12-01,5.3705,5.5382,5.6052,5.6698,5.8409
1995-12-04,5.3332,5.4601,5.5217,5.5830,5.7507
1995-12-05,5.3388,5.4910,5.5519,5.6110,5.7704
1995-12-06,5.3562,5.5212,5.5797,5.6357,5.7855
1995-12-07,5.3811,5.5582,5.6190,5.6767,5.8293
1995-12-08,5.4316,5.5922,5.6497,5.7046,5.8494
1995-12-11,5.4000,5.5585,5.6166,5.6723,5.8198
1995-12-12,5.4149,5.5782,5.6359,5.6908,5.8354
1995-12-13,5.4216,5.5842,5.6423,5.6977,5.8441
1995-12-14,5.4066,5.5739,5.6365,5.6964,5.8533
1995-12-15,5.3824,5.5706,5.6360,5.6978,5.8583
1995-12-18,5.4653,5.6767,5.7441,5.8070,5.9684
1995-12-19,5.3945,5.6034,5.6726,5.7376,5.9051
1995-12-20,5.3605,5.5700,5.6370,5.6999,5.8636
1995-12-21,5.3746,5.5817,5.6479,5.7100,5.8719
1995-12-22,5.3431,5.5355,5.5990,5.6590,5.8164
1995-12-26,5.3128,5.5155,5.5829,5.6462,5.8095
1995-12-27,5.2860,5.4805,5.5487,5.6130,5.7787
1995-12-28,5.2491,5.4522,5.5201,5.5838,5.7484
1995-12-29,5.2137,5.4093,5.4757,5.5384,5.7023
1996-01-02,5.2312,5.4141,5.4811,5.5449,5.7122
1996-01-03,5.2113,5.3738,5.4432,5.5124,5.7009
1996-01-04,5.2160,5.4240,5.5002,5.5725,5.7586
1996-01-05,5.2386,5.4563,5.5342,5.6077,5.7948
1996-01-08,5.2311,5.4497,5.5254,5.5964,5.7777
1996-01-09,5.2206,5.4539,5.5329,5.6068,5.7947
1996-01-10,5.2667,5.5432,5.6285,5.7070,5.9024
1996-01-11,5.2526,5.5195,5.6053,5.6848,5.8845
1996-01-12,5.1992,5.4770,5.5691,5.6544,5.8683
1996-01-16,5.1255,5.4072,5.4973,5.5806,5.7899
1996-01-17,5.0823,5.3330,5.4176,5.4968,5.6988
1996-01-18,5.0439,5.2966,5.3816,5.4613,5.6657
1996-01-19,5.0615,5.3086,5.3921,5.4702,5.6699
1996-01-22,5.0996,5.3636,5.4510,5.5324,5.7384
1996-01-23,5.1190,5.4031,5.4938,5.5774,5.7867
1996-01-24,5.0943,5.3580,5.4460,5.5278,5.7338
1996-01-25,5.1389,5.4491,5.5385,5.6198,5.8213
1996-01-26,5.1052,5.4043,5.4925,5.5727,5.7709
1996-01-29,5.1013,5.4022,5.4958,5.5817,5.7947
1996-01-30,5.0555,5.3570,5.4502,5.5356,5.7466
1996-01-31,4.9888,5.2980,5.3983,5.4901,5.7165
1996-02-01,4.9573,5.2830,5.3883,5.4854,5.7268
1996-02-02,4.9312,5.2968,5.4109,5.5152,5.7718
1996-02-05,4.9735,5.3536,5.4645,5.5641,5.8049
1996-02-06,4.9641,5.3211,5.4297,5.5288,5.7731
1996-02-07,4.9445,5.3211,5.4349,5.5382,5.7900
1996-02-08,4.9384,5.3140,5.4293,5.5342,5.7910
1996-02-09,4.9066,5.2839,5.4044,5.5145,5.7834
1996-02-12,4.8613,5.2200,5.3403,5.4509,5.7220
1996-02-13,4.8240,5.1787,5.3030,5.4172,5.6957
1996-02-14,4.8373,5.2068,5.3342,5.4514,5.7374
1996-02-15,4.8733,5.2848,5.4141,5.5316,5.8160
1996-02-16,4.9029,5.3218,5.4546,5.5758,5.8697
1996-02-20,5.2034,5.5937,5.7140,5.8253,6.0993
1996-02-21,5.2217,5.5885,5.7105,5.8237,6.1014
1996-02-22,5.1336,5.5128,5.6399,5.7578,6.0466
1996-02-23,5.1666,5.5672,5.6953,5.8138,6.1050
1996-02-26,5.2084,5.6104,5.7378,5.8551,6.1419
1996-02-27,5.3044,5.6821,5.7955,5.9016,6.1727
1996-02-28,5.3801,5.7652,5.8706,5.9680,6.2160
1996-02-29,5.4239,5.7993,5.8995,5.9919,6.2280
1996-03-01,5.2941,5.6512,5.7566,5.8556,6.1107
1996-03-04,5.2283,5.5714,5.6796,5.7825,6.0495
1996-03-05,5.2908,5.6482,5.7517,5.8484,6.0982
1996-03-06,5.3675,5.7281,5.8298,5.9259,6.1767
1996-03-07,5.4128,5.7780,5.8760,5.9670,6.2025
1996-03-08,5.7214,6.1089,6.2021,6.2891,6.5155
1996-03-11,5.7287,6.0704,6.1604,6.2461,6.4682
1996-03-12,5.7703,6.1203,6.2046,6.2846,6.4964
1996-03-13,5.7513,6.1104,6.2010,6.2870,6.5119
1996-03-14,5.7468,6.1089,6.2041,6.2947,6.5287
1996-03-15,5.8875,6.2428,6.3158,6.3863,6.5856
1996-03-18,5.8773,6.2283,6.2992,6.3662,6.5538
1996-03-19,5.8654,6.1985,6.2709,6.3417,6.5443
1996-03-20,5.7693,6.1012,6.1871,6.2703,6.4928
1996-03-21,5.7544,6.0589,6.1432,6.2262,6.4498
1996-03-22,5.7601,6.1060,6.1868,6.2640,6.4748
1996-03-25,5.7180,6.0462,6.1234,6.1974,6.4026
1996-03-26,5.7193,6.0504,6.1238,6.1936,6.3906
1996-03-27,5.8169,6.1588,6.2265,6.2920,6.4859
1996-03-28,5.8677,6.2373,6.3075,6.3736,6.5633
1996-03-29,5.8070,6.1425,6.2175,6.2909,6.4995
1996-04-01,5.8004,6.1335,6.2029,6.2698,6.4648
1996-04-02,5.7629,6.0733,6.1429,6.2115,6.4135
1996-04-03,5.7919,6.1070,6.1738,6.2394,6.4345
1996-04-04,5.8317,6.1680,6.2377,6.3060,6.5023
1996-04-05,6.0918,6.4296,6.4942,6.5569,6.7339
1996-04-08,6.1206,6.4762,6.5381,6.5986,6.7789
1996-04-09,6.0831,6.4184,6.4841,6.5495,6.7397
1996-04-10,6.0953,6.4733,6.5441,6.6118,6.8019
1996-04-11,6.1358,6.5311,6.5991,6.6636,6.8476
1996-04-12,6.0236,6.3361,6.4282,6.5132,6.7184
1996-04-15,5.9384,6.2911,6.3721,6.4507,6.6645
1996-04-16,5.9379,6.3000,6.3780,6.4527,6.6562
1996-04-17,5.9696,6.3410,6.4190,6.4935,6.6953
1996-04-18,6.0092,6.4006,6.4749,6.5445,6.7347
1996-04-19,5.9598,6.3419,6.4246,6.5028,6.7095
1996-04-22,5.9071,6.2936,6.3711,6.4432,6.6374
1996-04-23,5.9383,6.3223,6.3950,6.4635,6.6560
1996-04-24,5.9626,6.3694,6.4412,6.5072,6.6922
1996-04-25,5.9710,6.3550,6.4231,6.4882,6.6787
1996-04-26,5.9319,6.3226,6.3963,6.4644,6.6522
1996-04-29,5.9929,6.3697,6.4421,6.5108,6.7022
1996-04-30,6.0498,6.4330,6.5065,6.5760,6.7678
1996-05-01,6.0544,6.4297,6.5096,6.5861,6.7914
1996-05-02,6.1776,6.5957,6.6780,6.7541,6.9506
1996-05-03,6.1985,6.6422,6.7286,6.8084,7.0148
1996-05-06,6.1689,6.6053,6.6921,6.7724,6.9793
1996-05-07,6.1787,6.6304,6.7182,6.7982,7.0009
1996-05-08,6.1912,6.5900,6.6694,6.7434,6.9349
1996-05-09,6.1658,6.6002,6.6847,6.7614,6.9541
1996-05-10,6.0909,6.5091,6.5923,6.6682,6.8607
1996-05-13,6.0670,6.4941,6.5694,6.6370,6.8158
1996-05-14,6.0190,6.4199,6.4982,6.5706,6.7628
1996-05-15,6.0209,6.3997,6.4769,6.5502,6.7488
1996-05-16,6.0719,6.4731,6.5476,6.6172,6.8065
1996-05-17,6.0591,6.4397,6.5091,6.5747,6.7566
1996-05-20,6.0094,6.3944,6.4691,6.5390,6.7286
1996-05-21,6.0224,6.4258,6.5001,6.5687,6.7557
1996-05-22,6.0237,6.4003,6.4720,6.5395,6.7233
1996-05-23,6.0350,6.4550,6.5295,6.5964,6.7734
1996-05-24,6.0398,6.4319,6.5017,6.5659,6.7401
1996-05-28,6.0463,6.4466,6.5150,6.5769,6.7451
1996-05-29,6.1411,6.5519,6.6165,6.6746,6.8350
1996-05-30,6.1897,6.5651,6.6270,6.6847,6.8434
1996-05-31,6.2370,6.6523,6.7153,6.7724,6.9289
1996-06-03,6.2885,6.6728,6.7337,6.7911,6.9506
1996-06-04,6.2581,6.6477,6.7117,6.7713,6.9347
1996-06-05,6.2567,6.6257,6.6833,6.7378,6.8928
1996-06-06,6.1685,6.5403,6.6066,6.6684,6.8350
1996-06-07,6.3870,6.7554,6.8090,6.8594,7.0005
1996-06-10,6.3867,6.7644,6.8240,6.8801,7.0366
1996-06-11,6.3855,6.7843,6.8517,6.9142,7.0801
1996-06-12,6.3900,6.8125,6.8881,6.9562,7.1260
1996-06-13,6.3876,6.8082,6.8782,6.9409,7.0998
1996-06-14,6.3472,6.7390,6.8066,6.8685,7.0293
1996-06-17,6.2970,6.6873,6.7585,6.8230,6.9858
1996-06-18,6.2862,6.7132,6.7870,6.8520,7.0128
1996-06-19,6.3448,6.7672,6.8321,6.8900,7.0410
1996-06-20,6.3800,6.7762,6.8371,6.8927,7.0419
1996-06-21,6.3480,6.7354,6.8036,6.8661,7.0266
1996-06-24,6.3413,6.7300,6.7955,6.8550,7.0090
1996-06-25,6.3180,6.6921,6.7527,6.8091,6.9633
1996-06-26,6.3199,6.6916,6.7503,6.8047,6.9543
1996-06-27,6.2486,6.6035,6.6654,6.7236,6.8832
1996-06-28,6.1563,6.4869,6.5497,6.6103,6.7785
1996-07-01,6.1688,6.5054,6.5619,6.6158,6.7693
1996-07-02,6.2438,6.5706,6.6226,6.6719,6.8150
1996-07-03,6.2296,6.5400,6.5996,6.6574,6.8168
1996-07-05,6.4617,6.8250,6.8868,6.9440,7.0940
1996-07-08,6.4748,6.8339,6.8949,6.9514,7.1002
1996-07-09,6.4559,6.7959,6.8521,6.9054,7.0520
1996-07-10,6.3597,6.7164,6.7821,6.8428,7.0021
1996-07-11,6.3221,6.6764,6.7478,6.8127,6.9719
1996-07-12,6.3043,6.6527,6.7137,6.7705,6.9220
1996-07-15,6.3398,6.6778,6.7352,6.7899,6.9429
1996-07-16,6.2745,6.6028,6.6725,6.7382,6.9085
1996-07-17,6.2408,6.6077,6.6697,6.7266,6.8832
1996-07-18,6.1666,6.4908,6.5492,6.6046,6.7620
1996-07-19,6.1993,6.5449,6.6118,6.6739,6.8368
1996-07-22,6.2492,6.6134,6.6740,6.7292,6.8778
1996-07-23,6.2806,6.5834,6.6412,6.6970,6.8492
1996-07-24,6.2820,6.6379,6.6965,6.7511,6.9022
1996-07-25,6.2862,6.6273,6.6862,6.7419,6.8959
1996-07-26,6.2816,6.6190,6.6767,6.7314,6.8829
1996-07-29,6.3350,6.6852,6.7443,6.7993,6.9502
1996-07-30,6.3284,6.6625,6.7168,6.7678,6.9109
1996-07-31,6.2351,6.5733,6.6338,6.6892,6.8379
1996-08-01,6.1058,6.4150,6.4775,6.5364,6.6957
1996-08-02,5.9537,6.2600,6.3250,6.3867,6.5553
1996-08-05,5.9417,6.2844,6.3473,6.4043,6.5605
1996-08-06,5.9589,6.3118,6.3736,6.4289,6.5796
1996-08-07,5.9815,6.3191,6.3753,6.4270,6.5772
1996-08-08,5.9815,6.3184,6.3764,6.4304,6.5880
1996-08-09,5.9620,6.2586,6.3139,6.3684,6.5333
1996-08-12,5.9304,6.2513,6.3117,6.3692,6.5339
1996-08-13,5.9667,6.3311,6.3941,6.4514,6.6128
1996-08-14,5.9879,6.3366,6.3974,6.4542,6.6180
1996-08-15,6.0090,6.3721,6.4353,6.4939,6.6604
1996-08-16,5.9871,6.3108,6.3703,6.4282,6.5996
1996-08-19,5.9958,6.3469,6.4096,6.4683,6.6364
1996-08-20,5.9971,6.3479,6.4094,6.4669,6.6326
1996-08-21,6.0005,6.3600,6.4250,6.4860,6.6602
1996-08-22,6.0055,6.3762,6.4414,6.5020,6.6728
1996-08-23,6.0985,6.4843,6.5458,6.6022,6.7631
1996-08-27,6.1897,6.5535,6.6155,6.6746,6.8413
1996-08-28,6.1817,6.5535,6.6219,6.6863,6.8601
1996-08-29,6.2311,6.6178,6.6822,6.7426,6.9097
1996-08-30,6.3526,6.7296,6.7962,6.8585,7.0222
1996-09-03,6.3712,6.7087,6.7719,6.8308,6.9847
1996-09-04,6.3769,6.7343,6.7960,6.8535,7.0082
1996-09-05,6.4046,6.7541,6.8235,6.8881,7.0531
1996-09-06,6.3585,6.7200,6.7923,6.8588,7.0254
1996-09-09,6.3154,6.6821,6.7581,6.8234,6.9746
1996-09-10,6.3277,6.7128,6.7937,6.8632,7.0228
1996-09-11,6.3642,6.7292,6.8046,6.8695,7.0193
1996-09-12,6.2863,6.6616,6.7403,6.8080,6.9653
1996-09-13,6.1238,6.5118,6.5939,6.6647,6.8287
1996-09-16,6.1336,6.5097,6.5887,6.6570,6.8165
1996-09-17,6.2246,6.5991,6.6735,6.7373,6.8856
1996-09-18,6.2632,6.6247,6.6976,6.7602,6.9060
1996-09-19,6.2632,6.6248,6.6976,6.7602,6.9059
1996-09-20,6.2735,6.6428,6.7158,6.7783,6.9239
1996-09-23,6.2509,6.6147,6.6890,6.7529,6.9016
1996-09-24,6.1628,6.5317,6.6029,6.6692,6.8441
1996-09-25,6.1264,6.4647,6.5310,6.5947,6.7703
1996-09-26,6.0668,6.4180,6.4856,6.5492,6.7215
1996-09-27,6.0893,6.4432,6.5119,6.5770,6.7524
1996-09-30,6.1183,6.4918,6.5678,6.6333,6.7862
1996-10-01,6.0598,6.4169,6.4947,6.5624,6.7214
1996-10-02,6.0121,6.3701,6.4495,6.5188,6.6812
1996-10-03,6.0132,6.3722,6.4516,6.5208,6.6829
1996-10-04,5.8712,6.2288,6.3108,6.3827,6.5523
1996-10-07,5.8934,6.2743,6.3564,6.4277,6.5946
1996-10-08,5.9131,6.2872,6.3685,6.4391,6.6049
1996-10-09,5.9440,6.3377,6.4174,6.4859,6.6460
1996-10-10,6.0178,6.3948,6.4738,6.5422,6.7029
1996-10-11,5.9397,6.3067,6.3797,6.4470,6.6293
1996-10-15,5.9395,6.3106,6.3837,6.4513,6.6347
1996-10-16,5.9576,6.3284,6.4002,6.4654,6.6427
1996-10-17,5.8936,6.2651,6.3369,6.4018,6.5771
1996-10-18,5.8959,6.2607,6.3311,6.3943,6.5637
1996-10-21,5.9195,6.2826,6.3524,6.4150,6.5835
1996-10-22,5.9641,6.3222,6.3901,6.4522,6.6234
1996-10-23,5.9422,6.3169,6.3869,6.4489,6.6131
1996-10-24,5.9440,6.3219,6.3937,6.4578,6.6285
1996-10-25,5.9091,6.2925,6.3669,6.4320,6.5990
1996-10-28,5.9325,6.3062,6.3780,6.4415,6.6073
1996-10-29,5.7888,6.1427,6.2180,6.2851,6.4586
1996-10-30,5.7927,6.1469,6.2223,6.2892,6.4598
1996-10-31,5.7706,6.1193,6.1946,6.2614,6.4310
1996-11-01,5.7930,6.1299,6.2022,6.2674,6.4387
1996-11-04,5.7808,6.1126,6.1842,6.2487,6.4180
1996-11-05,5.7411,6.0480,6.1146,6.1755,6.3407
1996-11-06,5.7549,6.0624,6.1281,6.1885,6.3538
1996-11-07,5.7341,6.0182,6.0780,6.1334,6.2893
1996-11-08,5.7562,6.0529,6.1162,6.1739,6.3296
1996-11-12,5.7115,5.9908,6.0509,6.1061,6.2573
1996-11-13,5.7096,6.0000,6.0625,6.1194,6.2732
1996-11-14,5.7828,6.1456,6.2164,6.2799,6.4500
1996-11-15,5.6696,5.9680,6.0365,6.0986,6.2604
1996-11-18,5.6847,5.9798,6.0474,6.1089,6.2711
1996-11-19,5.6638,5.9523,6.0187,6.0790,6.2376
1996-11-20,5.6616,5.9277,5.9890,6.0460,6.2021
1996-11-21,5.6803,5.9402,5.9989,6.0539,6.2087
1996-11-22,5.6926,5.9444,6.0021,6.0575,6.2171
1996-11-25,5.6738,5.9252,5.9836,6.0396,6.2007
1996-11-26,5.6651,5.9189,5.9795,6.0377,6.2040
1996-11-27,5.6658,5.9246,5.9864,6.0456,6.2136
1996-11-29,5.6066,5.8424,5.9005,5.9573,6.1244
1996-12-02,5.6211,5.8592,5.9174,5.9741,6.1388
1996-12-03,5.6106,5.8423,5.8994,5.9557,6.1222
1996-12-04,5.6492,5.8980,5.9559,6.0125,6.1786
1996-12-05,5.7283,5.9876,6.0518,6.1155,6.2987
1996-12-06,5.7395,6.0261,6.0934,6.1578,6.3351
1996-12-09,5.7108,5.9738,6.0409,6.1067,6.2877
1996-12-10,5.7208,5.9976,6.0592,6.1182,6.2864
1996-12-11,5.8275,6.1537,6.2188,6.2788,6.4421
1996-12-12,5.8415,6.1623,6.2298,6.2935,6.4667
1996-12-13,5.7767,6.0832,6.1537,6.2205,6.3992
1996-12-16,5.8318,6.1411,6.2098,6.2750,6.4507
1996-12-17,5.8707,6.1865,6.2505,6.3099,6.4730
1996-12-18,5.9112,6.2309,6.2929,6.3499,6.5082
1996-12-19,5.8421,6.1332,6.1902,6.2439,6.3982
1996-12-20,5.8369,6.1344,6.1926,6.2461,6.3955
1996-12-23,5.8509,6.1367,6.1916,6.2419,6.3844
1996-12-24,5.8535,6.1460,6.2007,6.2507,6.3918
1996-12-26,5.8520,6.1458,6.2010,6.2513,6.3928
1996-12-27,5.8164,6.1029,6.1578,6.2076,6.3461
1996-12-30,5.8146,6.1058,6.1633,6.2148,6.3539
1996-12-31,5.9023,6.2278,6.2858,6.3368,6.4740
1997-01-02,5.9858,6.3227,6.3835,6.4385,6.5894
1997-01-03,5.9634,6.2989,6.3595,6.4140,6.5634
1997-01-06,5.9704,6.3161,6.3789,6.4353,6.5889
1997-01-07,5.9893,6.3393,6.4018,6.4582,6.6139
1997-01-08,6.0130,6.3652,6.4270,6.4829,6.6378
1997-01-09,5.9461,6.2852,6.3467,6.4024,6.5565
1997-01-10,6.0705,6.4050,6.4622,6.5155,6.6695
1997-01-13,6.0745,6.4056,6.4609,6.5126,6.6644
1997-01-14,5.9875,6.3124,6.3686,6.4201,6.5675
1997-01-15,5.9839,6.3081,6.3654,6.4188,6.5745
1997-01-16,6.0130,6.3438,6.4036,6.4595,6.6198
1997-01-17,6.0012,6.3336,6.3935,6.4484,6.6039
1997-01-21,5.9832,6.3011,6.3581,6.4104,6.5601
1997-01-22,6.0012,6.3352,6.3950,6.4494,6.6030
1997-01-23,6.0435,6.3778,6.4339,6.4853,6.6345
1997-01-24,6.0592,6.4041,6.4647,6.5208,6.6805
1997-01-27,6.0889,6.4408,6.5037,6.5620,6.7265
1997-01-28,6.0351,6.4058,6.4701,6.5274,6.6843
1997-01-29,6.0267,6.3985,6.4622,6.5184,6.6716
1997-01-30,5.9984,6.3724,6.4391,6.4972,6.6506
1997-01-31,5.9317,6.2843,6.3489,6.4063,6.5610
1997-02-03,5.8825,6.2268,6.2922,6.3506,6.5078
1997-02-04,5.8705,6.2087,6.2745,6.3332,6.4900
1997-02-05,5.8925,6.2367,6.3023,6.3611,6.5203
1997-02-06,5.9046,6.2481,6.3118,6.3693,6.5275
1997-02-07,5.8553,6.1913,6.2567,6.3159,6.4770
1997-02-10,5.8569,6.1843,6.2480,6.3060,6.4662
1997-02-11,5.8655,6.1910,6.2529,6.3094,6.4678
1997-02-13,5.8224,6.1286,6.1854,6.2384,6.3917
1997-02-14,5.7844,6.0792,6.1337,6.1850,6.3361
1997-02-18,5.7892,6.0892,6.1462,6.1993,6.3523
1997-02-19,5.7987,6.1078,6.1660,6.2198,6.3736
1997-02-20,5.8495,6.1833,6.2431,6.2977,6.4521
1997-02-21,5.8400,6.1659,6.2242,6.2781,6.4337
1997-02-24,5.8657,6.1933,6.2528,6.3076,6.4635
1997-02-25,5.8885,6.2057,6.2614,6.3135,6.4672
1997-02-26,6.0533,6.3803,6.4333,6.4829,6.6312
1997-02-27,6.0701,6.4085,6.4604,6.5075,6.6452
1997-02-28,6.0761,6.4051,6.4564,6.5023,6.6357
1997-03-03,6.0936,6.4220,6.4740,6.5217,6.6623
1997-03-04,6.1064,6.4469,6.5006,6.5494,6.6914
1997-03-05,6.1111,6.4421,6.4952,6.5442,6.6888
1997-03-06,6.1311,6.4664,6.5218,6.5728,6.7213
1997-03-07,6.0844,6.4132,6.4675,6.5174,6.6634
1997-03-10,6.0924,6.4168,6.4703,6.5198,6.6655
1997-03-11,6.0837,6.4198,6.4761,6.5275,6.6749
1997-03-12,6.1111,6.4524,6.5082,6.5590,6.7056
1997-03-13,6.2072,6.5746,6.6312,6.6811,6.8206
1997-03-14,6.1742,6.5482,6.6071,6.6583,6.7987
1997-03-17,6.2081,6.5646,6.6204,6.6701,6.8108
1997-03-18,6.2112,6.5712,6.6277,6.6770,6.8131
1997-03-19,6.2323,6.5916,6.6476,6.6967,6.8332
1997-03-20,6.2711,6.6142,6.6623,6.7045,6.8273
1997-03-21,6.2949,6.6171,6.6638,6.7054,6.8281
1997-03-24,6.2853,6.5965,6.6417,6.6828,6.8062
1997-03-25,6.3294,6.6325,6.6732,6.7099,6.8226
1997-03-26,6.3691,6.6801,6.7227,6.7612,6.8775
1997-03-27,6.4543,6.7720,6.8198,6.8645,6.9943
1997-03-31,6.4505,6.7881,6.8380,6.8832,7.0101
1997-04-01,6.4303,6.7538,6.8051,6.8532,6.9890
1997-04-02,6.4222,6.7439,6.7923,6.8376,6.9690
1997-04-03,6.4063,6.7337,6.7824,6.8281,6.9614
1997-04-04,6.4537,6.7935,6.8416,6.8860,7.0176
1997-04-07,6.4138,6.7456,6.7916,6.8337,6.9592
1997-04-08,6.4516,6.7756,6.8211,6.8640,6.9934
1997-04-09,6.4516,6.7758,6.8227,6.8667,6.9972
1997-04-10,6.4645,6.7862,6.8312,6.8734,6.9992
1997-04-11,6.5396,6.8585,6.9017,6.9434,7.0718
1997-04-14,6.5477,6.8641,6.9046,6.9438,7.0670
1997-04-15,6.4623,6.7719,6.8112,6.8483,6.9666
1997-04-16,6.4835,6.7928,6.8309,6.8673,6.9849
1997-04-17,6.4455,6.7492,6.7879,6.8249,6.9438
1997-04-18,6.4185,6.7259,6.7669,6.8060,6.9297
1997-04-21,6.4573,6.7605,6.8012,6.8411,6.9675
1997-04-22,6.4473,6.7272,6.7687,6.8104,6.9383
1997-04-23,6.4777,6.7773,6.8196,6.8606,6.9833
1997-04-24,6.5226,6.8250,6.8653,6.9046,7.0258
1997-04-25,6.5309,6.8424,6.8823,6.9201,7.0375
1997-04-28,6.5066,6.8165,6.8567,6.8944,7.0104
1997-04-29,6.3337,6.6524,6.6996,6.7429,6.8674
1997-04-30,6.2799,6.5837,6.6327,6.6787,6.8121
1997-05-01,6.2747,6.5516,6.6013,6.6501,6.7913
1997-05-02,6.2648,6.5419,6.5903,6.6370,6.7711
1997-05-05,6.2704,6.5476,6.5903,6.6313,6.7554
1997-05-06,6.2924,6.5532,6.5915,6.6294,6.7497
1997-05-07,6.3589,6.6377,6.6779,6.7170,6.8368
1997-05-08,6.3185,6.5920,6.6337,6.6740,6.7950
1997-05-09,6.2389,6.5276,6.5737,6.6172,6.7441
1997-05-12,6.2222,6.5089,6.5556,6.6000,6.7297
1997-05-13,6.2919,6.5952,6.6370,6.6752,6.7886
1997-05-14,6.2618,6.5441,6.5895,6.6332,6.7610
1997-05-15,6.2438,6.5233,6.5707,6.6166,6.7481
1997-05-16,6.2721,6.5525,6.5998,6.6457,6.7784
1997-05-19,6.2844,6.5717,6.6139,6.6536,6.7740
1997-05-20,6.2372,6.5503,6.5972,6.6405,6.7686
1997-05-21,6.2449,6.5750,6.6256,6.6732,6.8136
1997-05-22,6.2706,6.6012,6.6505,6.6970,6.8354
1997-05-23,6.2659,6.5408,6.5910,6.6400,6.7770
1997-05-27,6.3016,6.6380,6.6857,6.7297,6.8628
1997-05-28,6.3293,6.6428,6.6893,6.7343,6.8716
1997-05-29,6.2933,6.6018,6.6487,6.6937,6.8272
1997-05-30,6.2119,6.5129,6.5625,6.6107,6.7518
1997-06-02,6.2210,6.5031,6.5514,6.5998,6.7437
1997-06-03,6.1949,6.4739,6.5220,6.5700,6.7125
1997-06-04,6.1931,6.4756,6.5196,6.5635,6.7013
1997-06-05,6.1905,6.4833,6.5248,6.5653,6.6955
1997-06-06,6.1086,6.3823,6.4207,6.4583,6.5832
1997-06-09,6.1563,6.4326,6.4717,6.5101,6.6366
1997-06-10,6.1720,6.4563,6.4961,6.5345,6.6594
1997-06-11,6.1802,6.4475,6.4868,6.5262,6.6549
1997-06-12,6.0676,6.3544,6.4008,6.4452,6.5801
1997-06-13,6.0331,6.3054,6.3506,6.3947,6.5321
1997-06-16,6.0198,6.2795,6.3239,6.3676,6.5042
1997-06-17,6.0518,6.3075,6.3506,6.3940,6.5321
1997-06-18,6.0318,6.2861,6.3288,6.3715,6.5071
1997-06-19,6.0349,6.2883,6.3315,6.3743,6.5082
1997-06-20,6.0182,6.2623,6.3034,6.3448,6.4764
1997-06-23,6.0430,6.2953,6.3375,6.3790,6.5096
1997-06-24,6.0480,6.3007,6.3431,6.3849,6.5155
1997-06-25,6.0560,6.3304,6.3772,6.4219,6.5558
1997-06-26,6.0766,6.3746,6.4236,6.4692,6.6038
1997-06-27,6.0778,6.3729,6.4209,6.4664,6.6031
1997-06-30,6.1044,6.3994,6.4458,6.4890,6.6189
1997-07-01,6.0533,6.3333,6.3787,6.4217,6.5522
1997-07-02,6.0416,6.3097,6.3537,6.3957,6.5252
1997-07-03,5.9496,6.1983,6.2414,6.2831,6.4128
1997-07-07,5.9290,6.1659,6.2062,6.2457,6.3712
1997-07-08,5.9253,6.1742,6.2171,6.2576,6.3808
1997-07-09,5.9046,6.1467,6.1890,6.2294,6.3531
1997-07-10,5.9069,6.1496,6.1940,6.2362,6.3623
1997-07-11,5.9091,6.1309,6.1709,6.2102,6.3346
1997-07-14,5.9461,6.1624,6.1991,6.2360,6.3573
1997-07-15,5.9388,6.1631,6.2013,6.2388,6.3589
1997-07-16,5.8921,6.1067,6.1447,6.1813,6.2955
1997-07-17,5.8907,6.1077,6.1467,6.1840,6.2983
1997-07-18,5.9112,6.1492,6.1929,6.2331,6.3492
1997-07-21,5.9454,6.1750,6.2147,6.2523,6.3675
1997-07-22,5.8557,6.0658,6.1043,6.1410,6.2530
1997-07-23,5.8466,6.0526,6.0915,6.1288,6.2428
1997-07-24,5.8490,6.0587,6.0985,6.1366,6.2520
1997-07-25,5.8656,6.0805,6.1220,6.1613,6.2779
1997-07-28,5.8501,6.0637,6.1050,6.1440,6.2598
1997-07-29,5.8001,5.9942,6.0339,6.0725,6.1906
1997-07-30,5.7566,5.9518,5.9962,6.0382,6.1578
1997-07-31,5.7313,5.9086,5.9521,5.9946,6.1190
1997-08-01,5.8870,6.0958,6.1387,6.1797,6.3005
1997-08-04,5.9164,6.1308,6.1707,6.2081,6.3192
1997-08-05,5.9324,6.1394,6.1781,6.2152,6.3281
1997-08-06,5.9194,6.1265,6.1651,6.2017,6.3114
1997-08-07,5.9164,6.1291,6.1677,6.2046,6.3170
1997-08-08,6.0268,6.2685,6.3157,6.3615,6.4970
1997-08-11,6.0136,6.2496,6.2986,6.3466,6.4868
1997-08-12,6.0253,6.2837,6.3353,6.3837,6.5197
1997-08-13,5.9785,6.2513,6.3059,6.3552,6.4883
1997-08-14,5.9255,6.1767,6.2285,6.2760,6.4067
1997-08-15,5.8932,6.1606,6.2182,6.2705,6.4092
1997-08-18,5.8449,6.1056,6.1622,6.2139,6.3528
1997-08-19,5.8655,6.1182,6.1719,6.2210,6.3537
1997-08-20,5.8985,6.1435,6.1944,6.2418,6.3751
1997-08-21,5.9509,6.1995,6.2493,6.2967,6.4346
1997-08-22,5.9783,6.2595,6.3141,6.3646,6.5062
1997-08-25,6.0101,6.2812,6.3347,6.3846,6.5242
1997-08-26,6.0141,6.2654,6.3196,6.3722,6.5190
1997-08-27,6.0223,6.2803,6.3307,6.3788,6.5148
1997-08-28,5.9552,6.2018,6.2498,6.2950,6.4235
1997-08-29,5.9962,6.2381,6.2871,6.3344,6.4694
1997-09-02,5.9621,6.2061,6.2551,6.3021,6.4351
1997-09-03,5.9785,6.2254,6.2760,6.3246,6.4610
1997-09-04,5.9931,6.2342,6.2846,6.3334,6.4697
1997-09-05,5.9949,6.2577,6.3126,6.3649,6.5072
1997-09-08,5.9949,6.2344,6.2847,6.3339,6.4723
1997-09-09,5.9985,6.2405,6.2914,6.3414,6.4817
1997-09-10,6.0181,6.2638,6.3171,6.3689,6.5096
1997-09-11,6.0249,6.2793,6.3346,6.3882,6.5331
1997-09-12,5.9491,6.1821,6.2358,6.2889,6.4361
1997-09-15,5.9446,6.1759,6.2283,6.2801,6.4251
1997-09-16,5.8174,6.0073,6.0539,6.1016,6.2420
1997-09-17,5.8121,5.9970,6.0455,6.0948,6.2347
1997-09-18,5.8314,6.0214,6.0667,6.1126,6.2455
1997-09-19,5.8314,6.0059,6.0500,6.0955,6.2276
1997-09-22,5.8090,5.9812,6.0235,6.0674,6.1974
1997-09-23,5.8421,6.0144,6.0572,6.1018,6.2339
1997-09-24,5.8104,5.9689,6.0124,6.0570,6.1834
1997-09-25,5.8782,6.0549,6.1036,6.1510,6.2753
1997-09-26,5.8212,6.0234,6.0736,6.1186,6.2289
1997-09-29,5.8213,6.0267,6.0792,6.1263,6.2416
1997-09-30,5.8277,6.0424,6.0956,6.1433,6.2600
1997-10-01,5.7745,5.9640,6.0158,6.0628,6.1791
1997-10-02,5.7588,5.9434,5.9938,6.0398,6.1541
1997-10-03,5.7420,5.9342,5.9861,6.0331,6.1494
1997-10-06,5.7092,5.8793,5.9324,5.9822,6.1080
1997-10-07,5.7036,5.8541,5.9025,5.9509,6.0816
1997-10-08,5.8125,5.9906,6.0424,6.0925,6.2222
1997-10-09,5.8346,6.0084,6.0568,6.1049,6.2344
1997-10-10,5.8818,6.0636,6.1157,6.1669,6.3017
1997-10-14,5.8349,5.9950,6.0423,6.0900,6.2205
1997-10-15,5.8684,6.0313,6.0782,6.1256,6.2554
1997-10-16,5.8662,6.0320,6.0771,6.1232,6.2517
1997-10-17,5.9406,6.1136,6.1546,6.1972,6.3207
1997-10-20,5.9270,6.0933,6.1339,6.1760,6.2987
1997-10-21,5.9404,6.0967,6.1328,6.1715,6.2914
1997-10-22,5.9348,6.0790,6.1167,6.1573,6.2801
1997-10-23,5.8301,5.9827,6.0219,6.0630,6.1863
1997-10-24,5.8258,5.9588,5.9959,6.0356,6.1559
1997-10-27,5.6615,5.8351,5.8811,5.9273,6.0632
1997-10-28,5.7630,5.9233,5.9613,6.0004,6.1220
1997-10-29,5.7090,5.8551,5.8921,5.9309,6.0536
1997-10-30,5.6712,5.7967,5.8306,5.8674,5.9887
1997-10-31,5.6727,5.7946,5.8284,5.8647,5.9828
1997-11-03,5.7446,5.8557,5.8910,5.9295,6.0522
1997-11-04,5.7789,5.9023,5.9368,5.9739,6.0913
1997-11-05,5.7747,5.9057,5.9378,5.9715,6.0805
1997-11-06,5.7491,5.8638,5.8930,5.9247,6.0317
1997-11-07,5.7538,5.8706,5.8990,5.9291,6.0288
1997-11-10,5.7803,5.8862,5.9113,5.9387,6.0339
1997-11-12,5.7496,5.8646,5.8938,5.9240,6.0208
1997-11-13,5.7364,5.8429,5.8709,5.9008,6.0003
1997-11-14,5.7355,5.8437,5.8704,5.8987,5.9930
1997-11-17,5.7371,5.8271,5.8513,5.8786,5.9749
1997-11-18,5.7453,5.8269,5.8502,5.8769,5.9714
1997-11-19,5.7275,5.8005,5.8195,5.8419,5.9264
1997-11-20,5.7565,5.8286,5.8469,5.8686,5.9514
1997-11-21,5.7079,5.7938,5.8172,5.8433,5.9341
1997-11-24,5.7537,5.8371,5.8592,5.8838,5.9710
1997-11-25,5.7629,5.8360,5.8550,5.8771,5.9594
1997-11-26,5.7912,5.8545,5.8676,5.8850,5.9596
1997-11-28,5.8138,5.8614,5.8698,5.8834,5.9516
1997-12-01,5.8179,5.8506,5.8644,5.8848,5.9660
1997-12-02,5.8217,5.8526,5.8650,5.8840,5.9611
1997-12-03,5.7830,5.8284,5.8407,5.8583,5.9334
1997-12-04,5.7489,5.8228,5.8424,5.8641,5.9405
1997-12-05,5.8230,5.9090,5.9248,5.9419,6.0055
1997-12-08,5.8702,5.9526,5.9690,5.9871,6.0539
1997-12-09,5.8474,5.9377,5.9552,5.9743,6.0440
1997-12-10,5.7795,5.8771,5.9008,5.9250,6.0027
1997-12-11,5.7209,5.8001,5.8236,5.8490,5.9329
1997-12-12,5.6750,5.7293,5.7477,5.7694,5.8481
1997-12-15,5.7092,5.7663,5.7875,5.8107,5.8884
1997-12-16,5.7080,5.7598,5.7786,5.8000,5.8752
1997-12-17,5.7339,5.7879,5.8076,5.8297,5.9057
1997-12-18,5.7102,5.7422,5.7579,5.7771,5.8496
1997-12-19,5.6904,5.7088,5.7278,5.7506,5.8293
1997-12-22,5.7176,5.7154,5.7248,5.7391,5.8018
1997-12-23,5.7188,5.7251,5.7367,5.7527,5.8178
1997-12-24,5.7155,5.7382,5.7529,5.7710,5.8379
1997-12-26,5.7266,5.7467,5.7562,5.7696,5.8279
1997-12-29,5.7322,5.7536,5.7643,5.7793,5.8433
1997-12-30,5.7483,5.7902,5.8026,5.8191,5.8882
1997-12-31,5.6935,5.7404,5.7536,5.7706,5.8405
1998-01-02,5.6341,5.6566,5.6656,5.6801,5.7487
1998-01-05,5.4952,5.4950,5.5083,5.5286,5.6154
1998-01-06,5.4396,5.4590,5.4802,5.5063,5.5999
1998-01-07,5.4605,5.5004,5.5277,5.5593,5.6654
1998-01-08,5.3507,5.3986,5.4355,5.4768,5.6045
1998-01-09,5.2115,5.2918,5.3431,5.3960,5.5421
1998-01-12,5.2331,5.3040,5.3512,5.3991,5.5295
1998-01-13,5.2828,5.3382,5.3824,5.4281,5.5545
1998-01-14,5.3159,5.3826,5.4264,5.4712,5.5937
1998-01-15,5.3169,5.3943,5.4396,5.4854,5.6084
1998-01-16,5.3911,5.4562,5.4977,5.5416,5.6672
1998-01-20,5.4024,5.4829,5.5223,5.5638,5.6855
1998-01-21,5.3722,5.4458,5.4859,5.5286,5.6552
1998-01-22,5.3324,5.4312,5.4830,5.5363,5.6845
1998-01-23,5.4444,5.5679,5.6217,5.6756,5.8216
1998-01-26,5.4235,5.5255,5.5722,5.6200,5.7546
1998-01-27,5.5044,5.6010,5.6416,5.6837,5.8064
1998-01-28,5.5027,5.5973,5.6368,5.6782,5.8025
1998-01-29,5.4034,5.4705,5.5076,5.5487,5.6782
1998-01-30,5.3739,5.4304,5.4715,5.5168,5.6547
1998-02-02,5.4031,5.4715,5.5136,5.5594,5.6979
1998-02-03,5.3873,5.4588,5.5040,5.5525,5.6950
1998-02-04,5.3717,5.4485,5.4972,5.5489,5.6979
1998-02-05,5.4015,5.5057,5.5608,5.6166,5.7680
1998-02-06,5.4296,5.5137,5.5607,5.6104,5.7542
1998-02-09,5.4571,5.5515,5.5969,5.6445,5.7829
1998-02-10,5.4536,5.5359,5.5797,5.6262,5.7639
1998-02-11,5.4332,5.4898,5.5269,5.5678,5.6942
1998-02-12,5.4283,5.4930,5.5316,5.5737,5.7026
1998-02-13,5.4021,5.4568,5.4951,5.5377,5.6699
1998-02-17,5.3803,5.4226,5.4576,5.4974,5.6233
1998-02-18,5.4118,5.4629,5.4994,5.5401,5.6669
1998-02-19,5.4265,5.4842,5.5214,5.5623,5.6880
1998-02-20,5.4423,5.5049,5.5427,5.5839,5.7093
1998-02-23,5.4861,5.5544,5.5906,5.6293,5.7469
1998-02-24,5.5982,5.6851,5.7217,5.7592,5.8663
1998-02-25,5.5817,5.6269,5.6494,5.6775,5.7809
1998-02-26,5.6057,5.6539,5.6770,5.7048,5.8042
1998-02-27,5.5793,5.6302,5.6537,5.6814,5.7791
1998-03-02,5.6265,5.7082,5.7379,5.7704,5.8764
1998-03-03,5.6572,5.7616,5.7944,5.8284,5.9328
1998-03-04,5.6554,5.7528,5.7808,5.8109,5.9104
1998-03-05,5.6385,5.7628,5.7994,5.8361,5.9448
1998-03-06,5.6067,5.7078,5.7421,5.7781,5.8889
1998-03-09,5.5789,5.6640,5.6954,5.7291,5.8359
1998-03-10,5.5786,5.6659,5.6956,5.7279,5.8323
1998-03-11,5.5571,5.6285,5.6564,5.6878,5.7933
1998-03-12,5.5199,5.5708,5.5953,5.6240,5.7238
1998-03-13,5.5267,5.5827,5.6092,5.6397,5.7432
1998-03-16,5.5012,5.5516,5.5799,5.6116,5.7145
1998-03-17,5.5238,5.5677,5.5945,5.6260,5.7331
1998-03-18,5.5414,5.5881,5.6141,5.6449,5.7517
1998-03-19,5.5511,5.5967,5.6206,5.6495,5.7527
1998-03-20,5.5443,5.5894,5.6121,5.6397,5.7391
1998-03-23,5.5470,5.5886,5.6104,5.6372,5.7349
1998-03-24,5.5569,5.5955,5.6156,5.6405,5.7332
1998-03-25,5.6154,5.6604,5.6773,5.6993,5.7876
1998-03-26,5.6584,5.7064,5.7206,5.7398,5.8209
1998-03-27,5.6749,5.7196,5.7319,5.7494,5.8270
1998-03-30,5.6884,5.7511,5.7664,5.7859,5.8648
1998-03-31,5.6335,5.6903,5.7072,5.7289,5.8152
1998-04-01,5.5944,5.6397,5.6553,5.6768,5.7661
1998-04-02,5.5598,5.5909,5.6056,5.6269,5.7179
1998-04-03,5.4517,5.4877,5.5097,5.5367,5.6339
1998-04-06,5.4970,5.5304,5.5504,5.5754,5.6689
1998-04-07,5.5008,5.5493,5.5697,5.5948,5.6883
1998-04-08,5.5278,5.5869,5.6102,5.6382,5.7400
1998-04-09,5.5456,5.5984,5.6181,5.6424,5.7342
1998-04-13,5.6263,5.6754,5.6928,5.7155,5.8055
1998-04-14,5.6030,5.6361,5.6533,5.6773,5.7740
1998-04-15,5.5910,5.6114,5.6310,5.6589,5.7632
1998-04-16,5.5641,5.5902,5.6132,5.6437,5.7509
1998-04-17,5.5617,5.5922,5.6165,5.6477,5.7560
1998-04-20,5.5999,5.6364,5.6635,5.6970,5.8068
1998-04-21,5.6417,5.6757,5.7015,5.7341,5.8420
1998-04-22,5.6390,5.6751,5.7022,5.7359,5.8459
1998-04-23,5.6402,5.6842,5.7100,5.7428,5.8542
1998-04-24,5.6294,5.6658,5.6897,5.7206,5.8277
1998-04-27,5.7382,5.8004,5.8277,5.8603,5.9655
1998-04-28,5.7389,5.7989,5.8278,5.8622,5.9717
1998-04-29,5.7501,5.8115,5.8394,5.8729,5.9803
1998-04-30,5.6264,5.6807,5.7109,5.7464,5.8562
1998-05-01,5.6262,5.6685,5.6947,5.7273,5.8351
1998-05-04,5.6325,5.6718,5.6969,5.7284,5.8341
1998-05-05,5.6486,5.6999,5.7273,5.7605,5.8686
1998-05-06,5.5933,5.6502,5.6816,5.7181,5.8320
1998-05-07,5.5951,5.6530,5.6882,5.7275,5.8430
1998-05-08,5.6382,5.6929,5.7249,5.7613,5.8715
1998-05-11,5.6976,5.7649,5.7968,5.8328,5.9415
1998-05-12,5.6358,5.6936,5.7191,5.7502,5.8550
1998-05-13,5.6351,5.6747,5.6958,5.7241,5.8279
1998-05-14,5.6634,5.7075,5.7292,5.7576,5.8597
1998-05-15,5.6583,5.7128,5.7324,5.7578,5.8532
1998-05-18,5.6174,5.6756,5.6933,5.7151,5.7989
1998-05-19,5.6318,5.6787,5.7025,5.7319,5.8322
1998-05-20,5.6068,5.6400,5.6598,5.6858,5.7824
1998-05-21,5.6592,5.6984,5.7128,5.7327,5.8156
1998-05-22,5.6523,5.6872,5.7001,5.7182,5.7951
1998-05-26,5.6308,5.6334,5.6474,5.6694,5.7586
1998-05-27,5.5896,5.6030,5.6216,5.6475,5.7425
1998-05-28,5.6110,5.6268,5.6400,5.6604,5.7444
1998-05-29,5.5793,5.6162,5.6422,5.6690,5.7440
1998-06-01,5.5531,5.5900,5.6160,5.6427,5.7165
1998-06-02,5.5724,5.6147,5.6409,5.6672,5.7396
1998-06-03,5.5793,5.6310,5.6555,5.6796,5.7451
1998-06-04,5.6178,5.6493,5.6728,5.6977,5.7683
1998-06-05,5.6177,5.6501,5.6706,5.6913,5.7492
1998-06-08,5.6181,5.6504,5.6706,5.6910,5.7484
1998-06-09,5.6264,5.6542,5.6738,5.6938,5.7505
1998-06-10,5.5812,5.5936,5.6090,5.6254,5.6734
1998-06-11,5.4793,5.4992,5.5196,5.5407,5.6007
1998-06-12,5.4710,5.4758,5.4976,5.5215,5.5918
1998-06-15,5.4543,5.4511,5.4697,5.4902,5.5513
1998-06-16,5.5239,5.5242,5.5417,5.5609,5.6175
1998-06-17,5.5853,5.6083,5.6293,5.6511,5.7124
1998-06-18,5.5687,5.5737,5.5925,5.6130,5.6722
1998-06-19,5.5479,5.5390,5.5570,5.5782,5.6434
1998-06-22,5.5431,5.5454,5.5632,5.5825,5.6387
1998-06-23,5.5632,5.5273,5.5367,5.5526,5.6123
1998-06-24,5.5549,5.5412,5.5560,5.5739,5.6303
1998-06-25,5.5808,5.5528,5.5642,5.5802,5.6347
1998-06-26,5.5758,5.5472,5.5496,5.5598,5.6126
1998-06-29,5.5714,5.5613,5.5735,5.5884,5.6356
1998-06-30,5.5471,5.5269,5.5341,5.5477,5.6032
1998-07-01,5.5165,5.4998,5.5140,5.5336,5.6003
1998-07-02,5.5031,5.4813,5.4875,5.5015,5.5652
1998-07-06,5.4826,5.4590,5.4668,5.4818,5.5449
1998-07-07,5.4995,5.4863,5.4912,5.5033,5.5626
1998-07-08,5.4982,5.4954,5.5021,5.5158,5.5814
1998-07-09,5.4716,5.4634,5.4707,5.4854,5.5545
1998-07-10,5.4694,5.4662,5.4752,5.4912,5.5643
1998-07-13,5.4995,5.5120,5.5227,5.5394,5.6141
1998-07-14,5.5120,5.5286,5.5408,5.5594,5.6397
1998-07-15,5.4984,5.5223,5.5356,5.5547,5.6345
1998-07-16,5.5174,5.5400,5.5540,5.5739,5.6556
1998-07-17,5.5135,5.5483,5.5664,5.5894,5.6761
1998-07-20,5.5081,5.5203,5.5324,5.5514,5.6349
1998-07-21,5.5116,5.5071,5.5129,5.5264,5.5975
1998-07-22,5.5220,5.5140,5.5209,5.5363,5.6121
1998-07-23,5.5081,5.5041,5.5102,5.5238,5.5931
1998-07-24,5.5136,5.5163,5.5218,5.5344,5.6026
1998-07-27,5.5128,5.5263,5.5348,5.5500,5.6238
1998-07-28,5.5076,5.5406,5.5542,5.5735,5.6543
1998-07-29,5.5364,5.5662,5.5769,5.5937,5.6710
1998-07-30,5.5381,5.5522,5.5594,5.5739,5.6463
1998-07-31,5.5364,5.5535,5.5600,5.5736,5.6432
1998-08-03,5.5031,5.5061,5.5100,5.5214,5.5859
1998-08-04,5.4668,5.4834,5.4903,5.5029,5.5663
1998-08-05,5.4399,5.4716,5.4825,5.4980,5.5658
1998-08-06,5.4387,5.4725,5.4844,5.5015,5.5761
1998-08-07,5.3991,5.4220,5.4329,5.4499,5.5265
1998-08-10,5.4000,5.4323,5.4453,5.4627,5.5337
1998-08-11,5.3623,5.3892,5.4044,5.4242,5.5014
1998-08-12,5.3784,5.4052,5.4195,5.4388,5.5160
1998-08-13,5.4261,5.4465,5.4573,5.4739,5.5482
1998-08-14,5.3922,5.4123,5.4227,5.4382,5.5065
1998-08-17,5.3830,5.4001,5.4124,5.4306,5.5089
1998-08-18,5.4046,5.4130,5.4228,5.4395,5.5169
1998-08-19,5.3954,5.4155,5.4273,5.4450,5.5224
1998-08-20,5.3758,5.3849,5.3939,5.4090,5.4799
1998-08-21,5.3113,5.3084,5.3201,5.3391,5.4225
1998-08-24,5.2797,5.2697,5.2854,5.3093,5.4081
1998-08-25,5.2472,5.2177,5.2334,5.2590,5.3665
1998-08-26,5.2282,5.1976,5.2323,5.2730,5.3932
1998-08-27,5.1031,5.0892,5.1176,5.1540,5.2812
1998-08-28,5.0711,5.0665,5.0967,5.1346,5.2641
1998-08-31,5.0549,5.0312,5.0571,5.0914,5.2134
1998-09-01,5.0314,5.0291,5.0620,5.1025,5.2382
1998-09-02,5.0850,5.0796,5.1073,5.1421,5.2616
1998-09-03,5.0556,5.0259,5.0511,5.0850,5.2065
1998-09-04,5.0527,5.0125,5.0359,5.0683,5.1877
1998-09-08,5.0376,5.0114,5.0435,5.0849,5.2277
1998-09-09,4.9144,4.8848,4.9245,4.9740,5.1373
1998-09-10,4.6949,4.6668,4.7202,4.7839,4.9832
1998-09-11,4.8136,4.7650,4.8098,4.8662,5.0507
1998-09-14,4.8284,4.7787,4.8217,4.8769,5.0617
1998-09-15,4.8447,4.8003,4.8455,4.9028,5.0922
1998-09-16,4.8511,4.7899,4.8285,4.8800,5.0586
1998-09-17,4.7927,4.7085,4.7482,4.8027,4.9955
1998-09-18,4.7216,4.6233,4.6659,4.7248,4.9344
1998-09-21,4.7510,4.6338,4.6698,4.7232,4.9230
1998-09-22,4.7849,4.6899,4.7231,4.7719,4.9557
1998-09-23,4.6792,4.6187,4.6596,4.7148,4.9120
1998-09-24,4.5898,4.5599,4.6065,4.6664,4.8745
1998-09-25,4.5577,4.5256,4.5721,4.6324,4.8448
1998-09-28,4.5661,4.5287,4.5754,4.6368,4.8560
1998-09-29,4.5676,4.5246,4.5657,4.6212,4.8242
1998-09-30,4.4244,4.3582,4.4038,4.4661,4.6925
1998-10-01,4.2986,4.2209,4.2727,4.3429,4.5938
1998-10-02,4.3147,4.2293,4.2746,4.3380,4.5706
1998-10-05,4.2062,4.0953,4.1425,4.2096,4.4553
1998-10-06,4.2811,4.1920,4.2376,4.3014,4.5331
1998-10-07,4.3217,4.2834,4.3387,4.4096,4.6513
1998-10-08,4.3608,4.4581,4.5355,4.6211,4.8793
1998-10-09,4.4467,4.6265,4.7201,4.8177,5.0932
1998-10-13,4.4189,4.5833,4.6787,4.7796,5.0683
1998-10-14,4.3600,4.4576,4.5411,4.6338,4.9142
1998-10-15,4.3866,4.4735,4.5552,4.6470,4.9274
1998-10-16,4.1201,4.2720,4.3708,4.4775,4.7926
1998-10-19,4.1349,4.2674,4.3696,4.4814,4.8114
1998-10-20,4.2045,4.3494,4.4542,4.5681,4.9024
1998-10-21,4.2474,4.3956,4.4937,4.5999,4.9128
1998-10-22,4.2785,4.4266,4.5233,4.6282,4.9405
1998-10-23,4.3290,4.5139,4.6104,4.7121,5.0054
1998-10-26,4.3746,4.5237,4.6059,4.6936,4.9520
1998-10-27,4.2841,4.4161,4.5008,4.5928,4.8685
1998-10-28,4.2599,4.3546,4.4426,4.5414,4.8444
1998-10-29,4.2508,4.3005,4.3867,4.4868,4.8011
1998-10-30,4.3530,4.4158,4.4979,4.5923,4.8880
1998-11-02,4.4938,4.5694,4.6483,4.7380,5.0165
1998-11-03,4.4831,4.5577,4.6358,4.7248,5.0010
1998-11-04,4.6448,4.7147,4.7836,4.8623,5.1109
1998-11-05,4.6629,4.7202,4.7855,4.8611,5.1030
1998-11-06,4.7715,4.8504,4.9154,4.9886,5.2172
1998-11-09,4.7449,4.8011,4.8568,4.9209,5.1257
1998-11-10,4.6936,4.7515,4.8075,4.8719,5.0793
1998-11-12,4.6493,4.7115,4.7689,4.8347,5.0461
1998-11-13,4.6757,4.7581,4.8141,4.8765,5.0726
1998-11-16,4.6920,4.7776,4.8350,4.8986,5.0970
1998-11-17,4.6847,4.7868,4.8486,4.9161,5.1230
1998-11-18,4.6988,4.7819,4.8340,4.8917,5.0727
1998-11-19,4.7285,4.8304,4.8810,4.9352,5.1015
1998-11-20,4.7164,4.7972,4.8445,4.8967,5.0624
1998-11-23,4.7055,4.7959,4.8507,4.9111,5.0999
1998-11-24,4.7493,4.8243,4.8730,4.9273,5.1001
1998-11-25,4.7428,4.8207,4.8678,4.9200,5.0850
1998-11-27,4.7123,4.7902,4.8374,4.8895,5.0546
1998-11-30,4.6418,4.6832,4.7270,4.7784,4.9493
1998-12-01,4.5570,4.5895,4.6417,4.7037,4.9085
1998-12-02,4.4768,4.4804,4.5349,4.6022,4.8311
1998-12-03,4.4835,4.4773,4.5323,4.6011,4.8350
1998-12-04,4.5671,4.5684,4.6189,4.6817,4.8973
1998-12-07,4.6479,4.6701,4.7172,4.7741,4.9649
1998-12-08,4.5755,4.5864,4.6322,4.6885,4.8815
1998-12-09,4.5571,4.5467,4.5896,4.6444,4.8366
1998-12-10,4.5116,4.4963,4.5405,4.5973,4.7990
1998-12-11,4.5703,4.5755,4.6236,4.6834,4.8883
1998-12-14,4.5357,4.5334,4.5828,4.6447,4.8578
1998-12-15,4.5815,4.5912,4.6412,4.7028,4.9123
1998-12-16,4.5266,4.5305,4.5820,4.6461,4.8662
1998-12-17,4.5435,4.5485,4.5994,4.6624,4.8780
1998-12-18,4.5679,4.5694,4.6181,4.6789,4.8877
1998-12-21,4.6349,4.6467,4.6965,4.7575,4.9644
1998-12-22,4.6558,4.6904,4.7460,4.8121,5.0288
1998-12-23,4.7734,4.8277,4.8793,4.9387,5.1310
1998-12-24,4.8295,4.9120,4.9626,5.0185,5.1930
1998-12-28,4.7677,4.8294,4.8766,4.9303,5.1037
1998-12-29,4.7114,4.7590,4.8041,4.8568,5.0308
1998-12-30,4.6498,4.7125,4.7629,4.8205,5.0066
1998-12-31,4.6365,4.7131,4.7657,4.8245,5.0106
1999-01-04,4.6858,4.7031,4.7538,4.8186,5.0405
1999-01-05,4.7323,4.7527,4.8021,4.8659,5.0865
1999-01-06,4.7264,4.7317,4.7735,4.8299,5.0330
1999-01-07,4.7261,4.7643,4.8165,4.8821,5.1042
1999-01-08,4.7985,4.8543,4.9089,4.9761,5.1988
1999-01-11,4.8311,4.8893,4.9455,5.0144,5.2418
1999-01-12,4.7645,4.8193,4.8769,4.9473,5.1784
1999-01-13,4.7155,4.7591,4.8157,4.8856,5.1171
1999-01-14,4.5763,4.6478,4.7145,4.7914,5.0295
1999-01-15,4.6519,4.6963,4.7567,4.8297,5.0650
1999-01-19,4.7082,4.7562,4.8104,4.8775,5.0990
1999-01-20,4.7403,4.7893,4.8447,4.9132,5.1381
1999-01-21,4.6882,4.7280,4.7820,4.8496,5.0750
1999-01-22,4.6550,4.6732,4.7220,4.7856,5.0042
1999-01-25,4.6588,4.6832,4.7344,4.7997,5.0215
1999-01-26,4.6831,4.7081,4.7569,4.8191,5.0321
1999-01-27,4.6762,4.6869,4.7364,4.8008,5.0227
1999-01-28,4.6721,4.6705,4.7165,4.7780,4.9937
1999-01-29,4.6602,4.6533,4.7017,4.7657,4.9856
1999-02-01,4.7261,4.7538,4.8060,4.8718,5.0923
1999-02-02,4.7796,4.8055,4.8573,4.9237,5.1483
1999-02-03,4.7906,4.8536,4.9068,4.9709,5.1809
1999-02-04,4.8452,4.9331,4.9874,5.0513,5.2575
1999-02-05,4.8823,4.9789,5.0327,5.0956,5.2982
1999-02-08,4.8740,4.9567,5.0108,5.0754,5.2859
1999-02-09,4.8573,4.9287,4.9798,5.0423,5.2498
1999-02-10,4.8541,4.9343,4.9860,5.0487,5.2555
1999-02-11,4.8784,4.9629,5.0128,5.0727,5.2706
1999-02-12,5.0032,5.1117,5.1662,5.2308,5.4399
1999-02-16,4.9963,5.0944,5.1405,5.1969,5.3870
1999-02-17,4.9515,5.0410,5.0868,5.1436,5.3365
1999-02-18,4.9791,5.1016,5.1518,5.2102,5.4001
1999-02-19,4.9927,5.1259,5.1757,5.2331,5.4190
1999-02-22,4.9578,5.0840,5.1361,5.1953,5.3835
1999-02-23,5.0356,5.1603,5.2096,5.2665,5.4508
1999-02-24,5.1231,5.2407,5.2881,5.3444,5.5306
1999-02-25,5.2040,5.3655,5.4128,5.4661,5.6386
1999-02-26,5.1828,5.3204,5.3669,5.4201,5.5930
1999-03-01,5.2656,5.4158,5.4609,5.5133,5.6860
1999-03-02,5.2389,5.3705,5.4126,5.4629,5.6323
1999-03-03,5.2401,5.3981,5.4489,5.5067,5.6915
1999-03-04,5.2538,5.4294,5.4814,5.5391,5.7199
1999-03-05,5.1884,5.3625,5.4172,5.4766,5.6587
1999-03-08,5.1697,5.3310,5.3848,5.4447,5.6330
1999-03-09,5.0769,5.2350,5.2933,5.3581,5.5582
1999-03-10,5.0871,5.2640,5.3214,5.3838,5.5762
1999-03-11,5.0969,5.2729,5.3286,5.3897,5.5795
1999-03-12,5.0517,5.2244,5.2825,5.3458,5.5402
1999-03-15,5.0434,5.2073,5.2630,5.3241,5.5137
1999-03-16,5.0213,5.1672,5.2194,5.2785,5.4664
1999-03-17,5.0493,5.1942,5.2478,5.3087,5.5022
1999-03-18,5.0255,5.1647,5.2196,5.2825,5.4827
1999-03-19,5.0755,5.2250,5.2806,5.3440,5.5449
1999-03-22,5.1114,5.2684,5.3225,5.3839,5.5797
1999-03-23,5.0637,5.2500,5.3105,5.3760,5.5759
1999-03-24,5.0443,5.2131,5.2715,5.3360,5.5364
1999-03-25,5.0901,5.2562,5.3158,5.3829,5.5922
1999-03-26,5.0555,5.2464,5.3113,5.3819,5.5957
1999-03-29,5.0791,5.2942,5.3620,5.4336,5.6454
1999-03-30,5.0349,5.2307,5.2963,5.3666,5.5787
1999-03-31,5.0483,5.2551,5.3230,5.3955,5.6118
1999-04-01,5.0667,5.2834,5.3522,5.4261,5.6481
1999-04-05,5.0071,5.1885,5.2539,5.3266,5.5512
1999-04-06,4.9727,5.1261,5.1873,5.2572,5.4774
1999-04-07,4.9914,5.1450,5.2038,5.2709,5.4840
1999-04-08,4.9199,5.0394,5.0948,5.1607,5.3762
1999-04-09,4.9261,5.0535,5.1098,5.1764,5.3931
1999-04-12,4.9666,5.0545,5.1042,5.1675,5.3838
1999-04-13,4.9851,5.0984,5.1541,5.2222,5.4456
1999-04-14,4.9827,5.1156,5.1722,5.2396,5.4581
1999-04-15,4.9977,5.1481,5.2076,5.2763,5.4943
1999-04-16,5.0510,5.1990,5.2568,5.3241,5.5395
1999-04-19,5.0068,5.1406,5.2005,5.2712,5.4974
1999-04-20,4.9792,5.1174,5.1778,5.2483,5.4720
1999-04-21,4.9967,5.1320,5.1907,5.2596,5.4803
1999-04-22,5.0563,5.2216,5.2832,5.3532,5.5723
1999-04-23,5.0449,5.2094,5.2707,5.3404,5.5589
1999-04-26,5.0294,5.1824,5.2430,5.3121,5.5300
1999-04-27,5.0280,5.1696,5.2273,5.2941,5.5074
1999-04-28,5.0551,5.2096,5.2654,5.3292,5.5337
1999-04-29,5.0034,5.1447,5.1994,5.2628,5.4680
1999-04-30,5.1175,5.2992,5.3600,5.4277,5.6381
1999-05-03,5.1178,5.3176,5.3795,5.4458,5.6471
1999-05-04,5.1432,5.3586,5.4235,5.4923,5.6990
1999-05-05,5.1175,5.3287,5.3936,5.4628,5.6718
1999-05-06,5.2189,5.4449,5.5096,5.5781,5.7837
1999-05-07,5.2141,5.4753,5.5451,5.6159,5.8194
1999-05-10,5.1867,5.4496,5.5189,5.5889,5.7902
1999-05-11,5.2347,5.5064,5.5746,5.6432,5.8405
1999-05-12,5.2285,5.4876,5.5538,5.6216,5.8201
1999-05-13,5.1601,5.3832,5.4453,5.5110,5.7095
1999-05-14,5.3086,5.5649,5.6323,5.7022,5.9067
1999-05-17,5.3427,5.6264,5.6910,5.7551,5.9369
1999-05-18,5.3937,5.6725,5.7305,5.7875,5.9504
1999-05-19,5.3620,5.6288,5.6812,5.7331,5.8849
1999-05-20,5.3705,5.6434,5.6967,5.7497,5.9065
1999-05-21,5.3161,5.5753,5.6290,5.6833,5.8455
1999-05-24,5.3048,5.5512,5.6066,5.6636,5.8344
1999-05-25,5.3228,5.5666,5.6189,5.6724,5.8336
1999-05-26,5.3710,5.6281,5.6806,5.7334,5.8904
1999-05-27,5.4583,5.7153,5.7617,5.8088,5.9533
1999-06-01,5.5781,5.8730,5.9212,5.9671,6.1001
1999-06-02,5.5817,5.8666,5.9155,5.9627,6.0979
1999-06-03,5.5729,5.8543,5.9037,5.9522,6.0926
1999-06-04,5.5828,5.8627,5.9128,5.9623,6.1060
1999-06-07,5.5879,5.8653,5.9109,5.9555,6.0890
1999-06-08,5.6031,5.8798,5.9266,5.9732,6.1140
1999-06-09,5.6396,5.9211,5.9658,6.0101,6.1445
1999-06-10,5.6916,5.9677,6.0125,6.0583,6.1994
1999-06-11,5.7282,6.0533,6.1083,6.1600,6.3049
1999-06-14,5.6995,6.0100,6.0624,6.1125,6.2555
1999-06-15,5.6861,5.9986,6.0522,6.1033,6.2491
1999-06-16,5.6419,5.9567,6.0136,6.0677,6.2199
1999-06-17,5.5164,5.7933,5.8519,5.9103,6.0779
1999-06-18,5.5904,5.8626,5.9139,5.9648,6.1138
1999-06-21,5.6359,5.9142,5.9683,6.0223,6.1803
1999-06-22,5.6743,5.9460,6.0046,6.0639,6.2310
1999-06-23,5.7163,6.0087,6.0689,6.1287,6.2948
1999-06-24,5.7457,6.0507,6.1101,6.1685,6.3325
1999-06-25,5.7342,6.0300,6.0879,6.1450,6.3079
1999-06-28,5.6904,5.9672,6.0237,6.0800,6.2406
1999-06-29,5.6938,5.9356,5.9917,6.0497,6.2143
1999-06-30,5.5468,5.7755,5.8445,5.9161,6.1106
1999-07-01,5.5981,5.8136,5.8815,5.9528,6.1471
1999-07-02,5.5897,5.8007,5.8666,5.9358,6.1252
1999-07-06,5.6342,5.8639,5.9271,5.9927,6.1726
1999-07-07,5.6414,5.9001,5.9627,6.0264,6.2006
1999-07-08,5.5901,5.8316,5.8912,5.9527,6.1238
1999-07-09,5.5899,5.8323,5.8918,5.9529,6.1236
1999-07-13,5.4939,5.7063,5.7635,5.8237,5.9974
1999-07-14,5.5319,5.7471,5.8017,5.8597,6.0295
1999-07-15,5.5291,5.7342,5.7892,5.8481,6.0202
1999-07-16,5.4875,5.6867,5.7439,5.8056,5.9860
1999-07-19,5.4679,5.6659,5.7245,5.7882,5.9758
1999-07-20,5.4249,5.6453,5.7075,5.7734,5.9637
1999-07-22,5.5174,5.7728,5.8395,5.9078,6.0967
1999-07-23,5.5604,5.8302,5.8971,5.9649,6.1508
1999-07-26,5.5751,5.8542,5.9196,5.9847,6.1618
1999-07-27,5.5429,5.8152,5.8782,5.9417,6.1201
1999-07-28,5.5567,5.8209,5.8813,5.9423,6.1157
1999-07-29,5.6245,5.9163,5.9757,6.0334,6.1932
1999-07-30,5.6503,5.9448,6.0075,6.0685,6.2336
1999-08-02,5.6705,5.9525,6.0152,6.0766,6.2413
1999-08-03,5.6718,5.9848,6.0479,6.1066,6.2600
1999-08-04,5.6495,5.9697,6.0378,6.1011,6.2614
1999-08-05,5.5926,5.8912,5.9620,6.0299,6.2054
1999-08-06,5.7447,6.0656,6.1332,6.1956,6.3502
1999-08-09,5.8398,6.1728,6.2409,6.3014,6.4398
1999-08-10,5.8470,6.1925,6.2662,6.3301,6.4673
1999-08-11,5.8128,6.1460,6.2198,6.2848,6.4272
1999-08-12,5.8210,6.1472,6.2292,6.3020,6.4598
1999-08-13,5.7509,6.0285,6.1026,6.1724,6.3367
1999-08-16,5.7655,6.0159,6.0903,6.1627,6.3399
1999-08-17,5.7071,5.9258,5.9967,6.0686,6.2529
1999-08-18,5.6806,5.9179,5.9873,6.0577,6.2425
1999-08-19,5.6779,5.9388,6.0117,6.0839,6.2695
1999-08-20,5.6591,5.9312,6.0025,6.0723,6.2516
1999-08-23,5.6754,5.9336,6.0003,6.0666,6.2442
1999-08-24,5.6358,5.8741,5.9437,6.0143,6.2045
1999-08-25,5.5606,5.7564,5.8232,5.8936,6.0892
1999-08-26,5.6078,5.7927,5.8545,5.9200,6.1035
1999-08-27,5.6889,5.8880,5.9521,6.0190,6.2018
1999-08-30,5.7809,5.9931,6.0621,6.1323,6.3140
1999-08-31,5.7775,6.0130,6.0861,6.1584,6.3403
1999-09-01,5.7694,6.0097,6.0868,6.1624,6.3501
1999-09-02,5.7734,6.0349,6.1169,6.1977,6.4018
1999-09-03,5.6703,5.9107,5.9905,6.0702,6.2741
1999-09-07,5.7212,5.9655,6.0488,6.1317,6.3416
1999-09-08,5.7091,5.9404,6.0249,6.1093,6.3218
1999-09-09,5.7352,5.9828,6.0693,6.1547,6.3676
1999-09-10,5.6760,5.9067,5.9903,6.0747,6.2920
1999-09-13,5.6963,5.9254,6.0094,6.0953,6.3192
1999-09-14,5.7395,5.9757,6.0633,6.1525,6.3823
1999-09-15,5.7036,5.9392,6.0270,6.1171,6.3533
1999-09-16,5.6680,5.8955,5.9797,6.0667,6.2970
1999-09-17,5.6618,5.8733,5.9523,6.0352,6.2594
1999-09-20,5.7010,5.9220,6.0011,6.0833,6.3027
1999-09-21,5.7123,5.9425,6.0235,6.1067,6.3254
1999-09-22,5.7042,5.9265,6.0088,6.0934,6.3137
1999-09-23,5.6681,5.8674,5.9429,6.0221,6.2350
1999-09-24,5.5748,5.7589,5.8341,5.9145,6.1363
1999-09-27,5.6431,5.8332,5.9090,5.9895,6.2090
1999-09-28,5.6615,5.8921,5.9753,6.0604,6.2823
1999-09-29,5.7374,5.9831,6.0659,6.1498,6.3665
1999-09-30,5.6622,5.9048,5.9849,6.0665,6.2802
1999-10-01,5.7787,6.0124,6.0959,6.1809,6.3986
1999-10-04,5.7348,5.9550,6.0392,6.1247,6.3418
1999-10-05,5.8133,6.0445,6.1287,6.2138,6.4285
1999-10-06,5.8513,6.0834,6.1588,6.2354,6.4328
1999-10-07,5.8537,6.0951,6.1691,6.2440,6.4386
1999-10-08,5.8349,6.0752,6.1545,6.2347,6.4404
1999-10-12,5.8538,6.1037,6.1833,6.2631,6.4672
1999-10-13,5.8991,6.1569,6.2401,6.3229,6.5306
1999-10-14,5.9503,6.2159,6.3014,6.3846,6.5858
1999-10-15,5.8556,6.1200,6.2096,6.2968,6.5068
1999-10-18,5.8820,6.1475,6.2353,6.3219,6.5359
1999-10-19,5.9393,6.2025,6.2907,6.3776,6.5900
1999-10-20,5.9628,6.2174,6.3023,6.3860,6.5902
1999-10-21,5.9578,6.2220,6.3146,6.4040,6.6156
1999-10-22,5.9779,6.2340,6.3218,6.4073,6.6121
1999-10-25,5.9955,6.2516,6.3367,6.4194,6.6178
1999-10-26,6.0158,6.2634,6.3493,6.4331,6.6334
1999-10-27,5.9671,6.2098,6.2907,6.3707,6.5677
1999-10-28,5.9174,6.1328,6.2082,6.2847,6.4789
1999-10-29,5.8378,6.0291,6.0966,6.1674,6.3568
1999-11-01,5.8667,6.0653,6.1337,6.2050,6.3936
1999-11-02,5.8483,6.0336,6.1008,6.1710,6.3561
1999-11-03,5.8352,6.0134,6.0814,6.1528,6.3424
1999-11-04,5.7852,5.9581,6.0246,6.0953,6.2867
1999-11-05,5.7587,5.9227,5.9846,6.0514,6.2379
1999-11-08,5.7753,5.9437,6.0034,6.0674,6.2478
1999-11-09,5.8048,5.9652,6.0226,6.0847,6.2607
1999-11-10,5.8478,5.9973,6.0548,6.1167,6.2889
1999-11-12,5.8072,5.9292,5.9880,6.0518,6.2247
1999-11-15,5.8144,5.9433,5.9958,6.0537,6.2189
1999-11-16,5.8562,5.9784,6.0259,6.0794,6.2391
1999-11-17,5.9064,6.0484,6.1032,6.1624,6.3255
1999-11-18,5.9188,6.0639,6.1275,6.1937,6.3634
1999-11-19,5.9302,6.0787,6.1375,6.1993,6.3621
1999-11-22,5.9620,6.1043,6.1644,6.2278,6.3933
1999-11-23,5.9665,6.0985,6.1583,6.2229,6.3947
1999-11-24,5.9798,6.0966,6.1547,6.2195,6.3993
1999-11-26,6.0086,6.1280,6.1868,6.2522,6.4329
1999-11-29,6.0630,6.2024,6.2610,6.3270,6.5165
1999-11-30,6.0264,6.1589,6.2200,6.2882,6.4795
1999-12-01,6.0631,6.1884,6.2555,6.3279,6.5184
1999-12-02,6.0830,6.2130,6.2790,6.3505,6.5397
1999-12-03,6.0077,6.1431,6.2105,6.2821,6.4686
1999-12-06,6.0056,6.1187,6.1836,6.2545,6.4440
1999-12-07,5.9744,6.0720,6.1358,6.2067,6.3993
1999-12-08,6.0039,6.1082,6.1753,6.2475,6.4349
1999-12-09,5.9836,6.0986,6.1639,6.2338,6.4159
1999-12-10,5.9464,6.0322,6.0913,6.1573,6.3373
1999-12-13,5.9880,6.0615,6.1166,6.1805,6.3630
1999-12-14,6.0961,6.1794,6.2362,6.3018,6.4871
1999-12-15,6.1222,6.2120,6.2734,6.3423,6.5310
1999-12-16,6.1879,6.2729,6.3377,6.4101,6.6044
1999-12-17,6.1851,6.2869,6.3520,6.4224,6.6065
1999-12-20,6.2435,6.3472,6.4181,6.4926,6.6800
1999-12-21,6.2550,6.3640,6.4353,6.5106,6.7012
1999-12-22,6.2638,6.3787,6.4480,6.5206,6.7029
1999-12-23,6.2640,6.3999,6.4728,6.5461,6.7220
1999-12-27,6.2379,6.3892,6.4610,6.5323,6.7014
1999-12-28,6.2540,6.4166,6.4909,6.5631,6.7293
1999-12-29,6.2297,6.3875,6.4611,6.5324,6.6958
1999-12-30,6.2096,6.3729,6.4485,6.5205,6.6829
1999-12-31,6.2722,6.4364,6.5097,6.5798,6.7385
2000-01-03,6.3974,6.5518,6.6158,6.6810,6.8410
2000-01-04,6.3119,6.4557,6.5251,6.5932,6.7518
2000-01-05,6.4015,6.5685,6.6396,6.7082,6.8645
2000-01-06,6.3548,6.5167,6.5852,6.6497,6.7928
2000-01-07,6.3334,6.4750,6.5415,6.6056,6.7511
2000-01-10,6.3874,6.5301,6.5924,6.6526,6.7891
2000-01-11,6.4528,6.6167,6.6802,6.7412,6.8790
2000-01-12,6.4920,6.6656,6.7298,6.7899,6.9203
2000-01-13,6.4150,6.5711,6.6306,6.6872,6.8141
2000-01-14,6.4515,6.6206,6.6777,6.7311,6.8491
2000-01-18,6.4806,6.6812,6.7391,6.7907,6.8990
2000-01-19,6.4641,6.6601,6.7151,6.7644,6.8682
2000-01-20,6.4913,6.7048,6.7615,6.8103,6.9076
2000-01-21,6.4818,6.6980,6.7532,6.8013,6.8978
2000-01-24,6.4631,6.6220,6.6685,6.7137,6.8182
2000-01-25,6.4470,6.6217,6.6749,6.7235,6.8254
2000-01-26,6.4716,6.6369,6.6801,6.7182,6.7931
2000-01-27,6.5282,6.6717,6.7003,6.7255,6.7720
2000-01-28,6.5844,6.6876,6.7019,6.7143,6.7314
2000-01-31,6.6428,6.7276,6.7400,6.7536,6.7828
2000-02-01,6.6328,6.7061,6.7203,6.7332,6.7505
2000-02-02,6.6621,6.7179,6.7266,6.7341,6.7351
2000-02-03,6.5830,6.6136,6.6232,6.6337,6.6466
2000-02-04,6.6562,6.6853,6.6861,6.6875,6.6779
2000-02-07,6.7116,6.7989,6.8026,6.8030,6.7815
2000-02-08,6.6976,6.7645,6.7568,6.7464,6.6989
2000-02-09,6.6916,6.7892,6.7954,6.7978,6.7787
2000-02-10,6.6747,6.8311,6.8516,6.8633,6.8546
2000-02-11,6.6493,6.7877,6.8065,6.8179,6.8108
2000-02-14,6.6151,6.7166,6.7290,6.7360,6.7237
2000-02-15,6.6424,6.7516,6.7624,6.7687,6.7577
2000-02-16,6.6219,6.7515,6.7681,6.7782,6.7714
2000-02-17,6.6744,6.7961,6.8054,6.8067,6.7722
2000-02-18,6.6258,6.7151,6.7195,6.7176,6.6800
2000-02-22,6.5436,6.5985,6.6020,6.6005,6.5679
2000-02-23,6.6306,6.6955,6.6952,6.6894,6.6450
2000-02-24,6.5308,6.6026,6.6103,6.6126,6.5898
2000-02-25,6.4670,6.5624,6.5844,6.6001,6.6088
2000-02-28,6.4805,6.5834,6.6028,6.6152,6.6141
2000-02-29,6.5517,6.6489,6.6594,6.6627,6.6371
2000-03-01,6.5364,6.6103,6.6213,6.6289,6.6252
2000-03-02,6.5504,6.6266,6.6322,6.6327,6.6074
2000-03-03,6.5380,6.6232,6.6268,6.6237,6.5853
2000-03-06,6.5843,6.6573,6.6606,6.6584,6.6243
2000-03-07,6.5246,6.6174,6.6310,6.6368,6.6171
2000-03-08,6.5335,6.6110,6.6240,6.6325,6.6277
2000-03-09,6.5147,6.5800,6.5918,6.6011,6.6040
2000-03-10,6.5696,6.6296,6.6397,6.6477,6.6490
2000-03-13,6.5383,6.5928,6.6055,6.6164,6.6250
2000-03-14,6.5087,6.5394,6.5510,6.5607,6.5648
2000-03-15,6.5250,6.5263,6.5304,6.5340,6.5272
2000-03-16,6.5064,6.4958,6.4975,6.5002,6.4948
2000-03-17,6.5144,6.4605,6.4540,6.4514,6.4415
2000-03-20,6.5289,6.4660,6.4565,6.4512,6.4348
2000-03-21,6.5219,6.4377,6.4198,6.4093,6.3914
2000-03-22,6.5069,6.4308,6.4170,6.4099,6.3986
2000-03-23,6.5274,6.4061,6.3856,6.3741,6.3564
2000-03-24,6.6333,6.5325,6.5069,6.4907,6.4643
2000-03-27,6.6410,6.5383,6.5105,6.4923,6.4622
2000-03-28,6.5990,6.4863,6.4633,6.4506,6.4351
2000-03-29,6.5961,6.4817,6.4597,6.4487,6.4404
2000-03-30,6.5160,6.3683,6.3429,6.3307,6.3260
2000-03-31,6.5100,6.3458,6.3176,6.3017,6.2831
2000-04-03,6.4650,6.3132,6.2882,6.2752,6.2641
2000-04-04,6.3358,6.1756,6.1620,6.1596,6.1695
2000-04-05,6.3483,6.1898,6.1736,6.1690,6.1772
2000-04-06,6.3899,6.2333,6.2112,6.1993,6.1848
2000-04-07,6.3860,6.1942,6.1673,6.1507,6.1223
2000-04-10,6.3229,6.1262,6.1111,6.1053,6.0990
2000-04-11,6.3639,6.2134,6.2047,6.2027,6.2003
2000-04-12,6.3950,6.2966,6.2929,6.2919,6.2817
2000-04-13,6.3898,6.2564,6.2485,6.2455,6.2363
2000-04-14,6.2640,6.1501,6.1498,6.1544,6.1669
2000-04-17,6.3260,6.2910,6.3020,6.3127,6.3271
2000-04-18,6.3353,6.3102,6.3198,6.3286,6.3363
2000-04-19,6.3346,6.2593,6.2577,6.2578,6.2508
2000-04-20,6.3681,6.2590,6.2526,6.2502,6.2417
2000-04-24,6.3614,6.2486,6.2476,6.2520,6.2631
2000-04-25,6.4805,6.4043,6.3981,6.3938,6.3742
2000-04-26,6.5109,6.4140,6.4048,6.3991,6.3799
2000-04-27,6.6316,6.5266,6.5072,6.4931,6.4574
2000-04-28,6.6887,6.5514,6.5210,6.4975,6.4422
2000-05-01,6.7174,6.5911,6.5627,6.5389,6.4757
2000-05-02,6.7234,6.6121,6.5926,6.5765,6.5287
2000-05-03,6.7511,6.6737,6.6638,6.6556,6.6232
2000-05-04,6.7815,6.7046,6.6998,6.6997,6.6949
2000-05-05,6.8461,6.7652,6.7556,6.7508,6.7351
2000-05-08,6.8855,6.8212,6.8154,6.8138,6.8049
2000-05-09,6.8642,6.7850,6.7769,6.7733,6.7600
2000-05-10,6.8421,6.7206,6.7095,6.7031,6.6828
2000-05-11,6.8419,6.6994,6.6855,6.6777,6.6570
2000-05-12,6.9151,6.7978,6.7886,6.7816,6.7524
2000-05-15,6.8892,6.7617,6.7485,6.7379,6.7006
2000-05-16,6.8978,6.7456,6.7263,6.7106,6.6625
2000-05-17,6.9197,6.7783,6.7656,6.7555,6.7182
2000-05-18,6.9566,6.8566,6.8510,6.8448,6.8097
2000-05-19,6.8803,6.7920,6.7902,6.7870,6.7598
2000-05-22,6.8324,6.7220,6.7179,6.7141,6.6896
2000-05-23,6.8476,6.7300,6.7232,6.7176,6.6907
2000-05-24,6.8713,6.7648,6.7587,6.7528,6.7232
2000-05-25,6.7942,6.6874,6.6765,6.6656,6.6236
2000-05-26,6.7619,6.6093,6.5967,6.5871,6.5554
2000-05-30,6.8179,6.6682,6.6550,6.6444,6.6094
2000-05-31,6.7609,6.5850,6.5679,6.5543,6.5149
2000-06-01,6.6667,6.4937,6.4779,6.4654,6.4289
2000-06-02,6.5905,6.4240,6.4111,6.4039,6.3864
2000-06-05,6.5601,6.3922,6.3803,6.3732,6.3538
2000-06-06,6.5762,6.4169,6.4036,6.3935,6.3639
2000-06-07,6.5944,6.4068,6.3886,6.3752,6.3413
2000-06-08,6.6159,6.4142,6.3915,6.3751,6.3365
2000-06-09,6.6238,6.4173,6.3949,6.3789,6.3413
2000-06-12,6.5941,6.3779,6.3566,6.3423,6.3106
2000-06-13,6.5471,6.3883,6.3601,6.3376,6.2923
2000-06-14,6.5019,6.3230,6.3107,6.3045,6.2930
2000-06-15,6.5134,6.3170,6.3046,6.3007,6.2996
2000-06-16,6.4449,6.2515,6.2412,6.2389,6.2417
2000-06-19,6.4602,6.2649,6.2549,6.2540,6.2622
2000-06-20,6.4921,6.2931,6.2789,6.2752,6.2802
2000-06-21,6.5672,6.3805,6.3660,6.3611,6.3605
2000-06-22,6.5621,6.3879,6.3706,6.3638,6.3619
2000-06-23,6.6037,6.4446,6.4305,6.4253,6.4238
2000-06-26,6.5415,6.3604,6.3460,6.3430,6.3535
2000-06-27,6.5455,6.3565,6.3412,6.3358,6.3353
2000-06-28,6.5238,6.3614,6.3524,6.3515,6.3584
2000-06-29,6.4496,6.2836,6.2760,6.2739,6.2714
2000-06-30,6.4463,6.2592,6.2538,6.2566,6.2723
2000-07-03,6.3761,6.2106,6.2101,6.2153,6.2325
2000-07-05,6.3636,6.1919,6.1904,6.1953,6.2139
2000-07-06,6.4087,6.2686,6.2681,6.2715,6.2809
2000-07-07,6.3582,6.1879,6.1879,6.1950,6.2203
2000-07-10,6.3834,6.2161,6.2133,6.2187,6.2421
2000-07-11,6.3992,6.2441,6.2394,6.2413,6.2524
2000-07-12,6.4114,6.2775,6.2718,6.2708,6.2700
2000-07-13,6.3590,6.2040,6.1954,6.1923,6.1879
2000-07-14,6.4636,6.3121,6.2997,6.2938,6.2845
2000-07-17,6.5110,6.3759,6.3654,6.3614,6.3555
2000-07-18,6.5005,6.3652,6.3532,6.3487,6.3454
2000-07-19,6.5105,6.3723,6.3624,6.3591,6.3549
2000-07-20,6.3701,6.2144,6.2020,6.1982,6.1990
2000-07-21,6.3670,6.2079,6.1936,6.1864,6.1756
2000-07-24,6.3948,6.2410,6.2229,6.2131,6.2002
2000-07-25,6.3883,6.2332,6.2164,6.2076,6.1958
2000-07-26,6.3848,6.2249,6.2090,6.2018,6.1959
2000-07-27,6.3581,6.1997,6.1806,6.1698,6.1553
2000-07-28,6.3828,6.2239,6.2113,6.2044,6.1895
2000-07-31,6.3819,6.2194,6.2086,6.2036,6.1932
2000-08-01,6.3401,6.1649,6.1562,6.1530,6.1466
2000-08-02,6.3178,6.1381,6.1297,6.1280,6.1293
2000-08-03,6.3081,6.1199,6.1095,6.1054,6.0996
2000-08-04,6.2319,6.0715,6.0655,6.0638,6.0614
2000-08-07,6.2660,6.1264,6.1196,6.1155,6.1041
2000-08-08,6.2449,6.0782,6.0716,6.0695,6.0660
2000-08-09,6.2525,6.0722,6.0633,6.0601,6.0567
2000-08-10,6.2354,6.0293,6.0188,6.0163,6.0188
2000-08-11,6.3057,6.0919,6.0799,6.0758,6.0737
2000-08-14,6.3103,6.0921,6.0730,6.0620,6.0440
2000-08-15,6.3388,6.1229,6.1025,6.0902,6.0692
2000-08-16,6.3614,6.1456,6.1250,6.1142,6.1000
2000-08-17,6.3593,6.1410,6.1168,6.1023,6.0792
2000-08-18,6.3261,6.1033,6.0766,6.0608,6.0398
2000-08-21,6.3324,6.1079,6.0840,6.0710,6.0564
2000-08-22,6.3033,6.0926,6.0757,6.0663,6.0508
2000-08-23,6.2626,6.0349,6.0162,6.0069,5.9970
2000-08-24,6.2471,6.0223,6.0038,5.9943,5.9836
2000-08-25,6.2456,6.0190,6.0001,5.9912,5.9843
2000-08-28,6.2739,6.0643,6.0405,6.0290,6.0272
2000-08-29,6.3072,6.0997,6.0849,6.0792,6.0767
2000-08-30,6.2925,6.0947,6.0798,6.0736,6.0692
2000-08-31,6.2144,6.0051,5.9926,5.9891,5.9912
2000-09-01,6.1335,5.9295,5.9214,5.9234,5.9451
2000-09-05,6.1392,5.9354,5.9293,5.9315,5.9475
2000-09-06,6.1513,5.9677,5.9682,5.9749,5.9971
2000-09-07,6.1739,5.9983,5.9998,6.0069,6.0283
2000-09-08,6.1411,5.9705,5.9724,5.9795,6.0001
2000-09-11,6.1663,6.0003,6.0035,6.0121,6.0371
2000-09-12,6.1607,6.0054,6.0109,6.0205,6.0456
2000-09-13,6.1227,5.9581,5.9632,5.9745,6.0084
2000-09-14,6.1324,5.9815,5.9955,6.0152,6.0687
2000-09-15,6.0961,5.9650,5.9889,6.0207,6.1107
2000-09-18,6.0568,5.9599,5.9918,6.0306,6.1373
2000-09-19,6.0812,5.9535,5.9841,6.0217,6.1223
2000-09-20,6.1212,5.9976,6.0249,6.0608,6.1635
2000-09-21,6.1091,5.9856,6.0109,6.0425,6.1273
2000-09-22,6.0863,5.9517,5.9725,6.0037,6.1024
2000-09-25,6.1089,5.9510,5.9724,6.0034,6.0957
2000-09-26,6.0706,5.9193,5.9428,5.9739,6.0607
2000-09-27,6.0605,5.9109,5.9405,5.9782,6.0831
2000-09-28,6.0801,5.9146,5.9370,5.9693,6.0663
2000-09-29,6.0393,5.8837,5.9138,5.9508,6.0514
2000-10-02,6.0513,5.8887,5.9218,5.9640,6.0827
2000-10-03,6.0699,5.9187,5.9531,5.9949,6.1086
2000-10-04,6.1074,5.9503,5.9795,6.0173,6.1236
2000-10-05,6.0835,5.9256,5.9550,5.9912,6.0896
2000-10-06,6.0488,5.8971,5.9243,5.9561,6.0389
2000-10-10,6.0340,5.8797,5.9043,5.9335,6.0111
2000-10-11,5.9977,5.8394,5.8655,5.8978,5.9866
2000-10-12,5.9160,5.7662,5.8006,5.8416,5.9530
2000-10-13,5.9132,5.7673,5.8027,5.8438,5.9528
2000-10-16,5.9643,5.7937,5.8234,5.8609,5.9663
2000-10-17,5.8874,5.7254,5.7575,5.7959,5.9007
2000-10-18,5.8886,5.7117,5.7429,5.7822,5.8935
2000-10-19,5.9244,5.7286,5.7532,5.7862,5.8821
2000-10-20,5.9119,5.7113,5.7320,5.7610,5.8480
2000-10-23,5.8874,5.6700,5.6867,5.7119,5.7910
2000-10-24,5.9183,5.7097,5.7281,5.7543,5.8340
2000-10-25,5.9574,5.7553,5.7755,5.8026,5.8813
2000-10-26,5.9810,5.7678,5.7840,5.8079,5.8801
2000-10-27,6.0133,5.7978,5.8104,5.8310,5.8956
2000-10-30,6.0365,5.8255,5.8368,5.8564,5.9180
2000-10-31,6.0073,5.8411,5.8609,5.8859,5.9549
2000-11-01,5.9626,5.8046,5.8279,5.8563,5.9338
2000-11-02,5.9488,5.7923,5.8163,5.8460,5.9281
2000-11-03,6.0185,5.8823,5.9085,5.9393,6.0211
2000-11-06,6.0562,5.9169,5.9427,5.9729,6.0521
2000-11-07,6.0614,5.9231,5.9473,5.9758,6.0514
2000-11-08,6.0525,5.9166,5.9393,5.9659,6.0360
2000-11-09,6.0020,5.8554,5.8810,5.9113,5.9920
2000-11-10,5.9814,5.8441,5.8741,5.9081,5.9969
2000-11-13,5.9515,5.8061,5.8356,5.8696,5.9596
2000-11-14,5.9731,5.8034,5.8248,5.8523,5.9298
2000-11-15,5.9510,5.7763,5.7948,5.8194,5.8901
2000-11-16,5.9222,5.7460,5.7642,5.7885,5.8591
2000-11-17,5.9297,5.7633,5.7837,5.8107,5.8885
2000-11-20,5.9074,5.7378,5.7600,5.7883,5.8684
2000-11-21,5.9257,5.7265,5.7382,5.7612,5.8421
2000-11-22,5.8989,5.6828,5.6903,5.7094,5.7814
2000-11-24,5.9234,5.6997,5.7032,5.7186,5.7819
2000-11-27,5.9232,5.7062,5.7140,5.7338,5.8088
2000-11-28,5.8609,5.6432,5.6522,5.6738,5.7552
2000-11-29,5.8031,5.5894,5.6026,5.6288,5.7236
2000-11-30,5.7149,5.4947,5.5130,5.5439,5.6492
2000-12-01,5.7464,5.5443,5.5622,5.5915,5.6903
2000-12-04,5.7124,5.5401,5.5638,5.5976,5.7038
2000-12-05,5.6085,5.4474,5.4740,5.5094,5.6175
2000-12-06,5.5215,5.3456,5.3724,5.4087,5.5216
2000-12-07,5.5409,5.3508,5.3748,5.4090,5.5174
2000-12-08,5.5871,5.4019,5.4235,5.4554,5.5592
2000-12-11,5.5966,5.4035,5.4256,5.4585,5.5648
2000-12-12,5.5953,5.3972,5.4180,5.4499,5.5549
2000-12-13,5.5184,5.3126,5.3348,5.3690,5.4816
2000-12-14,5.4941,5.2591,5.2785,5.3120,5.4295
2000-12-15,5.4526,5.2203,5.2422,5.2784,5.4035
2000-12-18,5.3933,5.1730,5.1994,5.2407,5.3814
2000-12-19,5.4109,5.1896,5.2152,5.2563,5.3988
2000-12-20,5.2895,5.0866,5.1201,5.1681,5.3253
2000-12-21,5.2208,5.0432,5.0761,5.1235,5.2819
2000-12-22,5.1761,5.0185,5.0532,5.1021,5.2657
2000-12-26,5.1640,5.0330,5.0780,5.1328,5.2961
2000-12-27,5.2275,5.1059,5.1491,5.2016,5.3574
2000-12-28,5.2735,5.1439,5.1844,5.2338,5.3803
2000-12-29,5.2227,5.1141,5.1604,5.2146,5.3714
2001-01-02,4.9833,4.8904,4.9460,5.0089,5.1886
2001-01-03,5.0664,5.1065,5.1694,5.2321,5.3931
2001-01-04,4.8879,4.9837,5.0543,5.1232,5.2993
2001-01-05,4.6825,4.8361,4.9206,5.0016,5.2058
2001-01-08,4.6561,4.8242,4.9128,4.9974,5.2102
2001-01-09,4.7578,4.8904,4.9697,5.0462,5.2406
2001-01-10,4.8631,4.9905,5.0692,5.1449,5.3349
2001-01-11,4.8708,5.0126,5.0986,5.1813,5.3878
2001-01-12,4.9935,5.1253,5.2066,5.2848,5.4798
2001-01-16,4.9845,5.1042,5.1851,5.2636,5.4596
2001-01-17,4.9251,5.0285,5.1103,5.1902,5.3898
2001-01-18,4.7957,4.9293,5.0180,5.1034,5.3146
2001-01-19,4.8460,5.0158,5.1063,5.1921,5.4019
2001-01-22,4.8477,5.0458,5.1405,5.2293,5.4445
2001-01-23,4.9053,5.1093,5.2025,5.2893,5.4984
2001-01-24,4.9294,5.1430,5.2350,5.3201,5.5240
2001-01-25,4.9052,5.1055,5.1958,5.2797,5.4813
2001-01-26,4.8868,5.1012,5.1942,5.2808,5.4893
2001-01-29,4.8862,5.1188,5.2140,5.3022,5.5142
2001-01-30,4.8158,5.0293,5.1219,5.2086,5.4190
2001-01-31,4.7267,4.9774,5.0731,5.1611,5.3725
2001-02-01,4.6601,4.8984,4.9885,5.0716,5.2731
2001-02-02,4.7646,4.9740,5.0611,5.1420,5.3386
2001-02-05,4.7807,4.9852,5.0686,5.1458,5.3326
2001-02-06,4.8188,5.0292,5.1120,5.1883,5.3716
2001-02-07,4.8057,5.0149,5.0989,5.1766,5.3644
2001-02-08,4.8194,5.0285,5.1111,5.1875,5.3721
2001-02-09,4.7448,4.9441,5.0275,5.1054,5.2958
2001-02-12,4.7491,4.9704,5.0578,5.1387,5.3352
2001-02-13,4.8055,4.9920,5.0774,5.1579,5.3560
2001-02-14,4.9005,5.0482,5.1239,5.1985,5.3904
2001-02-15,4.9468,5.1360,5.2154,5.2896,5.4701
2001-02-16,4.8093,5.0342,5.1227,5.2046,5.4028
2001-02-20,4.7912,5.0230,5.1115,5.1931,5.3906
2001-02-21,4.7890,5.0439,5.1351,5.2187,5.4194
2001-02-22,4.7305,5.0228,5.1234,5.2149,5.4318
2001-02-23,4.6386,4.9534,5.0579,5.1524,5.3760
2001-02-26,4.5805,4.9058,5.0095,5.1031,5.3253
2001-02-27,4.5532,4.8304,4.9247,5.0109,5.2190
2001-02-28,4.5173,4.7787,4.8804,4.9746,5.2033
2001-03-01,4.5102,4.7424,4.8385,4.9282,5.1483
2001-03-02,4.5781,4.8322,4.9331,5.0266,5.2532
2001-03-05,4.5996,4.8617,4.9582,5.0469,5.2606
2001-03-06,4.5827,4.8638,4.9642,5.0560,5.2756
2001-03-07,4.5305,4.7973,4.8955,4.9859,5.2038
2001-03-08,4.5135,4.7744,4.8719,4.9618,5.1797
2001-03-09,4.5615,4.8311,4.9260,5.0128,5.2210
2001-03-12,4.5439,4.8062,4.9015,4.9892,5.2012
2001-03-13,4.5452,4.8312,4.9268,5.0139,5.2226
2001-03-14,4.4060,4.7138,4.8154,4.9080,5.1304
2001-03-15,4.3045,4.6553,4.7676,4.8694,5.1120
2001-03-16,4.3082,4.6348,4.7416,4.8392,5.0755
2001-03-19,4.3657,4.6803,4.7860,4.8826,5.1160
2001-03-20,4.2893,4.6221,4.7335,4.8352,5.0799
2001-03-21,4.2586,4.5867,4.7043,4.8126,5.0740
2001-03-22,4.2074,4.5320,4.6508,4.7606,5.0267
2001-03-23,4.2823,4.6065,4.7241,4.8325,5.0942
2001-03-26,4.3048,4.6527,4.7749,4.8869,5.1550
2001-03-27,4.4477,4.8003,4.9214,5.0319,5.2930
2001-03-28,4.3846,4.7680,4.8949,5.0099,5.2809
2001-03-29,4.3313,4.7615,4.8923,5.0094,5.2840
2001-03-30,4.2591,4.6913,4.8259,4.9472,5.2333
2001-04-02,4.2911,4.7089,4.8479,4.9746,5.2744
2001-04-03,4.2072,4.6547,4.7995,4.9308,5.2400
2001-04-04,4.1695,4.6420,4.7880,4.9193,5.2285
2001-04-05,4.2328,4.6878,4.8310,4.9604,5.2660
2001-04-06,4.1246,4.5861,4.7284,4.8569,5.1617
2001-04-09,4.1555,4.6147,4.7593,4.8904,5.2015
2001-04-10,4.2953,4.7459,4.8920,5.0263,5.3496
2001-04-11,4.3339,4.8014,4.9428,5.0695,5.3660
2001-04-12,4.4165,4.8675,5.0040,5.1267,5.4131
2001-04-16,4.5366,4.9775,5.1130,5.2358,5.5239
2001-04-17,4.4460,4.9120,5.0491,5.1713,5.4545
2001-04-18,4.2778,4.8027,4.9496,5.0800,5.3842
2001-04-19,4.3300,4.9149,5.0688,5.2040,5.5139
2001-04-20,4.3075,4.9243,5.0797,5.2153,5.5238
2001-04-23,4.1906,4.8233,4.9829,5.1221,5.4394
2001-04-24,4.1864,4.8253,4.9892,5.1325,5.4591
2001-04-25,4.2840,4.9037,5.0628,5.2016,5.5168
2001-04-26,4.2100,4.8234,4.9820,5.1204,5.4350
2001-04-27,4.3467,4.9740,5.1310,5.2671,5.5729
2001-04-30,4.3761,4.9975,5.1494,5.2805,5.5732
2001-05-01,4.3158,4.9445,5.0989,5.2321,5.5291
2001-05-02,4.3476,4.9565,5.1033,5.2294,5.5092
2001-05-03,4.2916,4.8747,5.0201,5.1460,5.4279
2001-05-04,4.2204,4.8371,4.9890,5.1205,5.4158
2001-05-07,4.1867,4.8243,4.9811,5.1167,5.4213
2001-05-08,4.1734,4.8241,4.9863,5.1271,5.4438
2001-05-09,4.1363,4.7840,4.9436,5.0820,5.3938
2001-05-10,4.2376,4.8999,5.0595,5.1971,5.5050
2001-05-11,4.4303,5.1050,5.2619,5.3958,5.6899
2001-05-14,4.3659,5.0540,5.2141,5.3509,5.6517
2001-05-15,4.3429,5.0787,5.2449,5.3858,5.6926
2001-05-16,4.3155,5.0595,5.2272,5.3692,5.6771
2001-05-17,4.3896,5.0798,5.2359,5.3680,5.6541
2001-05-18,4.4205,5.0853,5.2339,5.3595,5.6319
2001-05-21,4.4288,5.0898,5.2364,5.3603,5.6287
2001-05-22,4.4103,5.0879,5.2392,5.3673,5.6451
2001-05-23,4.3618,5.0690,5.2264,5.3593,5.6470
2001-05-24,4.4317,5.1586,5.3159,5.4480,5.7322
2001-05-25,4.4109,5.1489,5.3087,5.4428,5.7306
2001-05-29,4.4324,5.1714,5.3305,5.4639,5.7492
2001-05-30,4.4292,5.1675,5.3246,5.4561,5.7378
2001-05-31,4.3020,5.0445,5.2065,5.3428,5.6368
2001-06-01,4.3207,5.0311,5.1856,5.3154,5.5946
2001-06-04,4.3047,5.0162,5.1693,5.2977,5.5736
2001-06-05,4.2391,4.9461,5.1043,5.2380,5.5280
2001-06-06,4.2379,4.9441,5.1006,5.2326,5.5190
2001-06-07,4.2567,4.9876,5.1476,5.2823,5.5732
2001-06-08,4.3054,5.0351,5.1895,5.3188,5.5968
2001-06-11,4.2445,4.9766,5.1328,5.2638,5.5459
2001-06-12,4.2051,4.9297,5.0860,5.2172,5.5004
2001-06-13,4.1961,4.9241,5.0838,5.2182,5.5079
2001-06-14,4.1514,4.8796,5.0429,5.1809,5.4801
2001-06-15,4.1217,4.8622,5.0336,5.1793,5.4969
2001-06-18,4.0969,4.8499,5.0235,5.1712,5.4936
2001-06-19,4.0821,4.8370,5.0085,5.1542,5.4727
2001-06-20,4.0609,4.8244,4.9942,5.1380,5.4522
2001-06-21,4.0596,4.8109,4.9788,5.1211,5.4322
2001-06-22,3.9857,4.7384,4.9076,5.0511,5.3646
2001-06-25,4.0086,4.7581,4.9267,5.0697,5.3824
2001-06-26,4.0945,4.8432,5.0102,5.1515,5.4584
2001-06-27,4.1984,4.9083,5.0617,5.1908,5.4695
2001-06-28,4.3039,5.0117,5.1645,5.2924,5.5659
2001-06-29,4.3305,5.0604,5.2211,5.3557,5.6415
2001-07-02,4.2712,4.9836,5.1471,5.2850,5.5807
2001-07-03,4.3111,5.0213,5.1845,5.3221,5.6167
2001-07-05,4.3194,5.0577,5.2240,5.3636,5.6598
2001-07-06,4.2437,5.0126,5.1804,5.3208,5.6197
2001-07-09,4.2295,4.9830,5.1467,5.2837,5.5757
2001-07-10,4.1690,4.9299,5.0947,5.2330,5.5291
2001-07-11,4.1542,4.9150,5.0836,5.2257,5.5314
2001-07-12,4.1549,4.8975,5.0607,5.1981,5.4948
2001-07-13,4.1897,4.9118,5.0700,5.2032,5.4912
2001-07-16,4.1354,4.8581,5.0155,5.1481,5.4354
2001-07-17,4.1551,4.8695,5.0227,5.1518,5.4319
2001-07-18,4.0195,4.7564,4.9135,5.0456,5.3331
2001-07-19,4.0397,4.7724,4.9284,5.0596,5.3450
2001-07-20,4.0393,4.7825,4.9410,5.0742,5.3634
2001-07-23,4.0269,4.7616,4.9189,5.0512,5.3389
2001-07-24,4.0193,4.7426,4.8988,5.0308,5.3190
2001-07-25,4.0639,4.8069,4.9664,5.1005,5.3909
2001-07-26,4.0147,4.7742,4.9392,5.0782,5.3801
2001-07-27,3.9350,4.6992,4.8688,5.0119,5.3227
2001-07-30,3.9144,4.6791,4.8477,4.9901,5.3002
2001-07-31,3.8543,4.6262,4.7986,4.9443,5.2619
2001-08-01,3.8899,4.6689,4.8398,4.9835,5.2951
2001-08-02,3.9630,4.7350,4.9051,5.0484,5.3585
2001-08-03,3.9778,4.7624,4.9323,5.0748,5.3813
2001-08-06,3.9476,4.7439,4.9185,5.0652,5.3808
2001-08-07,3.9558,4.7462,4.9219,5.0698,5.3883
2001-08-08,3.8289,4.6276,4.8051,4.9547,5.2783
2001-08-09,3.8433,4.6716,4.8504,4.9998,5.3193
2001-08-10,3.7988,4.6252,4.8069,4.9591,5.2854
2001-08-13,3.7467,4.5851,4.7720,4.9285,5.2647
2001-08-14,3.7853,4.5947,4.7786,4.9337,5.2691
2001-08-15,3.8493,4.6387,4.8163,4.9657,5.2888
2001-08-16,3.7971,4.5919,4.7710,4.9216,5.2471
2001-08-17,3.7175,4.4988,4.6770,4.8277,5.1570
2001-08-20,3.8139,4.5661,4.7387,4.8856,5.2079
2001-08-21,3.7644,4.5313,4.7060,4.8544,5.1802
2001-08-22,3.8174,4.5649,4.7328,4.8752,5.1875
2001-08-23,3.7954,4.5459,4.7143,4.8570,5.1690
2001-08-24,3.8293,4.5836,4.7531,4.8966,5.2098
2001-08-27,3.8440,4.5979,4.7676,4.9114,5.2255
2001-08-28,3.7629,4.5094,4.6788,4.8230,5.1408
2001-08-29,3.7214,4.4518,4.6196,4.7630,5.0815
2001-08-30,3.6576,4.4492,4.6231,4.7697,5.0907
2001-08-31,3.7022,4.4807,4.6548,4.8023,5.1248
2001-09-04,3.8819,4.6470,4.8169,4.9597,5.2686
2001-09-05,3.8435,4.6256,4.7982,4.9429,5.2543
2001-09-06,3.7073,4.5021,4.6813,4.8320,5.1580
2001-09-07,3.5913,4.4252,4.6090,4.7628,5.0956
2001-09-10,3.5870,4.4403,4.6317,4.7921,5.1379
2001-09-13,3.0698,4.0703,4.3075,4.5078,4.9439
2001-09-14,2.9774,4.0028,4.2491,4.4566,4.9059
2001-09-17,3.0726,4.0444,4.2829,4.4880,4.9445
2001-09-18,3.0503,4.0810,4.3390,4.5615,5.0553
2001-09-19,2.8962,3.9870,4.2597,4.4951,5.0189
2001-09-20,2.9868,4.0583,4.3290,4.5631,5.0853
2001-09-21,2.9667,4.0382,4.3022,4.5300,5.0388
2001-09-24,3.0007,4.0758,4.3367,4.5606,5.0570
2001-09-25,2.9403,4.0498,4.3168,4.5450,5.0484
2001-09-26,2.8914,3.9925,4.2560,4.4807,4.9756
2001-09-27,2.8437,3.9437,4.2022,4.4220,4.9064
2001-09-28,2.9175,3.9970,4.2481,4.4611,4.9284
2001-10-01,2.8689,3.9611,4.2109,4.4210,4.8789
2001-10-02,2.8220,3.9352,4.1871,4.3987,4.8582
2001-10-03,2.8270,3.9192,4.1670,4.3763,4.8343
2001-10-04,2.8187,3.9204,4.1699,4.3799,4.8368
2001-10-05,2.7723,3.8870,4.1437,4.3605,4.8333
2001-10-09,2.8186,3.9665,4.2268,4.4457,4.9196
2001-10-10,2.8438,3.9627,4.2156,4.4292,4.8942
2001-10-11,2.9330,4.0487,4.3018,4.5150,4.9769
2001-10-12,2.8718,4.0256,4.2857,4.5042,4.9756
2001-10-15,2.8376,3.9643,4.2213,4.4391,4.9141
2001-10-16,2.8325,3.9356,4.1907,4.4077,4.8829
2001-10-17,2.8623,3.9526,4.1999,4.4096,4.8682
2001-10-18,2.8263,3.9491,4.2002,4.4118,4.8709
2001-10-19,2.8494,3.9856,4.2373,4.4493,4.9094
2001-10-22,2.8739,4.0027,4.2509,4.4598,4.9125
2001-10-23,2.8802,4.0199,4.2680,4.4765,4.9280
2001-10-24,2.7975,3.9614,4.2110,4.4186,4.8636
2001-10-25,2.7082,3.9070,4.1609,4.3711,4.8194
2001-10-26,2.6942,3.8856,4.1402,4.3516,4.8042
2001-10-29,2.6259,3.8291,4.0893,4.3052,4.7670
2001-10-30,2.5377,3.7573,4.0213,4.2408,4.7121
2001-10-31,2.4989,3.6596,3.9157,4.1299,4.5895
2001-11-01,2.5402,3.6419,3.8890,4.0969,4.5459
2001-11-02,2.5540,3.7490,4.0115,4.2294,4.6910
2001-11-05,2.5247,3.6996,3.9569,4.1700,4.6208
2001-11-06,2.4451,3.6528,3.9160,4.1339,4.5952
2001-11-07,2.3828,3.5650,3.8228,4.0369,4.4937
2001-11-08,2.4798,3.6642,3.9206,4.1333,4.5845
2001-11-09,2.5269,3.7088,3.9634,4.1741,4.6192
2001-11-13,2.5963,3.7820,4.0344,4.2427,4.6812
2001-11-14,2.7501,3.9229,4.1689,4.3719,4.7985
2001-11-15,3.0263,4.1955,4.4345,4.6313,5.0414
2001-11-16,3.1420,4.3395,4.5777,4.7723,5.1726
2001-11-19,2.9641,4.2157,4.4601,4.6589,5.0668
2001-11-20,2.9939,4.2709,4.5230,4.7281,5.1481
2001-11-21,3.1577,4.4068,4.6543,4.8556,5.2649
2001-11-23,3.2505,4.4801,4.7240,4.9225,5.3263
2001-11-26,3.2662,4.4996,4.7428,4.9406,5.3422
2001-11-27,3.1108,4.4284,4.6821,4.8868,5.3002
2001-11-28,3.1253,4.4196,4.6684,4.8702,5.2823
2001-11-29,2.8845,4.2037,4.4641,4.6770,5.1185
2001-11-30,2.8606,4.1917,4.4553,4.6712,5.1208
2001-12-03,2.8303,4.1488,4.4109,4.6259,5.0754
2001-12-04,2.8173,4.1123,4.3692,4.5804,5.0229
2001-12-05,3.0820,4.3593,4.6084,4.8120,5.2338
2001-12-06,3.2016,4.5034,4.7515,4.9529,5.3658
2001-12-07,3.2323,4.6316,4.8950,5.1077,5.5388
2001-12-10,3.1286,4.5901,4.8587,5.0739,5.5061
2001-12-11,3.0411,4.5156,4.7925,5.0155,5.4658
2001-12-12,2.9728,4.4216,4.6911,4.9085,5.3520
2001-12-13,3.0977,4.5337,4.7990,5.0124,5.4443
2001-12-14,3.2173,4.6572,4.9197,5.1299,5.5512
2001-12-17,3.2192,4.6822,4.9424,5.1493,5.5620
2001-12-18,3.1353,4.5964,4.8537,5.0581,5.4662
2001-12-19,3.1135,4.5227,4.7722,4.9715,5.3738
2001-12-20,3.1561,4.5523,4.7970,4.9919,5.3844
2001-12-21,3.1844,4.5858,4.8312,5.0262,5.4172
2001-12-24,3.2369,4.6394,4.8876,5.0850,5.4789
2001-12-26,3.2875,4.6921,4.9382,5.1333,5.5207
2001-12-27,3.1889,4.6031,4.8509,5.0478,5.4419
2001-12-28,3.1604,4.6180,4.8726,5.0744,5.4774
2001-12-31,3.0681,4.5204,4.7760,4.9794,5.3881
2002-01-02,3.2203,4.6601,4.9145,5.1169,5.5212
2002-01-03,3.1835,4.6120,4.8657,5.0682,5.4756
2002-01-04,3.1924,4.6354,4.8932,5.0991,5.5127
2002-01-07,3.0810,4.5296,4.7852,4.9889,5.3990
2002-01-08,3.0767,4.5304,4.7867,4.9910,5.4026
2002-01-09,3.0433,4.5203,4.7793,4.9849,5.3968
2002-01-10,2.9535,4.3982,4.6551,4.8602,5.2742
2002-01-11,2.7874,4.2894,4.5604,4.7764,5.2117
2002-01-14,2.8052,4.2846,4.5571,4.7757,5.2189
2002-01-15,2.8091,4.2610,4.5247,4.7360,5.1653
2002-01-16,2.8512,4.2714,4.5335,4.7447,5.1766
2002-01-17,2.9744,4.3902,4.6465,4.8517,5.2676
2002-01-18,2.9262,4.3397,4.5944,4.7981,5.2111
2002-01-22,2.9807,4.3739,4.6271,4.8303,5.2438
2002-01-23,3.0582,4.4580,4.7148,4.9214,5.3415
2002-01-24,3.1311,4.4908,4.7377,4.9362,5.3402
2002-01-25,3.1670,4.5395,4.7841,4.9792,5.3718
2002-01-28,3.1677,4.5583,4.8031,4.9971,5.3843
2002-01-29,3.0263,4.4251,4.6757,4.8753,5.2768
2002-01-30,3.0542,4.4289,4.6786,4.8786,5.2833
2002-01-31,3.1460,4.4933,4.7385,4.9347,5.3301
2002-02-01,3.0859,4.4451,4.6922,4.8895,5.2865
2002-02-04,2.9980,4.3584,4.6074,4.8067,5.2099
2002-02-05,2.9871,4.3355,4.5843,4.7837,5.1893
2002-02-06,3.0002,4.3715,4.6262,4.8305,5.2444
2002-02-07,3.0064,4.3888,4.6463,4.8529,5.2718
2002-02-08,2.9663,4.3419,4.5996,4.8068,5.2280
2002-02-11,2.9783,4.3471,4.6076,4.8183,5.2489
2002-02-12,3.0583,4.4130,4.6724,4.8828,5.3131
2002-02-13,3.1040,4.4555,4.7147,4.9248,5.3538
2002-02-14,3.0768,4.4114,4.6626,4.8658,5.2811
2002-02-15,2.9771,4.3259,4.5794,4.7845,5.2049
2002-02-19,2.9880,4.3428,4.5985,4.8054,5.2293
2002-02-20,2.9964,4.3379,4.5925,4.7988,5.2220
2002-02-21,2.9928,4.3353,4.5874,4.7912,5.2082
2002-02-22,2.9743,4.2956,4.5464,4.7498,5.1684
2002-02-25,3.0092,4.3180,4.5668,4.7686,5.1842
2002-02-26,3.0714,4.3937,4.6440,4.8465,5.2608
2002-02-27,2.9731,4.2872,4.5421,4.7499,5.1791
2002-02-28,3.0388,4.3372,4.5882,4.7932,5.2182
2002-03-01,3.1574,4.4484,4.6979,4.9011,5.3201
2002-03-04,3.1989,4.4919,4.7377,4.9371,5.3464
2002-03-05,3.2108,4.5000,4.7423,4.9383,5.3392
2002-03-06,3.2199,4.5270,4.7740,4.9740,5.3836
2002-03-07,3.4055,4.7163,4.9566,5.1500,5.5416
2002-03-08,3.5528,4.8362,5.0710,5.2595,5.6387
2002-03-11,3.5383,4.8416,5.0770,5.2655,5.6441
2002-03-12,3.5180,4.8248,5.0618,5.2521,5.6357
2002-03-13,3.4480,4.7679,5.0100,5.2049,5.6005
2002-03-14,3.5896,4.8962,5.1377,5.3317,5.7226
2002-03-15,3.5835,4.8644,5.0977,5.2845,5.6601
2002-03-18,3.6001,4.8543,5.0811,5.2631,5.6308
2002-03-19,3.5712,4.8555,5.0862,5.2709,5.6429
2002-03-20,3.6577,4.9327,5.1621,5.3458,5.7154
2002-03-21,3.6866,4.9423,5.1661,5.3450,5.7048
2002-03-22,3.7192,4.9596,5.1828,5.3615,5.7219
2002-03-25,3.7502,4.9802,5.1955,5.3671,5.7124
2002-03-26,3.6700,4.9137,5.1313,5.3042,5.6507
2002-03-27,3.6431,4.9091,5.1293,5.3038,5.6526
2002-03-28,3.7023,4.9738,5.1967,5.3734,5.7257
2002-04-01,3.7147,4.9870,5.2072,5.3815,5.7284
2002-04-02,3.6106,4.8983,5.1203,5.2962,5.6473
2002-04-03,3.5174,4.8193,5.0477,5.2286,5.5895
2002-04-04,3.5439,4.8133,5.0353,5.2117,5.5663
2002-04-05,3.4665,4.7332,4.9579,5.1377,5.5022
2002-04-08,3.4795,4.7628,4.9909,5.1734,5.5426
2002-04-09,3.4408,4.7259,4.9538,5.1360,5.5049
2002-04-10,3.4431,4.7345,4.9659,5.1515,5.5281
2002-04-11,3.4256,4.7071,4.9379,5.1232,5.5000
2002-04-12,3.3699,4.6483,4.8828,5.0720,5.4590
2002-04-15,3.3411,4.6190,4.8531,5.0419,5.4287
2002-04-16,3.3867,4.6660,4.8990,5.0868,5.4708
2002-04-17,3.3724,4.6849,4.9270,5.1227,5.5239
2002-04-18,3.3549,4.6797,4.9180,5.1098,5.5026
2002-04-19,3.3506,4.6636,4.9009,5.0922,5.4839
2002-04-22,3.3424,4.6528,4.8886,5.0788,5.4689
2002-04-23,3.3602,4.6577,4.8895,5.0763,5.4597
2002-04-24,3.2579,4.5734,4.8079,4.9967,5.3841
2002-04-25,3.2354,4.5551,4.7916,4.9821,5.3741
2002-04-26,3.2030,4.5230,4.7599,4.9507,5.3433
2002-04-29,3.2457,4.5730,4.8087,4.9978,5.3847
2002-04-30,3.2417,4.5661,4.7996,4.9866,5.3678
2002-05-01,3.2009,4.5113,4.7482,4.9389,5.3298
2002-05-02,3.2409,4.5571,4.7948,4.9858,5.3756
2002-05-03,3.1734,4.4969,4.7357,4.9278,5.3206
2002-05-06,3.1824,4.5213,4.7610,4.9531,5.3433
2002-05-07,3.1380,4.4865,4.7324,4.9304,5.3346
2002-05-08,3.3203,4.6374,4.8786,5.0732,5.4703
2002-05-09,3.2662,4.5929,4.8367,5.0333,5.4343
2002-05-10,3.1897,4.5200,4.7675,4.9679,5.3795
2002-05-13,3.2801,4.6040,4.8527,5.0545,5.4688
2002-05-14,3.3831,4.6870,4.9350,5.1367,5.5513
2002-05-15,3.3295,4.6416,4.8913,5.0946,5.5138
2002-05-16,3.2632,4.5719,4.8229,5.0281,5.4541
2002-05-17,3.3746,4.6476,4.8950,5.0978,5.5203
2002-05-20,3.2969,4.5764,4.8244,5.0278,5.4525
2002-05-21,3.2547,4.5368,4.7832,4.9853,5.4085
2002-05-22,3.1930,4.4798,4.7279,4.9315,5.3584
2002-05-23,3.2391,4.5076,4.7558,4.9600,5.3887
2002-05-24,3.2568,4.5094,4.7558,4.9589,5.3868
2002-05-28,3.2659,4.5059,4.7519,4.9552,5.3845
2002-05-29,3.1986,4.4453,4.6922,4.8964,5.3294
2002-05-30,3.1355,4.3907,4.6378,4.8421,5.2763
2002-05-31,3.1770,4.4071,4.6552,4.8613,5.3008
2002-06-03,3.1547,4.3861,4.6363,4.8445,5.2896
2002-06-04,3.0950,4.3472,4.6022,4.8145,5.2681
2002-06-05,3.1365,4.3807,4.6374,4.8515,5.3096
2002-06-06,3.0949,4.3424,4.5983,4.8115,5.2681
2002-06-07,3.1394,4.4027,4.6601,4.8740,5.3300
2002-06-10,3.1332,4.3811,4.6336,4.8434,5.2901
2002-06-11,3.0777,4.3373,4.5877,4.7953,5.2381
2002-06-12,3.0404,4.2966,4.5480,4.7567,5.2025
2002-06-13,2.9926,4.2536,4.5052,4.7141,5.1615
2002-06-14,2.8960,4.1555,4.4066,4.6150,5.0614
2002-06-17,2.9400,4.2029,4.4572,4.6687,5.1219
2002-06-18,2.9128,4.1891,4.4444,4.6563,5.1101
2002-06-19,2.7891,4.0693,4.3279,4.5431,5.0063
2002-06-20,2.9053,4.1643,4.4191,4.6314,5.0884
2002-06-21,2.8568,4.1107,4.3636,4.5741,5.0280
2002-06-24,2.9170,4.1772,4.4314,4.6427,5.0966
2002-06-25,2.8934,4.1820,4.4395,4.6532,5.1118
2002-06-26,2.7366,4.0450,4.3057,4.5223,4.9898
2002-06-27,2.8280,4.1368,4.4002,4.6194,5.0918
2002-06-28,2.8522,4.1583,4.4210,4.6395,5.1113
2002-07-01,2.8277,4.1415,4.4045,4.6233,5.0950
2002-07-02,2.7193,4.0547,4.3209,4.5416,5.0168
2002-07-03,2.7318,4.0614,4.3272,4.5480,5.0243
2002-07-05,2.8667,4.1864,4.4492,4.6674,5.1365
2002-07-08,2.7907,4.1256,4.3922,4.6134,5.0886
2002-07-09,2.7025,4.0413,4.3123,4.5380,5.0244
2002-07-10,2.5578,3.9093,4.1846,4.4141,4.9111
2002-07-11,2.5730,3.9121,4.1857,4.4138,4.9074
2002-07-12,2.5317,3.8710,4.1469,4.3770,4.8760
2002-07-15,2.5244,3.8882,4.1700,4.4046,4.9113
2002-07-16,2.6250,3.9764,4.2578,4.4929,5.0015
2002-07-17,2.5743,3.9243,4.2058,4.4412,4.9523
2002-07-18,2.5089,3.8608,4.1438,4.3814,4.9016
2002-07-19,2.4511,3.8027,4.0870,4.3257,4.8478
2002-07-22,2.3635,3.6875,3.9753,4.2186,4.7551
2002-07-23,2.2992,3.6290,3.9236,4.1733,4.7255
2002-07-24,2.3359,3.6442,3.9394,4.1910,4.7507
2002-07-25,2.2294,3.5513,3.8557,4.1160,4.6960
2002-07-26,2.1748,3.5206,3.8352,4.1038,4.7017
2002-07-29,2.3970,3.7265,4.0320,4.2922,4.8676
2002-07-30,2.4236,3.7656,4.0686,4.3251,4.8878
2002-07-31,2.2297,3.5962,3.9093,4.1741,4.7543
2002-08-01,2.1542,3.5216,3.8465,4.1222,4.7267
2002-08-02,1.9834,3.3488,3.6803,3.9627,4.5850
2002-08-05,1.9166,3.2750,3.6148,3.9059,4.5494
2002-08-06,2.0973,3.4339,3.7645,4.0480,4.6736
2002-08-07,1.9654,3.3223,3.6642,3.9580,4.6071
2002-08-08,2.0846,3.4119,3.7443,4.0297,4.6593
2002-08-09,2.0692,3.3315,3.6504,3.9261,4.5416
2002-08-12,2.0685,3.3057,3.6177,3.8877,4.4916
2002-08-13,1.9801,3.2179,3.5302,3.8007,4.4073
2002-08-14,2.0949,3.2636,3.5541,3.8057,4.3719
2002-08-15,2.1890,3.3636,3.6542,3.9057,4.4701
2002-08-16,2.2765,3.5007,3.7964,4.0502,4.6125
2002-08-19,2.2392,3.4859,3.7812,4.0334,4.5899
2002-08-20,2.1051,3.3455,3.6475,3.9066,4.4811
2002-08-21,2.1328,3.3669,3.6686,3.9276,4.5024
2002-08-22,2.2312,3.4517,3.7514,4.0094,4.5825
2002-08-23,2.1765,3.3884,3.6860,3.9425,4.5143
2002-08-26,2.1652,3.3587,3.6555,3.9116,4.4835
2002-08-27,2.2312,3.4329,3.7325,3.9911,4.5668
2002-08-28,2.1793,3.3722,3.6693,3.9258,4.4987
2002-08-29,2.1367,3.3011,3.5992,3.8580,4.4392
2002-08-30,2.1172,3.2733,3.5727,3.8327,4.4160
2002-09-03,1.9678,3.0897,3.3925,3.6577,4.2579
2002-09-04,1.9772,3.0736,3.3734,3.6368,4.2357
2002-09-05,1.9102,3.0116,3.3155,3.5827,4.1918
2002-09-06,2.0539,3.1588,3.4591,3.7226,4.3210
2002-09-09,2.0909,3.1740,3.4702,3.7303,4.3213
2002-09-10,2.0761,3.1493,3.4422,3.6997,4.2872
2002-09-11,2.1476,3.2277,3.5184,3.7734,4.3528
2002-09-12,2.0814,3.1414,3.4305,3.6847,4.2659
2002-09-13,2.0465,3.0875,3.3733,3.6251,4.2023
2002-09-16,2.0582,3.0794,3.3615,3.6105,4.1828
2002-09-17,2.0378,3.0369,3.3210,3.5730,4.1542
2002-09-18,2.0327,3.0265,3.3088,3.5596,4.1414
2002-09-19,1.9326,2.9476,3.2371,3.4942,4.0884
2002-09-20,1.9296,2.9396,3.2317,3.4917,4.0955
2002-09-23,1.8967,2.8402,3.1296,3.3906,4.0049
2002-09-24,1.9047,2.8306,3.1179,3.3779,3.9920
2002-09-25,1.9706,2.9232,3.2138,3.4760,4.0912
2002-09-26,1.9531,2.9540,3.2434,3.5016,4.1031
2002-09-27,1.8173,2.8427,3.1400,3.4052,4.0236
2002-09-30,1.7098,2.7394,3.0478,3.3239,3.9691
2002-10-01,1.7969,2.8310,3.1394,3.4154,4.0584
2002-10-02,1.7665,2.8204,3.1284,3.4028,4.0398
2002-10-03,1.7678,2.8149,3.1232,3.3987,4.0400
2002-10-04,1.7848,2.8036,3.1086,3.3820,4.0211
2002-10-07,1.7581,2.7571,3.0613,3.3353,3.9795
2002-10-08,1.7967,2.7778,3.0787,3.3501,3.9898
2002-10-09,1.7287,2.7248,3.0271,3.2993,3.9408
2002-10-10,1.7627,2.7692,3.0759,3.3518,3.9998
2002-10-11,1.8751,2.9149,3.2251,3.5025,4.1478
2002-10-15,2.1181,3.1727,3.4763,3.7463,4.3686
2002-10-16,2.0628,3.1629,3.4725,3.7462,4.3733
2002-10-17,2.1349,3.2574,3.5696,3.8447,4.4717
2002-10-18,2.1004,3.2295,3.5419,3.8172,4.4468
2002-10-21,2.2182,3.3461,3.6509,3.9185,4.5285
2002-10-22,2.2248,3.3621,3.6719,3.9440,4.5625
2002-10-23,2.1874,3.3423,3.6516,3.9231,4.5425
2002-10-24,2.0937,3.2446,3.5570,3.8319,4.4614
2002-10-25,1.9967,3.1686,3.4881,3.7693,4.4125
2002-10-28,1.9033,3.1014,3.4328,3.7246,4.3911
2002-10-29,1.8014,2.9630,3.2948,3.5889,4.2662
2002-10-30,1.7538,2.9619,3.2999,3.5984,4.2829
2002-10-31,1.6949,2.8981,3.2374,3.5376,4.2282
2002-11-01,1.7802,2.9983,3.3315,3.6249,4.2963
2002-11-04,1.8226,3.0581,3.3908,3.6830,4.3485
2002-11-05,1.8329,3.0720,3.4086,3.7041,4.3757
2002-11-06,1.8725,3.0939,3.4180,3.7027,4.3543
2002-11-07,1.8260,2.9661,3.2706,3.5397,4.1650
2002-11-08,1.8482,2.9666,3.2629,3.5244,4.1293
2002-11-12,1.7888,2.9337,3.2375,3.5052,4.1232
2002-11-13,1.7732,2.9151,3.2186,3.4864,4.1056
2002-11-14,1.9174,3.0926,3.4001,3.6698,4.2863
2002-11-15,1.9418,3.1240,3.4314,3.7003,4.3118
2002-11-18,1.9318,3.1019,3.4065,3.6731,4.2800
2002-11-19,1.9346,3.0845,3.3843,3.6468,4.2454
2002-11-20,2.0176,3.1983,3.4998,3.7625,4.3566
2002-11-21,2.0662,3.2653,3.5681,3.8313,4.4250
2002-11-22,2.1282,3.3207,3.6193,3.8784,4.4618
2002-11-25,2.1193,3.3233,3.6230,3.8830,4.4676
2002-11-26,2.0065,3.2049,3.5051,3.7661,4.3559
2002-11-27,2.1665,3.3994,3.7082,3.9756,4.5727
2002-11-29,2.0929,3.3478,3.6561,3.9222,4.5162
2002-12-02,2.0950,3.3765,3.6809,3.9418,4.5211
2002-12-03,2.0991,3.3904,3.6950,3.9561,4.5355
2002-12-04,2.0356,3.3206,3.6279,3.8916,4.4778
2002-12-05,1.9853,3.2606,3.5681,3.8327,4.4227
2002-12-06,1.9220,3.1995,3.5144,3.7858,4.3932
2002-12-09,1.9024,3.1493,3.4633,3.7356,4.3483
2002-12-10,1.9125,3.1464,3.4574,3.7272,4.3340
2002-12-11,1.8710,3.0928,3.4035,3.6732,4.2807
2002-12-12,1.8693,3.0968,3.4074,3.6769,4.2839
2002-12-13,1.8974,3.1375,3.4531,3.7271,4.3436
2002-12-16,1.9539,3.2030,3.5204,3.7961,4.4161
2002-12-17,1.9008,3.1685,3.4906,3.7701,4.3991
2002-12-18,1.8182,3.0826,3.4097,3.6942,4.3357
2002-12-19,1.7270,2.9633,3.2923,3.5801,4.2334
2002-12-20,1.7575,2.9802,3.3056,3.5905,4.2373
2002-12-23,1.7708,3.0006,3.3250,3.6087,4.2524
2002-12-24,1.7213,2.9743,3.2997,3.5825,4.2202
2002-12-26,1.6802,2.9409,3.2674,3.5509,4.1908
2002-12-27,1.5931,2.8356,3.1634,3.4489,4.0960
2002-12-30,1.5935,2.8056,3.1340,3.4222,4.0791
2002-12-31,1.5975,2.8186,3.1479,3.4366,4.0939
2003-01-02,1.8024,3.0728,3.4015,3.6871,4.3300
2003-01-03,1.7857,3.0566,3.3841,3.6683,4.3079
2003-01-06,1.8289,3.1083,3.4339,3.7154,4.3469
2003-01-07,1.7650,3.0566,3.3852,3.6694,4.3081
2003-01-08,1.7269,3.0263,3.3531,3.6345,4.2640
2003-01-09,1.8880,3.2368,3.5613,3.8387,4.4543
2003-01-10,1.8145,3.2062,3.5364,3.8163,4.4318
2003-01-13,1.8209,3.1801,3.5098,3.7918,4.4164
2003-01-14,1.7752,3.1166,3.4483,3.7327,4.3645
2003-01-15,1.7717,3.1151,3.4439,3.7253,4.3497
2003-01-16,1.7726,3.1231,3.4510,3.7307,4.3493
2003-01-17,1.7321,3.0676,3.3940,3.6731,4.2926
2003-01-21,1.6995,3.0154,3.3438,3.6259,4.2554
2003-01-22,1.6702,2.9513,3.2771,3.5594,4.1956
2003-01-23,1.7048,2.9824,3.3081,3.5906,4.2281
2003-01-24,1.6786,2.9421,3.2657,3.5460,4.1771
2003-01-27,1.7111,2.9898,3.3135,3.5939,4.2255
2003-01-28,1.7125,3.0080,3.3321,3.6114,4.2368
2003-01-29,1.7716,3.0783,3.4011,3.6788,4.2986
2003-01-30,1.7219,3.0327,3.3559,3.6331,4.2504
2003-01-31,1.7277,3.0301,3.3486,3.6216,4.2287
2003-02-03,1.7426,3.0584,3.3764,3.6470,4.2439
2003-02-04,1.6938,3.0069,3.3252,3.5966,4.1975
2003-02-05,1.7487,3.0862,3.4053,3.6763,4.2739
2003-02-06,1.6946,3.0300,3.3498,3.6207,4.2158
2003-02-07,1.6474,2.9983,3.3213,3.5941,4.1916
2003-02-10,1.6999,3.0412,3.3638,3.6373,4.2392
2003-02-11,1.6777,3.0222,3.3459,3.6206,4.2263
2003-02-12,1.6320,2.9493,3.2759,3.5550,4.1753
2003-02-13,1.5819,2.8776,3.2062,3.4886,4.1199
2003-02-14,1.6458,2.9423,3.2711,3.5544,4.1899
2003-02-18,1.6671,2.9430,3.2665,3.5459,4.1749
2003-02-19,1.6201,2.8848,3.2076,3.4862,4.1135
2003-02-20,1.6001,2.8414,3.1639,3.4441,4.0792
2003-02-21,1.6400,2.8840,3.2082,3.4896,4.1265
2003-02-24,1.6057,2.8412,3.1662,3.4485,4.0876
2003-02-25,1.5744,2.7947,3.1177,3.3990,4.0380
2003-02-26,1.5675,2.7723,3.0916,3.3698,4.0029
2003-02-27,1.5671,2.7633,3.0809,3.3577,3.9878
2003-02-28,1.5303,2.7085,3.0267,3.3044,3.9362
2003-03-03,1.5157,2.6747,2.9923,3.2712,3.9115
2003-03-04,1.4911,2.6435,2.9624,3.2427,3.8869
2003-03-05,1.4550,2.6072,2.9279,3.2102,3.8608
2003-03-06,1.4844,2.6465,2.9675,3.2499,3.9000
2003-03-07,1.4123,2.5944,2.9184,3.2028,3.8569
2003-03-10,1.3563,2.5364,2.8628,3.1502,3.8137
2003-03-11,1.3905,2.5631,2.8851,3.1687,3.8245
2003-03-12,1.4536,2.5978,2.9110,3.1869,3.8244
2003-03-13,1.6175,2.7759,3.0832,3.3528,3.9738
2003-03-14,1.5843,2.7507,3.0590,3.3289,3.9492
2003-03-17,1.6597,2.8440,3.1534,3.4249,4.0489
2003-03-18,1.7428,2.9467,3.2538,3.5221,4.1367
2003-03-19,1.7471,3.0079,3.3194,3.5891,4.1999
2003-03-20,1.7725,3.0429,3.3552,3.6256,4.2385
2003-03-21,1.8391,3.1423,3.4563,3.7271,4.3374
2003-03-24,1.7176,3.0137,3.3308,3.6036,4.2179
2003-03-25,1.7219,3.0041,3.3212,3.5945,4.2112
2003-03-26,1.6874,2.9821,3.3030,3.5791,4.2007
2003-03-27,1.6487,2.9540,3.2791,3.5584,4.1859
2003-03-28,1.5902,2.9025,3.2324,3.5161,4.1536
2003-03-31,1.5417,2.8102,3.1378,3.4216,4.0640
2003-04-01,1.5255,2.8051,3.1367,3.4228,4.0670
2003-04-02,1.6183,2.9227,3.2518,3.5351,4.1716
2003-04-03,1.5834,2.9022,3.2335,3.5189,4.1616
2003-04-04,1.5866,2.9219,3.2554,3.5424,4.1872
2003-04-07,1.6871,3.0184,3.3441,3.6233,4.2493
2003-04-08,1.6090,2.9320,3.2596,3.5400,4.1671
2003-04-09,1.5774,2.8952,3.2242,3.5069,4.1421
2003-04-10,1.6225,2.9115,3.2377,3.5198,4.1581
2003-04-11,1.6810,2.9682,3.2913,3.5704,4.2003
2003-04-14,1.7443,3.0267,3.3449,3.6193,4.2379
2003-04-15,1.7022,2.9709,3.2871,3.5602,4.1776
2003-04-16,1.6949,2.9619,3.2763,3.5480,4.1631
2003-04-17,1.7375,3.0017,3.3116,3.5785,4.1797
2003-04-21,1.7440,3.0267,3.3374,3.6038,4.2012
2003-04-22,1.7274,3.0215,3.3368,3.6067,4.2099
2003-04-23,1.7211,3.0282,3.3446,3.6138,4.2108
2003-04-24,1.6354,2.9321,3.2499,3.5203,4.1199
2003-04-25,1.5930,2.8905,3.2144,3.4907,4.1039
2003-04-28,1.6163,2.9060,3.2268,3.5008,4.1100
2003-04-29,1.6430,2.9453,3.2655,3.5383,4.1430
2003-04-30,1.5351,2.8547,3.1846,3.4638,4.0754
2003-05-01,1.5145,2.8259,3.1584,3.4409,4.0622
2003-05-02,1.5876,2.8952,3.2262,3.5066,4.1194
2003-05-05,1.5585,2.8679,3.1980,3.4776,4.0891
2003-05-06,1.4558,2.7568,3.0923,3.3783,4.0100
2003-05-07,1.4512,2.6517,2.9753,3.2560,3.8909
2003-05-08,1.4710,2.6275,2.9527,3.2364,3.8782
2003-05-09,1.4615,2.6195,2.9417,3.2224,3.8581
2003-05-12,1.4415,2.5882,2.9042,3.1799,3.8082
2003-05-13,1.4656,2.5784,2.8927,3.1684,3.7983
2003-05-14,1.3871,2.4795,2.7930,3.0681,3.6964
2003-05-15,1.4533,2.5235,2.8264,3.0928,3.7040
2003-05-16,1.3685,2.4440,2.7532,3.0254,3.6497
2003-05-19,1.3473,2.4181,2.7279,3.0017,3.6337
2003-05-20,1.2950,2.3475,2.6544,2.9262,3.5561
2003-05-21,1.3549,2.3824,2.6816,2.9464,3.5589
2003-05-22,1.3392,2.3470,2.6418,2.9040,3.5147
2003-05-23,1.3578,2.3559,2.6483,2.9086,3.5147
2003-05-27,1.3421,2.3792,2.6868,2.9606,3.5970
2003-05-28,1.3447,2.3686,2.6816,2.9614,3.6123
2003-05-29,1.2827,2.2840,2.5934,2.8707,3.5194
2003-05-30,1.3281,2.3085,2.6159,2.8928,3.5424
2003-06-02,1.3422,2.3648,2.6777,2.9571,3.6061
2003-06-03,1.2234,2.2480,2.5666,2.8513,3.5123
2003-06-04,1.1974,2.1992,2.5171,2.8024,3.4670
2003-06-05,1.2501,2.2639,2.5773,2.8583,3.5167
2003-06-06,1.2706,2.3016,2.6167,2.8971,3.5443
2003-06-09,1.1888,2.2114,2.5282,2.8105,3.4644
2003-06-10,1.1248,2.1197,2.4346,2.7166,3.3723
2003-06-11,1.1611,2.1513,2.4611,2.7389,3.3872
2003-06-12,1.1139,2.1045,2.4173,2.6977,3.3498
2003-06-13,1.0929,2.0616,2.3686,2.6449,3.2917
2003-06-16,1.1736,2.1457,2.4467,2.7179,3.3556
2003-06-17,1.2401,2.2582,2.5567,2.8227,3.4446
2003-06-18,1.2689,2.3450,2.6500,2.9194,3.5436
2003-06-19,1.1834,2.2847,2.6022,2.8830,3.5322
2003-06-20,1.2196,2.3269,2.6456,2.9273,3.5777
2003-06-23,1.1652,2.2481,2.5650,2.8465,3.5006
2003-06-24,1.1355,2.2096,2.5270,2.8089,3.4637
2003-06-25,1.2876,2.3287,2.6369,2.9122,3.5577
2003-06-26,1.4206,2.4998,2.8040,3.0729,3.6968
2003-06-27,1.3933,2.5138,2.8299,3.1086,3.7494
2003-06-30,1.3294,2.4618,2.7811,3.0613,3.7021
2003-07-01,1.3311,2.4671,2.7914,3.0760,3.7241
2003-07-02,1.3187,2.4567,2.7839,3.0710,3.7224
2003-07-03,1.3506,2.5448,2.8807,3.1733,3.8304
2003-07-07,1.3900,2.6143,2.9518,3.2440,3.8962
2003-07-08,1.4171,2.6397,2.9736,3.2629,3.9110
2003-07-09,1.3984,2.6137,2.9465,3.2357,3.8867
2003-07-10,1.3582,2.5746,2.9118,3.2051,3.8647
2003-07-11,1.3141,2.5173,2.8578,3.1552,3.8265
2003-07-14,1.3778,2.5869,2.9268,3.2243,3.8997
2003-07-15,1.4897,2.7980,3.1402,3.4354,4.0970
2003-07-16,1.5143,2.8468,3.1876,3.4792,4.1249
2003-07-17,1.5053,2.8592,3.2015,3.4937,4.1390
2003-07-18,1.5407,2.8953,3.2366,3.5266,4.1628
2003-07-21,1.5889,2.9878,3.3293,3.6184,4.2517
2003-07-22,1.6014,3.0511,3.3986,3.6913,4.3279
2003-07-23,1.5633,2.9984,3.3478,3.6423,4.2829
2003-07-24,1.5777,3.0443,3.4043,3.7075,4.3621
2003-07-25,1.5781,3.0655,3.4285,3.7335,4.3912
2003-07-28,1.6499,3.1708,3.5318,3.8332,4.4797
2003-07-29,1.7200,3.2830,3.6446,3.9454,4.5882
2003-07-30,1.6738,3.2265,3.5905,3.8928,4.5353
2003-07-31,1.8212,3.3293,3.6947,4.0043,4.6777
2003-08-01,1.8714,3.3556,3.7144,4.0181,4.6772
2003-08-04,1.7459,3.2346,3.6013,3.9128,4.5932
2003-08-05,1.9109,3.3708,3.7251,4.0284,4.6981
2003-08-06,1.8016,3.2386,3.5844,3.8798,4.5338
2003-08-07,1.7741,3.1869,3.5277,3.8198,4.4711
2003-08-08,1.7542,3.1619,3.5061,3.8014,4.4614
2003-08-11,1.8302,3.2530,3.6002,3.8976,4.5590
2003-08-12,1.7534,3.2306,3.5858,3.8884,4.5565
2003-08-13,1.8975,3.4207,3.7812,4.0879,4.7616
2003-08-14,1.8984,3.4061,3.7651,4.0712,4.7425
2003-08-15,1.9109,3.4065,3.7639,4.0700,4.7435
2003-08-18,1.8873,3.3624,3.7141,4.0153,4.6813
2003-08-19,1.8129,3.2701,3.6184,3.9156,4.5709
2003-08-20,1.8654,3.3449,3.6938,3.9905,4.6414
2003-08-21,2.0029,3.4836,3.8205,4.1050,4.7244
2003-08-22,1.9835,3.4380,3.7715,4.0546,4.6735
2003-08-25,2.0313,3.4943,3.8266,4.1082,4.7233
2003-08-26,1.9694,3.4710,3.8064,4.0877,4.6955
2003-08-27,2.0352,3.5248,3.8555,4.1332,4.7350
2003-08-28,1.9079,3.3958,3.7284,4.0077,4.6133
2003-08-29,1.9463,3.4391,3.7706,4.0475,4.6435
2003-09-02,2.0416,3.5958,3.9308,4.2094,4.8046
2003-09-03,2.0178,3.5800,3.9181,4.1991,4.8003
2003-09-04,1.9080,3.4611,3.8039,4.0903,4.7083
2003-09-05,1.7118,3.2453,3.5987,3.8951,4.5368
2003-09-08,1.7540,3.2923,3.6449,3.9409,4.5823
2003-09-09,1.7136,3.2500,3.6047,3.9025,4.5487
2003-09-10,1.6460,3.1393,3.4935,3.7928,4.4471
2003-09-11,1.7143,3.2076,3.5598,3.8577,4.5092
2003-09-12,1.6590,3.1313,3.4863,3.7873,4.4472
2003-09-15,1.6360,3.1158,3.4743,3.7790,4.4488
2003-09-16,1.6245,3.1064,3.4704,3.7802,4.4612
2003-09-17,1.6131,3.0330,3.3856,3.6877,4.3582
2003-09-18,1.6629,3.0619,3.4063,3.7018,4.3596
2003-09-19,1.6962,3.0823,3.4195,3.7079,4.3484
2003-09-22,1.7029,3.1422,3.4882,3.7821,4.4291
2003-09-23,1.6805,3.1111,3.4564,3.7504,4.3981
2003-09-24,1.6467,3.0498,3.3906,3.6809,4.3219
2003-09-25,1.6326,3.0199,3.3583,3.6468,4.2847
2003-09-26,1.5792,2.9268,3.2634,3.5527,4.1994
2003-09-29,1.6020,2.9674,3.3071,3.5986,4.2486
2003-09-30,1.4811,2.8272,3.1697,3.4638,4.1195
2003-10-01,1.4654,2.8195,3.1646,3.4608,4.1211
2003-10-02,1.4887,2.8860,3.2362,3.5348,4.1940
2003-10-03,1.6650,3.0966,3.4412,3.7347,4.3826
2003-10-06,1.6031,3.0375,3.3863,3.6828,4.3355
2003-10-07,1.6704,3.1305,3.4814,3.7792,4.4335
2003-10-08,1.6525,3.1109,3.4653,3.7669,4.4318
2003-10-09,1.6874,3.1557,3.5112,3.8140,4.4815
2003-10-10,1.6712,3.1256,3.4773,3.7768,4.4384
2003-10-14,1.7338,3.2051,3.5617,3.8652,4.5330
2003-10-15,1.8020,3.2707,3.6215,3.9204,4.5796
2003-10-16,1.9641,3.3805,3.7154,4.0018,4.6357
2003-10-17,1.8964,3.3203,3.6543,3.9394,4.5710
2003-10-20,1.8971,3.3154,3.6486,3.9329,4.5613
2003-10-21,1.8897,3.2945,3.6265,3.9099,4.5371
2003-10-22,1.8150,3.1999,3.5309,3.8136,4.4407
2003-10-23,1.8488,3.2366,3.5708,3.8574,4.4949
2003-10-24,1.7571,3.1288,3.4617,3.7473,4.3843
2003-10-27,1.8305,3.1980,3.5282,3.8115,4.4429
2003-10-28,1.7300,3.1044,3.4391,3.7269,4.3702
2003-10-29,1.7998,3.1923,3.5272,3.8142,4.4531
2003-10-30,1.8689,3.2761,3.6062,3.8875,4.5101
2003-10-31,1.8514,3.2499,3.5787,3.8584,4.4755
2003-11-03,1.9076,3.3255,3.6537,3.9317,4.5409
2003-11-04,1.8677,3.2640,3.5896,3.8667,4.4783
2003-11-05,1.9442,3.3276,3.6478,3.9209,4.5255
2003-11-06,2.0141,3.4127,3.7323,4.0037,4.6027
2003-11-07,2.0607,3.4541,3.7694,4.0373,4.6287
2003-11-10,2.0834,3.4721,3.7857,4.0525,4.6420
2003-11-12,2.0467,3.4223,3.7358,4.0025,4.5918
2003-11-13,1.9066,3.2671,3.5842,3.8547,4.4542
2003-11-14,1.8289,3.1750,3.4936,3.7666,4.3751
2003-11-17,1.7860,3.1229,3.4442,3.7205,4.3383
2003-11-18,1.8091,3.1140,3.4299,3.7028,4.3169
2003-11-19,1.8952,3.1969,3.5090,3.7784,4.3846
2003-11-20,1.8244,3.1247,3.4373,3.7073,4.3160
2003-11-21,1.8345,3.1290,3.4378,3.7044,4.3057
2003-11-24,1.9224,3.2152,3.5226,3.7876,4.3838
2003-11-25,1.8740,3.1783,3.4864,3.7511,4.3455
2003-11-26,1.9536,3.2552,3.5602,3.8220,4.4082
2003-11-28,2.0564,3.3551,3.6575,3.9166,4.4954
2003-12-01,2.1067,3.4421,3.7439,4.0002,4.5663
2003-12-02,2.0690,3.4133,3.7181,3.9768,4.5473
2003-12-03,2.0900,3.4395,3.7442,4.0029,4.5737
2003-12-04,2.0529,3.4012,3.7060,3.9652,4.5385
2003-12-05,1.8770,3.2240,3.5323,3.7953,4.3809
2003-12-08,1.9288,3.2731,3.5832,3.8478,4.4369
2003-12-09,1.9627,3.3136,3.6226,3.8862,4.4726
2003-12-10,1.9264,3.2832,3.5947,3.8602,4.4503
2003-12-11,1.8285,3.2068,3.5251,3.7967,4.4018
2003-12-12,1.8478,3.2130,3.5288,3.7980,4.3972
2003-12-15,1.8743,3.2423,3.5581,3.8268,4.4224
2003-12-16,1.8256,3.1898,3.5074,3.7789,4.3833
2003-12-17,1.8185,3.1598,3.4723,3.7395,4.3355
2003-12-18,1.8312,3.1517,3.4560,3.7157,4.2944
2003-12-19,1.8128,3.1452,3.4517,3.7130,4.2944
2003-12-22,1.8355,3.1619,3.4696,3.7325,4.3185
2003-12-23,1.9330,3.2727,3.5782,3.8380,4.4127
2003-12-24,1.8212,3.1806,3.4901,3.7526,4.3330
2003-12-26,1.7934,3.1401,3.4504,3.7141,4.2987
2003-12-29,1.8265,3.1998,3.5176,3.7870,4.3799
2003-12-30,1.8351,3.2323,3.5523,3.8231,4.4184
2003-12-31,1.8268,3.2120,3.5313,3.8021,4.3995
2004-01-02,1.9274,3.3295,3.6480,3.9181,4.5132
2004-01-05,1.9424,3.3547,3.6744,3.9450,4.5391
2004-01-06,1.8255,3.2311,3.5519,3.8235,4.4219
2004-01-07,1.8214,3.2074,3.5250,3.7943,4.3899
2004-01-08,1.8326,3.2080,3.5259,3.7961,4.3946
2004-01-09,1.6557,3.0186,3.3437,3.6210,4.2380
2004-01-12,1.6623,3.0128,3.3360,3.6131,4.2329
2004-01-13,1.6070,2.9480,3.2730,3.5521,4.1787
2004-01-14,1.6327,2.9310,3.2485,3.5222,4.1392
2004-01-15,1.6629,2.9429,3.2522,3.5186,4.1200
2004-01-16,1.6990,3.0050,3.3146,3.5796,4.1729
2004-01-20,1.6979,3.0275,3.3404,3.6074,4.2031
2004-01-21,1.6849,3.0033,3.3156,3.5833,4.1835
2004-01-22,1.6434,2.9437,3.2561,3.5240,4.1249
2004-01-23,1.7134,3.0454,3.3594,3.6273,4.2239
2004-01-26,1.7512,3.1063,3.4219,3.6906,4.2876
2004-01-27,1.6962,3.0490,3.3678,3.6391,4.2410
2004-01-28,1.8626,3.1887,3.4971,3.7604,4.3464
2004-01-29,1.8677,3.1990,3.5066,3.7689,4.3519
2004-01-30,1.8337,3.1544,3.4603,3.7209,4.2999
2004-02-02,1.8361,3.1704,3.4774,3.7384,4.3177
2004-02-03,1.7724,3.1122,3.4227,3.6866,4.2721
2004-02-04,1.7917,3.1348,3.4437,3.7062,4.2880
2004-02-05,1.8539,3.1905,3.4939,3.7513,4.3214
2004-02-06,1.7730,3.1041,3.4115,3.6724,4.2504
2004-02-09,1.7518,3.0703,3.3797,3.6433,4.2286
2004-02-10,1.8104,3.1167,3.4222,3.6831,4.2643
2004-02-11,1.7109,3.0179,3.3273,3.5923,4.1851
2004-02-12,1.7357,3.0428,3.3549,3.6225,4.2211
2004-02-13,1.6855,2.9951,3.3078,3.5764,4.1796
2004-02-17,1.6934,2.9974,3.3087,3.5763,4.1778
2004-02-18,1.7081,3.0112,3.3225,3.5898,4.1897
2004-02-19,1.6913,3.0015,3.3135,3.5816,4.1832
2004-02-20,1.7496,3.0652,3.3760,3.6423,4.2377
2004-02-23,1.6956,3.0081,3.3217,3.5905,4.1920
2004-02-24,1.6873,2.9948,3.3066,3.5743,4.1747
2004-02-25,1.6596,2.9699,3.2842,3.5540,4.1587
2004-02-26,1.6776,2.9959,3.3115,3.5818,4.1864
2004-02-27,1.6470,2.9812,3.2914,3.5537,4.1336
2004-03-01,1.6638,2.9614,3.2730,3.5401,4.1379
2004-03-02,1.7175,3.0199,3.3305,3.5964,4.1902
2004-03-03,1.7435,3.0340,3.3445,3.6107,4.2057
2004-03-04,1.7216,3.0029,3.3123,3.5778,4.1722
2004-03-05,1.5655,2.8048,3.1125,3.3789,3.9834
2004-03-08,1.5086,2.7276,3.0379,3.3079,3.9236
2004-03-09,1.4915,2.6755,2.9832,3.2526,3.8710
2004-03-10,1.5170,2.6887,2.9941,3.2619,3.8777
2004-03-11,1.5227,2.7128,3.0196,3.2874,3.9002
2004-03-12,1.5371,2.7234,3.0301,3.2980,3.9122
2004-03-15,1.5549,2.7321,3.0362,3.3023,3.9127
2004-03-16,1.4984,2.6508,2.9549,3.2219,3.8372
2004-03-17,1.5110,2.6614,2.9638,3.2292,3.8411
2004-03-18,1.5478,2.7242,3.0254,3.2888,3.8939
2004-03-19,1.5617,2.7587,3.0615,3.3251,3.9277
2004-03-22,1.5139,2.6923,2.9955,3.2599,3.8658
2004-03-23,1.5085,2.6870,2.9891,3.2526,3.8569
2004-03-24,1.4970,2.6828,2.9863,3.2508,3.8566
2004-03-25,1.4983,2.6983,3.0053,3.2730,3.8857
2004-03-26,1.5855,2.8032,3.1107,3.3782,3.9881
2004-03-29,1.6150,2.8510,3.1608,3.4297,4.0413
2004-03-30,1.6306,2.8558,3.1651,3.4343,4.0474
2004-03-31,1.5782,2.7896,3.1014,3.3731,3.9930
2004-04-01,1.6441,2.8490,3.1580,3.4275,4.0430
2004-04-02,1.8844,3.1329,3.4357,3.6975,4.2877
2004-04-05,1.9312,3.2196,3.5249,3.7871,4.3737
2004-04-06,1.8795,3.1602,3.4668,3.7310,4.3244
2004-04-07,1.8816,3.1571,3.4651,3.7311,4.3292
2004-04-08,1.9068,3.1975,3.5029,3.7657,4.3551
2004-04-12,1.9257,3.2371,3.5435,3.8064,4.3941
2004-04-13,2.0217,3.3486,3.6549,3.9169,4.4994
2004-04-14,2.1209,3.4137,3.7152,3.9736,4.5487
2004-04-15,2.1056,3.4338,3.7367,3.9950,4.5674
2004-04-16,2.0483,3.3756,3.6809,3.9421,4.5238
2004-04-19,2.0849,3.4119,3.7140,3.9720,4.5463
2004-04-20,2.1252,3.4515,3.7522,4.0090,4.5795
2004-04-21,2.2316,3.5224,3.8111,4.0574,4.6055
2004-04-22,2.1708,3.4617,3.7516,3.9989,4.5501
2004-04-23,2.3073,3.5765,3.8588,4.0997,4.6360
2004-04-26,2.3033,3.5694,3.8503,4.0896,4.6216
2004-04-27,2.2452,3.5248,3.8097,4.0524,4.5918
2004-04-28,2.3230,3.6056,3.8867,4.1255,4.6554
2004-04-29,2.3725,3.6655,3.9469,4.1856,4.7136
2004-04-30,2.3481,3.6349,3.9156,4.1540,4.6822
2004-05-03,2.3535,3.6408,3.9210,4.1585,4.6841
2004-05-04,2.3520,3.6649,3.9493,4.1900,4.7210
2004-05-05,2.3816,3.7100,3.9934,4.2328,4.7595
2004-05-06,2.4112,3.7254,4.0104,4.2517,4.7835
2004-05-07,2.6666,3.9625,4.2331,4.4605,4.9564
2004-05-10,2.6405,3.9576,4.2328,4.4637,4.9659
2004-05-11,2.6333,3.9428,4.2176,4.4482,4.9501
2004-05-12,2.6408,3.9578,4.2354,4.4690,4.9784
2004-05-13,2.6937,4.0048,4.2811,4.5134,5.0203
2004-05-14,2.6077,3.9254,4.2049,4.4398,4.9526
2004-05-17,2.5243,3.8295,4.1093,4.3454,4.8632
2004-05-18,2.5846,3.8798,4.1555,4.3879,4.8973
2004-05-19,2.6355,3.9326,4.2082,4.4405,4.9489
2004-05-20,2.5744,3.8684,4.1446,4.3773,4.8865
2004-05-21,2.6265,3.9175,4.1904,4.4202,4.9224
2004-05-24,2.6166,3.9079,4.1802,4.4091,4.9085
2004-05-25,2.6083,3.8945,4.1662,4.3943,4.8914
2004-05-26,2.5370,3.8204,4.0957,4.3275,4.8347
2004-05-27,2.4767,3.7453,4.0210,4.2537,4.7640
2004-05-28,2.5664,3.8142,4.0863,4.3159,4.8185
2004-06-01,2.6135,3.8609,4.1339,4.3651,4.8730
2004-06-02,2.6649,3.9051,4.1740,4.4012,4.8994
2004-06-03,2.6482,3.8858,4.1535,4.3800,4.8782
2004-06-04,2.7310,3.9655,4.2300,4.4536,4.9440
2004-06-07,2.7017,3.9477,4.2147,4.4402,4.9347
2004-06-08,2.7350,3.9550,4.2190,4.4426,4.9335
2004-06-09,2.8027,4.0014,4.2628,4.4845,4.9728
2004-06-10,2.8330,3.9992,4.2554,4.4733,4.9552
2004-06-14,2.9726,4.1028,4.3516,4.5635,5.0338
2004-06-15,2.7851,3.9058,4.1543,4.3664,4.8400
2004-06-16,2.8434,3.9614,4.2083,4.4190,4.8886
2004-06-17,2.8173,3.9314,4.1772,4.3869,4.8539
2004-06-18,2.8278,3.9439,4.1907,4.4011,4.8692
2004-06-21,2.8064,3.9206,4.1682,4.3798,4.8518
2004-06-22,2.8061,3.9295,4.1787,4.3915,4.8656
2004-06-23,2.7864,3.9141,4.1635,4.3763,4.8503
2004-06-24,2.7531,3.8605,4.1099,4.3234,4.7998
2004-06-25,2.7527,3.8594,4.1103,4.3251,4.8045
2004-06-28,2.8759,3.9724,4.2190,4.4299,4.9002
2004-06-29,2.8401,3.9220,4.1681,4.3790,4.8504
2004-06-30,2.7151,3.8175,4.0682,4.2832,4.7640
2004-07-01,2.6510,3.7538,4.0085,4.2274,4.7186
2004-07-02,2.5519,3.6396,3.8968,4.1187,4.6192
2004-07-06,2.5753,3.6631,3.9185,4.1389,4.6361
2004-07-07,2.5745,3.6669,3.9218,4.1416,4.6374
2004-07-08,2.5555,3.6466,3.9034,4.1251,4.6263
2004-07-09,2.5560,3.6431,3.8999,4.1218,4.6229
2004-07-12,2.5471,3.6249,3.8807,4.1020,4.6029
2004-07-13,2.5866,3.6611,3.9159,4.1364,4.6353
2004-07-14,2.6176,3.6786,3.9300,4.1475,4.6400
2004-07-15,2.6385,3.6966,3.9427,4.1555,4.6383
2004-07-16,2.5303,3.5678,3.8167,4.0329,4.5257
2004-07-19,2.5528,3.5786,3.8241,4.0374,4.5246
2004-07-20,2.6691,3.6869,3.9284,4.1379,4.6148
2004-07-21,2.7158,3.7303,3.9682,4.1743,4.6436
2004-07-22,2.7010,3.7160,3.9534,4.1591,4.6280
2004-07-23,2.6907,3.6969,3.9320,4.1358,4.6012
2004-07-26,2.7392,3.7428,3.9762,4.1785,4.6397
2004-07-27,2.8296,3.8594,4.0961,4.3005,4.7640
2004-07-28,2.7952,3.8338,4.0741,4.2818,4.7530
2004-07-29,2.7571,3.8176,4.0602,4.2692,4.7416
2004-07-30,2.6920,3.7232,3.9632,4.1709,4.6426
2004-08-02,2.6598,3.6938,3.9354,4.1446,4.6206
2004-08-03,2.6541,3.6726,3.9113,4.1183,4.5912
2004-08-04,2.6579,3.6696,3.9091,4.1170,4.5923
2004-08-05,2.6447,3.6475,3.8852,4.0919,4.5655
2004-08-06,2.4121,3.4125,3.6619,3.8805,4.3858
2004-08-09,2.4445,3.4581,3.7050,3.9205,4.4169
2004-08-10,2.5457,3.5312,3.7700,3.9785,4.4593
2004-08-11,2.5145,3.5103,3.7519,3.9628,4.4478
2004-08-12,2.4930,3.4757,3.7184,3.9309,4.4217
2004-08-13,2.4586,3.4343,3.6762,3.8883,4.3796
2004-08-16,2.4809,3.4627,3.7076,3.9222,4.4182
2004-08-17,2.4261,3.4057,3.6517,3.8677,4.3681
2004-08-18,2.4248,3.4291,3.6753,3.8906,4.3879
2004-08-19,2.4083,3.4003,3.6509,3.8708,4.3787
2004-08-20,2.4551,3.4343,3.6800,3.8955,4.3936
2004-08-23,2.4890,3.4769,3.7233,3.9393,4.4379
2004-08-24,2.4888,3.4760,3.7235,3.9403,4.4403
2004-08-25,2.5008,3.4695,3.7127,3.9260,4.4192
2004-08-26,2.4704,3.4350,3.6783,3.8920,4.3865
2004-08-27,2.4771,3.4428,3.6847,3.8968,4.3877
2004-08-30,2.4518,3.4042,3.6459,3.8585,4.3514
2004-08-31,2.4013,3.3292,3.5688,3.7820,4.2872
2004-09-01,2.3940,3.3188,3.5594,3.7739,4.2824
2004-09-02,2.4523,3.3909,3.6320,3.8460,4.3506
2004-09-03,2.5971,3.5144,3.7467,3.9532,4.4434
2004-09-07,2.5747,3.4705,3.7005,3.9064,4.3986
2004-09-08,2.4914,3.3858,3.6187,3.8270,4.3237
2004-09-09,2.4997,3.4036,3.6401,3.8513,4.3526
2004-09-10,2.4974,3.3890,3.6233,3.8328,4.3318
2004-09-13,2.4891,3.3687,3.5993,3.8058,4.2992
2004-09-14,2.4605,3.3448,3.5784,3.7873,4.2849
2004-09-15,2.4960,3.3806,3.6127,3.8203,4.3154
2004-09-16,2.4171,3.2851,3.5176,3.7260,4.2231
2004-09-17,2.4947,3.3522,3.5794,3.7832,4.2716
2004-09-20,2.4286,3.2749,3.5055,3.7131,4.2111
2004-09-21,2.4644,3.2830,3.5031,3.7018,4.1820
2004-09-22,2.4571,3.2504,3.4652,3.6595,4.1308
2004-09-23,2.5278,3.3025,3.5107,3.6997,4.1612
2004-09-24,2.5887,3.3351,3.5359,3.7200,4.1759
2004-09-27,2.5597,3.2921,3.4929,3.6780,4.1386
2004-09-28,2.5345,3.2897,3.4968,3.6869,4.1565
2004-09-29,2.6168,3.3748,3.5800,3.7687,4.2360
2004-09-30,2.6147,3.3949,3.6054,3.7983,4.2725
2004-10-01,2.6314,3.4512,3.6681,3.8649,4.3420
2004-10-04,2.6331,3.4402,3.6545,3.8491,4.3226
2004-10-05,2.6403,3.4381,3.6521,3.8472,4.3230
2004-10-06,2.6925,3.4959,3.7082,3.9013,4.3721
2004-10-07,2.7070,3.5247,3.7386,3.9326,4.4042
2004-10-08,2.5916,3.3949,3.6133,3.8123,4.2961
2004-10-12,2.5499,3.3597,3.5794,3.7788,4.2615
2004-10-13,2.5120,3.3254,3.5481,3.7500,4.2382
2004-10-14,2.4699,3.2643,3.4864,3.6887,4.1803
2004-10-15,2.5256,3.3163,3.5335,3.7313,4.2135
2004-10-18,2.5281,3.3190,3.5356,3.7327,4.2127
2004-10-19,2.5480,3.3321,3.5464,3.7410,4.2142
2004-10-20,2.5035,3.2679,3.4814,3.6757,4.1491
2004-10-21,2.5446,3.2954,3.5040,3.6938,4.1563
2004-10-22,2.5248,3.2755,3.4852,3.6764,4.1429
2004-10-25,2.5144,3.2537,3.4635,3.6555,4.1257
2004-10-26,2.5250,3.2688,3.4792,3.6714,4.1412
2004-10-27,2.6225,3.3775,3.5853,3.7749,4.2393
2004-10-28,2.5838,3.3476,3.5610,3.7553,4.2274
2004-10-29,2.5568,3.3064,3.5187,3.7122,4.1831
2004-11-01,2.6129,3.3672,3.5791,3.7721,4.2412
2004-11-02,2.5951,3.3487,3.5619,3.7563,4.2288
2004-11-03,2.5910,3.3387,3.5522,3.7471,4.2208
2004-11-04,2.6285,3.3641,3.5716,3.7609,4.2218
2004-11-05,2.7957,3.4961,3.6943,3.8783,4.3364
2004-11-08,2.7997,3.5032,3.7048,3.8920,4.3563
2004-11-09,2.8051,3.5036,3.7036,3.8900,4.3549
2004-11-10,2.8284,3.5253,3.7267,3.9149,4.3838
2004-11-12,2.8603,3.5185,3.7076,3.8855,4.3339
2004-11-15,2.8922,3.5280,3.7122,3.8864,4.3296
2004-11-16,2.8884,3.5881,3.7755,3.9433,4.3450
2004-11-17,2.8166,3.5108,3.6986,3.8670,4.2715
2004-11-18,2.8751,3.4699,3.6456,3.8129,4.2423
2004-11-19,2.9594,3.5666,3.7417,3.9079,4.3324
2004-11-22,2.9630,3.5555,3.7254,3.8867,4.3005
2004-11-23,2.9875,3.5770,3.7444,3.9032,4.3104
2004-11-24,3.0241,3.5999,3.7622,3.9170,4.3169
2004-11-26,3.0467,3.6408,3.8059,3.9624,4.3650
2004-11-29,3.0862,3.7233,3.8935,4.0531,4.4590
2004-11-30,3.0457,3.7114,3.8924,4.0615,4.4867
2004-12-01,3.0321,3.7179,3.9022,4.0729,4.4985
2004-12-02,3.0605,3.7423,3.9254,4.0954,4.5211
2004-12-03,2.9529,3.6034,3.7879,3.9605,4.3941
2004-12-06,2.9368,3.5867,3.7684,3.9375,4.3618
2004-12-07,2.9596,3.5912,3.7684,3.9343,4.3544
2004-12-08,2.9144,3.5078,3.6796,3.8415,4.2538
2004-12-09,2.9384,3.5266,3.6999,3.8644,4.2853
2004-12-10,2.9447,3.5154,3.6873,3.8511,4.2718
2004-12-13,2.9781,3.5239,3.6906,3.8509,4.2657
2004-12-14,2.9769,3.5100,3.6757,3.8353,4.2487
2004-12-15,2.9518,3.4692,3.6306,3.7864,4.1915
2004-12-16,3.0151,3.5655,3.7314,3.8907,4.3019
2004-12-17,3.0392,3.5851,3.7512,3.9111,4.3238
2004-12-20,3.0559,3.5847,3.7481,3.9061,4.3158
2004-12-21,3.0457,3.5663,3.7275,3.8838,4.2904
2004-12-22,3.0405,3.5764,3.7430,3.9037,4.3188
2004-12-23,3.0400,3.5843,3.7530,3.9155,4.3334
2004-12-27,3.0881,3.6561,3.8277,3.9915,4.4104
2004-12-28,3.0946,3.6591,3.8302,3.9937,4.4121
2004-12-29,3.1343,3.6945,3.8630,4.0247,4.4399
2004-12-30,3.0954,3.6450,3.8113,3.9713,4.3837
2004-12-31,3.0830,3.6292,3.7898,3.9434,4.3397
2005-01-03,3.1053,3.6391,3.7966,3.9475,4.3376
2005-01-04,3.2021,3.7205,3.8721,4.0188,4.4026
2005-01-05,3.2139,3.7270,3.8747,4.0174,4.3916
2005-01-06,3.1868,3.7125,3.8638,4.0094,4.3889
2005-01-07,3.2157,3.7383,3.8856,4.0269,4.3949
2005-01-10,3.2342,3.7495,3.8925,4.0297,4.3878
2005-01-11,3.2325,3.7299,3.8682,4.0012,4.3515
2005-01-12,3.2199,3.7182,3.8574,3.9911,4.3411
2005-01-13,3.1962,3.6737,3.8107,3.9432,4.2916
2005-01-14,3.2457,3.7159,3.8486,3.9769,4.3155
2005-01-18,3.2611,3.7233,3.8492,3.9709,4.2934
2005-01-19,3.2624,3.7270,3.8505,3.9697,4.2860
2005-01-20,3.2195,3.6791,3.8093,3.9354,4.2678
2005-01-21,3.1711,3.6454,3.7806,3.9106,4.2502
2005-01-24,3.2112,3.6410,3.7680,3.8928,4.2249
2005-01-25,3.2430,3.7012,3.8323,3.9598,4.2957
2005-01-26,3.2756,3.7145,3.8411,3.9653,4.2950
2005-01-27,3.2905,3.7442,3.8695,3.9909,4.3119
2005-01-28,3.2526,3.6851,3.8071,3.9263,4.2438
2005-01-31,3.2779,3.6909,3.8076,3.9224,4.2313
2005-02-01,3.2798,3.6972,3.8149,3.9301,4.2387
2005-02-02,3.3063,3.7190,3.8310,3.9406,4.2359
2005-02-03,3.3422,3.7527,3.8620,3.9689,4.2576
2005-02-04,3.2864,3.6692,3.7760,3.8813,4.1665
2005-02-07,3.3032,3.6653,3.7662,3.8665,4.1397
2005-02-08,3.3269,3.6675,3.7606,3.8545,4.1157
2005-02-09,3.2423,3.5809,3.6835,3.7869,4.0699
2005-02-10,3.2953,3.6450,3.7516,3.8590,4.1526
2005-02-11,3.3537,3.6869,3.7904,3.8956,4.1834
2005-02-14,3.3778,3.6901,3.7886,3.8888,4.1617
2005-02-15,3.3714,3.7066,3.8051,3.9056,4.1853
2005-02-16,3.4270,3.7753,3.8713,3.9685,4.2391
2005-02-17,3.4063,3.7782,3.8818,3.9858,4.2710
2005-02-18,3.4689,3.8573,3.9626,4.0670,4.3504
2005-02-22,3.4631,3.8745,3.9831,4.0891,4.3736
2005-02-23,3.4771,3.8642,3.9698,4.0744,4.3589
2005-02-24,3.5182,3.9031,4.0039,4.1034,4.3753
2005-02-25,3.5390,3.9006,3.9961,4.0920,4.3588
2005-02-28,3.6091,3.9935,4.0894,4.1846,4.4461
2005-03-01,3.6071,4.0072,4.1059,4.2027,4.4651
2005-03-02,3.5810,3.9967,4.1011,4.2027,4.4756
2005-03-03,3.5934,4.0094,4.1124,4.2125,4.4811
2005-03-04,3.5754,3.9633,4.0591,4.1528,4.4077
2005-03-07,3.6041,3.9782,4.0668,4.1537,4.3928
2005-03-08,3.6322,4.0358,4.1288,4.2189,4.4636
2005-03-09,3.6907,4.1525,4.2560,4.3535,4.6083
2005-03-10,3.6900,4.1105,4.2076,4.3012,4.5523
2005-03-11,3.7574,4.2046,4.3015,4.3933,4.6356
2005-03-14,3.7570,4.1843,4.2787,4.3691,4.6104
2005-03-15,3.7742,4.2073,4.3033,4.3953,4.6405
2005-03-16,3.7415,4.1699,4.2680,4.3625,4.6138
2005-03-17,3.7154,4.1248,4.2214,4.3154,4.5685
2005-03-18,3.7429,4.1605,4.2590,4.3545,4.6108
2005-03-21,3.7454,4.1692,4.2699,4.3671,4.6262
2005-03-22,3.8759,4.2903,4.3820,4.4709,4.7118
2005-03-23,3.8750,4.2794,4.3702,4.4596,4.7033
2005-03-24,3.8965,4.2828,4.3704,4.4573,4.6957
2005-03-28,3.9175,4.3219,4.4096,4.4955,4.7303
2005-03-29,3.8937,4.2800,4.3662,4.4519,4.6894
2005-03-30,3.8847,4.2493,4.3316,4.4144,4.6471
2005-03-31,3.8127,4.1650,4.2506,4.3376,4.5822
2005-04-01,3.7738,4.1137,4.2008,4.2898,4.5396
2005-04-04,3.7553,4.1241,4.2154,4.3058,4.5533
2005-04-05,3.7752,4.1313,4.2230,4.3151,4.5679
2005-04-06,3.7291,4.0825,4.1767,4.2719,4.5343
2005-04-07,3.7604,4.1255,4.2200,4.3149,4.5766
2005-04-08,3.8012,4.1515,4.2405,4.3304,4.5810
2005-04-11,3.7795,4.1150,4.2022,4.2912,4.5407
2005-04-12,3.7287,4.0426,4.1280,4.2157,4.4639
2005-04-13,3.6936,4.0249,4.1160,4.2086,4.4672
2005-04-14,3.6371,3.9768,4.0757,4.1759,4.4527
2005-04-15,3.5768,3.8942,3.9908,4.0899,4.3676
2005-04-18,3.5823,3.8926,3.9851,4.0801,4.3475
2005-04-19,3.5191,3.8419,3.9379,4.0342,4.2985
2005-04-20,3.5355,3.8483,3.9433,4.0397,4.3081
2005-04-21,3.6565,3.9581,4.0468,4.1381,4.3960
2005-04-22,3.6329,3.9157,4.0003,4.0885,4.3414
2005-04-25,3.6506,3.9263,4.0062,4.0900,4.3318
2005-04-26,3.6775,3.9478,4.0277,4.1120,4.3557
2005-04-27,3.6410,3.9099,3.9900,4.0744,4.3186
2005-04-28,3.5858,3.8375,3.9182,4.0041,4.2545
2005-04-29,3.6505,3.8847,3.9587,4.0389,4.2780
2005-05-02,3.6311,3.8696,3.9460,4.0283,4.2716
2005-05-03,3.6636,3.8866,3.9592,4.0388,4.2771
2005-05-04,3.6254,3.8559,3.9339,4.0191,4.2742
2005-05-05,3.5662,3.8136,3.8979,3.9883,4.2543
2005-05-06,3.7153,3.9381,4.0121,4.0938,4.3401
2005-05-09,3.7555,3.9691,4.0382,4.1154,4.3517
2005-05-10,3.6961,3.9080,3.9781,4.0565,4.2962
2005-05-11,3.6857,3.8896,3.9594,4.0376,4.2763
2005-05-12,3.6519,3.8539,3.9277,4.0097,4.2556
2005-05-13,3.6109,3.8172,3.8908,3.9725,4.2178
2005-05-16,3.6176,3.8214,3.8955,3.9775,4.2233
2005-05-17,3.6174,3.8100,3.8826,3.9639,4.2085
2005-05-18,3.5816,3.7644,3.8360,3.9164,4.1598
2005-05-19,3.6535,3.8252,3.8913,3.9669,4.1996
2005-05-20,3.6921,3.8556,3.9183,3.9908,4.2156
2005-05-23,3.6612,3.8057,3.8642,3.9335,4.1533
2005-05-24,3.6196,3.7619,3.8220,3.8929,4.1168
2005-05-25,3.6216,3.7904,3.8555,3.9299,4.1598
2005-05-26,3.6486,3.8040,3.8664,3.9390,4.1669
2005-05-27,3.6645,3.8000,3.8607,3.9331,4.1629
2005-05-31,3.5968,3.7391,3.7965,3.8640,4.0796
2005-06-01,3.5011,3.6207,3.6819,3.7542,3.9820
2005-06-02,3.5243,3.6283,3.6845,3.7525,3.9700
2005-06-03,3.5856,3.7142,3.7726,3.8413,4.0561
2005-06-06,3.5864,3.7097,3.7651,3.8306,4.0370
2005-06-07,3.5648,3.6706,3.7225,3.7852,3.9874
2005-06-08,3.6142,3.7059,3.7556,3.8172,4.0181
2005-06-09,3.6428,3.7367,3.7845,3.8442,4.0411
2005-06-10,3.7148,3.8148,3.8631,3.9233,4.1211
2005-06-13,3.7208,3.8477,3.9006,3.9639,4.1669
2005-06-14,3.7277,3.8688,3.9253,3.9919,4.2031
2005-06-15,3.7392,3.8716,3.9265,3.9921,4.2019
2005-06-16,3.7170,3.8446,3.8964,3.9590,4.1621
2005-06-17,3.7235,3.8541,3.9056,3.9668,4.1639
2005-06-20,3.7336,3.8680,3.9213,3.9844,4.1856
2005-06-21,3.7133,3.8203,3.8693,3.9294,4.1268
2005-06-22,3.6028,3.7121,3.7638,3.8254,4.0239
2005-06-23,3.6276,3.7323,3.7817,3.8413,4.0356
2005-06-24,3.5960,3.6882,3.7365,3.7956,3.9902
2005-06-27,3.5918,3.6756,3.7231,3.7818,3.9744
2005-06-28,3.6586,3.7495,3.7963,3.8537,4.0419
2005-06-29,3.6673,3.7618,3.8104,3.8696,4.0623
2005-06-30,3.6495,3.7175,3.7616,3.8176,4.0058
2005-07-01,3.7651,3.8344,3.8777,3.9329,4.1174
2005-07-05,3.8078,3.8974,3.9433,4.0001,4.1860
2005-07-06,3.7942,3.8654,3.9095,3.9656,4.1516
2005-07-07,3.7433,3.8323,3.8780,3.9343,4.1192
2005-07-08,3.8181,3.8914,3.9349,3.9906,4.1761
2005-07-11,3.8351,3.9001,3.9446,4.0003,4.1793
2005-07-12,3.8677,3.9435,3.9861,4.0402,4.2191
2005-07-13,3.8796,3.9602,4.0050,4.0607,4.2403
2005-07-14,3.8908,3.9801,4.0257,4.0816,4.2601
2005-07-15,3.8991,3.9831,4.0258,4.0787,4.2502
2005-07-18,3.9219,4.0161,4.0612,4.1164,4.2936
2005-07-19,3.9012,3.9910,4.0343,4.0886,4.2675
2005-07-20,3.9121,3.9812,4.0204,4.0713,4.2420
2005-07-21,3.9776,4.0863,4.1280,4.1795,4.3512
2005-07-22,3.9382,4.0387,4.0792,4.1292,4.2960
2005-07-25,3.9696,4.0629,4.1009,4.1490,4.3125
2005-07-26,3.9799,4.0645,4.1009,4.1479,4.3095
2005-07-27,4.0125,4.0956,4.1299,4.1748,4.3318
2005-07-28,3.9810,4.0363,4.0660,4.1076,4.2594
2005-07-29,4.0472,4.1210,4.1527,4.1953,4.3469
2005-08-01,4.0742,4.1523,4.1859,4.2304,4.3861
2005-08-02,4.0852,4.1631,4.1979,4.2442,4.4052
2005-08-03,4.0563,4.1263,4.1608,4.2066,4.3655
2005-08-04,4.0769,4.1456,4.1828,4.2306,4.3891
2005-08-05,4.1460,4.2308,4.2643,4.3084,4.4602
2005-08-08,4.1893,4.2767,4.3055,4.3444,4.4855
2005-08-09,4.1608,4.2545,4.2845,4.3245,4.4675
2005-08-10,4.1458,4.2355,4.2678,4.3101,4.4586
2005-08-11,4.1114,4.1760,4.2078,4.2506,4.4006
2005-08-12,4.0640,4.1090,4.1384,4.1788,4.3212
2005-08-15,4.0954,4.1459,4.1749,4.2145,4.3542
2005-08-16,4.0478,4.0926,4.1230,4.1642,4.3082
2005-08-17,4.0853,4.1376,4.1702,4.2132,4.3583
2005-08-18,4.0262,4.0672,4.0981,4.1406,4.2910
2005-08-19,4.0418,4.0654,4.0947,4.1370,4.2893
2005-08-22,4.0428,4.0730,4.1017,4.1429,4.2926
2005-08-23,4.0251,4.0583,4.0872,4.1282,4.2771
2005-08-24,4.0246,4.0559,4.0839,4.1240,4.2714
2005-08-25,4.0274,4.0535,4.0797,4.1182,4.2614
2005-08-26,4.0589,4.0790,4.1027,4.1386,4.2757
2005-08-29,4.0564,4.0768,4.1004,4.1358,4.2708
2005-08-30,4.0000,4.0281,4.0552,4.0934,4.2332
2005-08-31,3.8421,3.8610,3.8929,3.9367,4.0927
2005-09-01,3.7902,3.8405,3.8806,3.9307,4.0972
2005-09-02,3.7628,3.8358,3.8808,3.9346,4.1082
2005-09-06,3.8206,3.8869,3.9321,3.9868,4.1646
2005-09-07,3.8664,3.9358,3.9831,4.0402,4.2248
2005-09-08,3.8911,3.9407,3.9835,4.0377,4.2193
2005-09-09,3.8966,3.9321,3.9720,4.0239,4.2011
2005-09-12,3.9295,3.9831,4.0257,4.0790,4.2560
2005-09-13,3.8866,3.9356,3.9797,4.0347,4.2165
2005-09-14,3.9091,3.9662,4.0111,4.0667,4.2494
2005-09-15,3.9163,4.0001,4.0506,4.1101,4.2992
2005-09-16,3.9793,4.0578,4.1060,4.1639,4.3509
2005-09-19,3.9417,4.0344,4.0872,4.1482,4.3387
2005-09-20,4.0073,4.0656,4.1091,4.1629,4.3403
2005-09-21,3.9666,4.0156,4.0547,4.1046,4.2740
2005-09-22,3.9640,3.9957,4.0363,4.0892,4.2679
2005-09-23,4.0435,4.0742,4.1125,4.1630,4.3356
2005-09-26,4.0902,4.1202,4.1602,4.2127,4.3874
2005-09-27,4.1158,4.1317,4.1716,4.2235,4.3922
2005-09-28,4.1175,4.1102,4.1474,4.1962,4.3528
2005-09-29,4.1499,4.1484,4.1868,4.2356,4.3885
2005-09-30,4.1724,4.2215,4.2658,4.3106,4.4314
2005-10-03,4.2532,4.2584,4.2877,4.3301,4.4807
2005-10-04,4.2470,4.2488,4.2786,4.3210,4.4690
2005-10-05,4.2375,4.2377,4.2672,4.3087,4.4521
2005-10-06,4.2241,4.2437,4.2746,4.3168,4.4626
2005-10-07,4.2222,4.2336,4.2624,4.3030,4.4462
2005-10-11,4.2594,4.2733,4.3009,4.3403,4.4816
2005-10-12,4.2847,4.3140,4.3446,4.3865,4.5344
2005-10-13,4.2854,4.3329,4.3677,4.4131,4.5684
2005-10-14,4.3022,4.3503,4.3835,4.4267,4.5760
2005-10-17,4.3208,4.3681,4.4014,4.4445,4.5927
2005-10-18,4.3048,4.3558,4.3903,4.4344,4.5844
2005-10-19,4.2939,4.3344,4.3682,4.4122,4.5639
2005-10-20,4.3045,4.3435,4.3743,4.4150,4.5584
2005-10-21,4.2593,4.2760,4.3035,4.3420,4.4829
2005-10-24,4.2985,4.3320,4.3633,4.4044,4.5473
2005-10-25,4.3769,4.4206,4.4513,4.4916,4.6315
2005-10-26,4.4320,4.4783,4.5100,4.5518,4.6973
2005-10-27,4.4056,4.4488,4.4800,4.5211,4.6650
2005-10-28,4.4397,4.4649,4.4935,4.5335,4.6752
2005-10-31,4.4478,4.4554,4.4842,4.5248,4.6659
2005-11-01,4.4683,4.4682,4.5000,4.5424,4.6809
2005-11-02,4.4872,4.5025,4.5344,4.5765,4.7149
2005-11-03,4.5129,4.5436,4.5768,4.6204,4.7647
2005-11-04,4.5207,4.5595,4.5976,4.6438,4.7855
2005-11-07,4.4767,4.5885,4.6302,4.6694,4.7697
2005-11-08,4.4368,4.5164,4.5557,4.5936,4.6929
2005-11-09,4.4961,4.5871,4.6269,4.6650,4.7637
2005-11-10,4.4447,4.5116,4.5503,4.5881,4.6875
2005-11-14,4.4952,4.5729,4.6101,4.6462,4.7407
2005-11-15,4.4706,4.5311,4.5664,4.6009,4.6924
2005-11-16,4.4192,4.4508,4.4858,4.5213,4.6170
2005-11-17,4.3641,4.4212,4.4575,4.4932,4.5883
2005-11-18,4.4318,4.4186,4.4438,4.4810,4.6182
2005-11-21,4.4055,4.3867,4.4115,4.4489,4.5874
2005-11-22,4.3507,4.3351,4.3638,4.4061,4.5597
2005-11-23,4.3865,4.3738,4.4048,4.4490,4.6062
2005-11-25,4.3588,4.3300,4.3597,4.4034,4.5617
2005-11-28,4.3530,4.3103,4.3380,4.3801,4.5339
2005-11-29,4.4274,4.3916,4.4178,4.4585,4.6088
2005-11-30,4.4474,4.4077,4.4354,4.4773,4.6268
2005-12-01,4.4656,4.4443,4.4693,4.5074,4.6485
2005-12-02,4.4643,4.4430,4.4685,4.5073,4.6501
2005-12-05,4.4927,4.4920,4.5180,4.5556,4.6926
2005-12-06,4.4354,4.4161,4.4387,4.4738,4.6078
2005-12-07,4.4498,4.4401,4.4652,4.5025,4.6403
2005-12-08,4.3862,4.3717,4.3976,4.4360,4.5772
2005-12-09,4.4582,4.4494,4.4741,4.5112,4.6490
2005-12-12,4.4769,4.4682,4.4928,4.5299,4.6673
2005-12-13,4.4537,4.4462,4.4733,4.5126,4.6535
2005-12-14,4.3917,4.3646,4.3878,4.4240,4.5608
2005-12-15,4.4071,4.3876,4.4103,4.4457,4.5801
2005-12-16,4.3963,4.3651,4.3869,4.4217,4.5546
2005-12-19,4.4144,4.3703,4.3886,4.4206,4.5485
2005-12-20,4.4436,4.3987,4.4147,4.4443,4.5669
2005-12-21,4.4800,4.4235,4.4371,4.4656,4.5883
2005-12-22,4.4427,4.3730,4.3838,4.4103,4.5296
2005-12-23,4.3890,4.3078,4.3211,4.3495,4.4688
2005-12-27,4.3787,4.2864,4.2946,4.3182,4.4277
2005-12-28,4.4003,4.3231,4.3331,4.3572,4.4657
2005-12-29,4.4119,4.3196,4.3260,4.3476,4.4529
2005-12-30,4.4303,4.3452,4.3518,4.3726,4.4726
2006-01-03,4.3689,4.3031,4.3186,4.3460,4.4571
2006-01-04,4.3412,4.2789,4.2965,4.3256,4.4393
2006-01-05,4.3441,4.2851,4.3038,4.3330,4.4444
2006-01-06,4.3794,4.3118,4.3281,4.3560,4.4670
2006-01-09,4.3821,4.3144,4.3312,4.3595,4.4715
2006-01-10,4.4234,4.3600,4.3776,4.4067,4.5209
2006-01-11,4.4586,4.3939,4.4107,4.4392,4.5523
2006-01-12,4.4067,4.3529,4.3726,4.4021,4.5117
2006-01-13,4.3623,4.2924,4.3104,4.3384,4.4430
2006-01-17,4.3558,4.2775,4.2929,4.3189,4.4210
2006-01-18,4.3639,4.2830,4.2991,4.3262,4.4322
2006-01-19,4.3996,4.3246,4.3402,4.3663,4.4680
2006-01-20,4.3918,4.3158,4.3305,4.3558,4.4553
2006-01-23,4.3803,4.3064,4.3229,4.3494,4.4503
2006-01-24,4.4014,4.3353,4.3522,4.3789,4.4807
2006-01-25,4.4875,4.4271,4.4432,4.4697,4.5733
2006-01-26,4.5116,4.4633,4.4809,4.5086,4.6145
2006-01-27,4.5286,4.4679,4.4821,4.5070,4.6082
2006-01-30,4.5408,4.4886,4.5036,4.5285,4.6269
2006-01-31,4.5524,4.4898,4.5015,4.5232,4.6140
2006-02-01,4.6058,4.5382,4.5453,4.5630,4.6451
2006-02-02,4.6136,4.5464,4.5520,4.5678,4.6442
2006-02-03,4.6191,4.5360,4.5354,4.5452,4.6067
2006-02-06,4.6389,4.5498,4.5471,4.5550,4.6115
2006-02-07,4.6359,4.5567,4.5589,4.5715,4.6393
2006-02-08,4.6624,4.5848,4.5866,4.5984,4.6633
2006-02-09,4.6778,4.5791,4.5768,4.5858,4.6464
2006-02-10,4.7168,4.6279,4.6253,4.6333,4.6901
2006-02-13,4.7012,4.6109,4.6095,4.6192,4.6814
2006-02-14,4.7244,4.6384,4.6376,4.6481,4.7138
2006-02-15,4.7192,4.6373,4.6350,4.6436,4.7026
2006-02-16,4.7127,4.6262,4.6243,4.6335,4.6946
2006-02-17,4.6786,4.5789,4.5736,4.5796,4.6333
2006-02-21,4.7204,4.6191,4.6109,4.6137,4.6581
2006-02-22,4.6999,4.5878,4.5772,4.5780,4.6187
2006-02-23,4.7473,4.6335,4.6203,4.6192,4.6564
2006-02-24,4.7524,4.6493,4.6383,4.6382,4.6746
2006-02-27,4.7573,4.6667,4.6576,4.6586,4.6958
2006-02-28,4.7144,4.6158,4.6064,4.6078,4.6480
2006-03-01,4.7201,4.6327,4.6294,4.6357,4.6842
2006-03-02,4.7516,4.6839,4.6841,4.6927,4.7432
2006-03-03,4.7776,4.7200,4.7223,4.7327,4.7877
2006-03-06,4.8017,4.7592,4.7661,4.7809,4.8459
2006-03-07,4.8119,4.7640,4.7691,4.7825,4.8452
2006-03-08,4.7927,4.7497,4.7567,4.7723,4.8423
2006-03-09,4.7950,4.7452,4.7517,4.7674,4.8386
2006-03-10,4.8147,4.7666,4.7735,4.7895,4.8618
2006-03-13,4.8256,4.7782,4.7847,4.8006,4.8744
2006-03-14,4.7387,4.6885,4.6995,4.7197,4.8024
2006-03-15,4.7492,4.6971,4.7116,4.7350,4.8252
2006-03-16,4.6645,4.6042,4.6219,4.6484,4.7451
2006-03-17,4.6758,4.6290,4.6492,4.6774,4.7757
2006-03-20,4.6755,4.6165,4.6344,4.6610,4.7567
2006-03-21,4.7498,4.6852,4.6985,4.7213,4.8106
2006-03-22,4.7622,4.6904,4.6998,4.7191,4.8021
2006-03-23,4.7892,4.7269,4.7355,4.7541,4.8356
2006-03-24,4.7301,4.6588,4.6672,4.6856,4.7660
2006-03-27,4.7557,4.6829,4.6911,4.7105,4.7976
2006-03-28,4.8344,4.7750,4.7821,4.7992,4.8777
2006-03-29,4.8523,4.7903,4.7987,4.8184,4.9081
2006-03-30,4.8802,4.8283,4.8390,4.8609,4.9554
2006-03-31,4.8690,4.8197,4.8322,4.8559,4.9548
2006-04-03,4.8974,4.8434,4.8552,4.8782,4.9743
2006-04-04,4.8723,4.8245,4.8400,4.8661,4.9681
2006-04-05,4.8405,4.7917,4.8079,4.8347,4.9395
2006-04-06,4.8708,4.8285,4.8476,4.8774,4.9903
2006-04-07,4.9233,4.8926,4.9128,4.9428,5.0553
2006-04-10,4.9304,4.8905,4.9099,4.9404,5.0568
2006-04-11,4.9114,4.8590,4.8766,4.9063,5.0236
2006-04-12,4.9431,4.8965,4.9156,4.9464,5.0651
2006-04-13,4.9912,4.9637,4.9845,5.0158,5.1327
2006-04-17,4.9479,4.9233,4.9448,4.9768,5.0957
2006-04-18,4.8810,4.8691,4.8989,4.9375,5.0685
2006-04-19,4.8960,4.9026,4.9363,4.9786,5.1181
2006-04-20,4.9180,4.9157,4.9469,4.9871,5.1227
2006-04-21,4.9320,4.9029,4.9274,4.9625,5.0890
2006-04-24,4.9121,4.8855,4.9106,4.9449,5.0646
2006-04-25,4.9717,4.9606,4.9876,5.0237,5.1484
2006-04-26,5.0233,5.0019,5.0264,5.0609,5.1839
2006-04-27,4.9439,4.9478,4.9808,5.0218,5.1564
2006-04-28,4.8985,4.9127,4.9504,4.9956,5.1389
2006-05-01,4.9644,4.9805,5.0168,5.0614,5.2053
2006-05-02,4.9590,4.9684,5.0028,5.0457,5.1859
2006-05-03,4.9833,5.0027,5.0394,5.0835,5.2236
2006-05-04,5.0102,5.0176,5.0507,5.0919,5.2267
2006-05-05,4.9791,4.9786,5.0109,5.0519,5.1874
2006-05-08,5.0060,4.9962,5.0243,5.0615,5.1887
2006-05-09,5.0058,5.0005,5.0294,5.0670,5.1944
2006-05-10,5.0281,5.0081,5.0331,5.0676,5.1889
2006-05-11,5.0322,5.0240,5.0523,5.0908,5.2246
2006-05-12,5.0426,5.0597,5.0920,5.1332,5.2718
2006-05-15,5.0143,5.0242,5.0570,5.0989,5.2387
2006-05-16,4.9802,4.9746,5.0051,5.0459,5.1863
2006-05-17,5.0092,5.0244,5.0591,5.1028,5.2472
2006-05-18,4.9617,4.9400,4.9705,5.0117,5.1528
2006-05-19,4.9874,4.9416,4.9652,5.0004,5.1281
2006-05-22,4.9698,4.9221,4.9478,4.9853,5.1191
2006-05-23,4.9986,4.9521,4.9763,5.0127,5.1454
2006-05-24,4.9537,4.9100,4.9366,4.9753,5.1130
2006-05-25,4.9854,4.9588,4.9858,5.0235,5.1560
2006-05-26,4.9640,4.9368,4.9654,5.0046,5.1403
2006-05-30,5.0030,4.9766,5.0038,5.0413,5.1728
2006-05-31,5.0671,5.0202,5.0428,5.0776,5.2058
2006-06-01,5.0573,5.0133,5.0366,5.0714,5.1976
2006-06-02,4.9457,4.8855,4.9096,4.9465,5.0805
2006-06-05,4.9920,4.9244,4.9462,4.9801,5.1044
2006-06-06,5.0125,4.9195,4.9356,4.9655,5.0837
2006-06-07,5.0357,4.9460,4.9615,4.9904,5.1051
2006-06-08,5.0267,4.9224,4.9357,4.9629,5.0750
2006-06-09,5.0248,4.9137,4.9245,4.9495,5.0560
2006-06-12,5.0380,4.9278,4.9379,4.9620,5.0648
2006-06-13,5.0249,4.9050,4.9151,4.9393,5.0426
2006-06-14,5.1212,5.0043,5.0112,5.0320,5.1269
2006-06-15,5.1653,5.0445,5.0510,5.0727,5.1733
2006-06-16,5.1942,5.0733,5.0801,5.1024,5.2047
2006-06-19,5.2146,5.0938,5.0993,5.1203,5.2197
2006-06-20,5.2257,5.1046,5.1089,5.1288,5.2267
2006-06-21,5.2283,5.1108,5.1146,5.1337,5.2287
2006-06-22,5.2664,5.1538,5.1580,5.1774,5.2726
2006-06-23,5.3001,5.1829,5.1880,5.2083,5.3050
2006-06-26,5.3046,5.1994,5.2057,5.2265,5.3233
2006-06-27,5.2816,5.1653,5.1701,5.1895,5.2830
2006-06-28,5.3240,5.2012,5.2051,5.2247,5.3216
2006-06-29,5.2558,5.1494,5.1575,5.1805,5.2840
2006-06-30,5.1993,5.0776,5.0898,5.1156,5.2154
2006-07-03,5.2072,5.0887,5.0982,5.1217,5.2215
2006-07-05,5.2852,5.1670,5.1762,5.1994,5.2975
2006-07-06,5.2536,5.1272,5.1407,5.1665,5.2601
2006-07-07,5.2134,5.0790,5.0888,5.1122,5.2051
2006-07-10,5.2125,5.0741,5.0837,5.1067,5.1989
2006-07-11,5.2027,5.0519,5.0583,5.0794,5.1708
2006-07-12,5.2000,5.0658,5.0714,5.0892,5.1695
2006-07-13,5.1526,5.0300,5.0381,5.0579,5.1424
2006-07-14,5.1263,5.0091,5.0190,5.0408,5.1317
2006-07-17,5.1490,5.0201,5.0281,5.0484,5.1363
2006-07-18,5.2151,5.0868,5.0930,5.1122,5.1991
2006-07-19,5.1391,5.0040,5.0107,5.0310,5.1229
2006-07-20,5.0988,4.9609,4.9696,4.9921,5.0904
2006-07-21,5.1075,4.9808,4.9912,5.0142,5.1093
2006-07-24,5.1119,4.9811,4.9903,5.0124,5.1068
2006-07-25,5.1343,5.0052,5.0131,5.0339,5.1263
2006-07-26,5.0917,4.9692,4.9790,5.0017,5.0982
2006-07-27,5.0799,4.9703,4.9829,5.0076,5.1070
2006-07-28,5.0147,4.9064,4.9202,4.9463,5.0500
2006-07-31,4.9997,4.8905,4.9080,4.9377,5.0494
2006-08-01,4.9922,4.8830,4.9003,4.9296,5.0401
2006-08-02,4.9788,4.8616,4.8786,4.9077,5.0164
2006-08-03,5.0037,4.8712,4.8836,4.9087,5.0095
2006-08-04,4.9425,4.8078,4.8222,4.8494,4.9561
2006-08-07,4.9735,4.8342,4.8458,4.8703,4.9699
2006-08-08,4.9417,4.8232,4.8405,4.8700,4.9805
2006-08-09,4.9436,4.8269,4.8469,4.8790,4.9958
2006-08-10,4.9503,4.8286,4.8477,4.8794,4.9969
2006-08-11,4.9969,4.8789,4.8962,4.9256,5.0364
2006-08-14,5.0415,4.9182,4.9330,4.9601,5.0658
2006-08-15,4.9756,4.8502,4.8659,4.8940,5.0013
2006-08-16,4.9111,4.7767,4.7939,4.8242,4.9389
2006-08-17,4.9247,4.7837,4.7986,4.8268,4.9373
2006-08-18,4.8974,4.7461,4.7620,4.7916,4.9063
2006-08-21,4.8853,4.7335,4.7500,4.7797,4.8918
2006-08-22,4.8866,4.7315,4.7480,4.7776,4.8884
2006-08-23,4.8970,4.7391,4.7535,4.7815,4.8902
2006-08-24,4.9033,4.7372,4.7496,4.7759,4.8816
2006-08-25,4.8872,4.7232,4.7368,4.7640,4.8705
2006-08-28,4.8985,4.7356,4.7482,4.7741,4.8758
2006-08-29,4.8805,4.7307,4.7458,4.7727,4.8710
2006-08-30,4.8471,4.7035,4.7213,4.7499,4.8500
2006-08-31,4.8055,4.6725,4.6929,4.7229,4.8219
2006-09-01,4.7822,4.6632,4.6865,4.7177,4.8155
2006-09-05,4.8214,4.7045,4.7290,4.7627,4.8703
2006-09-06,4.8271,4.7205,4.7468,4.7818,4.8910
2006-09-07,4.8359,4.7126,4.7365,4.7702,4.8792
2006-09-08,4.8143,4.6911,4.7149,4.7491,4.8613
2006-09-11,4.8477,4.7179,4.7396,4.7727,4.8862
2006-09-12,4.8323,4.6932,4.7131,4.7448,4.8555
2006-09-13,4.8154,4.6802,4.7008,4.7329,4.8437
2006-09-14,4.8526,4.7160,4.7331,4.7622,4.8688
2006-09-15,4.8746,4.7310,4.7466,4.7745,4.8778
2006-09-18,4.8872,4.7482,4.7616,4.7879,4.8909
2006-09-19,4.8110,4.6607,4.6769,4.7058,4.8135
2006-09-20,4.8231,4.6650,4.6798,4.7074,4.8110
2006-09-21,4.7179,4.5670,4.5866,4.6186,4.7308
2006-09-22,4.6807,4.5211,4.5418,4.5739,4.6824
2006-09-25,4.6495,4.4767,4.4952,4.5261,4.6351
2006-09-26,4.6940,4.5172,4.5320,4.5598,4.6628
2006-09-27,4.6875,4.5224,4.5393,4.5688,4.6753
2006-09-28,4.7013,4.5424,4.5602,4.5903,4.6981
2006-09-29,4.7216,4.5672,4.5846,4.6130,4.7121
2006-10-02,4.6792,4.5384,4.5604,4.5919,4.6948
2006-10-03,4.6828,4.5414,4.5622,4.5925,4.6914
2006-10-04,4.6184,4.4825,4.5069,4.5403,4.6464
2006-10-05,4.6737,4.5297,4.5510,4.5825,4.6872
2006-10-06,4.7609,4.6264,4.6463,4.6760,4.7759
2006-10-10,4.8336,4.6865,4.7010,4.7277,4.8290
2006-10-11,4.8692,4.7191,4.7320,4.7574,4.8563
2006-10-12,4.8689,4.7174,4.7290,4.7536,4.8534
2006-10-13,4.8916,4.7447,4.7557,4.7799,4.8800
2006-10-16,4.8773,4.7279,4.7386,4.7627,4.8634
2006-10-17,4.8619,4.7058,4.7170,4.7422,4.8464
2006-10-18,4.8616,4.7016,4.7113,4.7350,4.8359
2006-10-19,4.8775,4.7258,4.7356,4.7589,4.8576
2006-10-20,4.8823,4.7311,4.7398,4.7618,4.8568
2006-10-23,4.9174,4.7747,4.7831,4.8044,4.8975
2006-10-24,4.9258,4.7757,4.7837,4.8051,4.8983
2006-10-25,4.8782,4.7221,4.7294,4.7504,4.8442
2006-10-26,4.8324,4.6644,4.6736,4.6970,4.7959
2006-10-27,4.7749,4.6126,4.6257,4.6515,4.7508
2006-10-30,4.7721,4.6178,4.6325,4.6576,4.7467
2006-10-31,4.7186,4.5472,4.5606,4.5858,4.6794
2006-11-01,4.6521,4.4912,4.5095,4.5379,4.6338
2006-11-02,4.6769,4.5323,4.5518,4.5796,4.6698
2006-11-03,4.8306,4.6640,4.6744,4.6970,4.7854
2006-11-06,4.8299,4.6560,4.6650,4.6868,4.7748
2006-11-07,4.7778,4.6004,4.6112,4.6347,4.7260
2006-11-08,4.7616,4.5754,4.5852,4.6082,4.6997
2006-11-09,4.7594,4.5692,4.5795,4.6035,4.6992
2006-11-10,4.7330,4.5347,4.5445,4.5675,4.6582
2006-11-13,4.7682,4.5574,4.5638,4.5851,4.6773
2006-11-14,4.7407,4.5244,4.5284,4.5476,4.6354
2006-11-15,4.8086,4.5825,4.5806,4.5953,4.6776
2006-11-16,4.8485,4.6351,4.6324,4.6456,4.7242
2006-11-17,4.7685,4.5617,4.5642,4.5825,4.6726
2006-11-20,4.7616,4.5550,4.5564,4.5736,4.6613
2006-11-21,4.7511,4.5368,4.5371,4.5537,4.6413
2006-11-22,4.7451,4.5231,4.5232,4.5400,4.6295
2006-11-24,4.7247,4.5059,4.5073,4.5252,4.6158
2006-11-27,4.7101,4.4921,4.4947,4.5132,4.6025
2006-11-28,4.6690,4.4576,4.4644,4.4860,4.5782
2006-11-29,4.6856,4.4728,4.4778,4.4985,4.5922
2006-11-30,4.6286,4.4124,4.4197,4.4415,4.5333
2006-12-01,4.5202,4.3637,4.3829,4.4108,4.5025
2006-12-04,4.5093,4.3614,4.3827,4.4119,4.5050
2006-12-05,4.5162,4.3682,4.3907,4.4213,4.5186
2006-12-06,4.5745,4.4172,4.4362,4.4636,4.5530
2006-12-07,4.5755,4.4234,4.4421,4.4688,4.5562
2006-12-08,4.6779,4.4998,4.5146,4.5399,4.6287
2006-12-11,4.6596,4.4640,4.4761,4.5006,4.5925
2006-12-12,4.6098,4.4168,4.4315,4.4585,4.5563
2006-12-13,4.6986,4.5061,4.5200,4.5470,4.6474
2006-12-14,4.7351,4.5318,4.5411,4.5654,4.6665
2006-12-15,4.7307,4.5294,4.5396,4.5647,4.6673
2006-12-18,4.7344,4.5258,4.5344,4.5589,4.6633
2006-12-19,4.7259,4.5238,4.5342,4.5602,4.6684
2006-12-20,4.7266,4.5270,4.5367,4.5620,4.6682
2006-12-21,4.6763,4.4784,4.4897,4.5165,4.6268
2006-12-22,4.7372,4.5521,4.5639,4.5906,4.6986
2006-12-26,4.7299,4.5386,4.5496,4.5753,4.6789
2006-12-27,4.7886,4.5961,4.6030,4.6254,4.7268
2006-12-28,4.8250,4.6475,4.6536,4.6745,4.7697
2006-12-29,4.8367,4.6636,4.6702,4.6910,4.7845
2007-01-02,4.8140,4.6412,4.6476,4.6681,4.7593
2007-01-03,4.7875,4.6177,4.6249,4.6461,4.7388
2007-01-04,4.7283,4.5682,4.5802,4.6042,4.6961
2007-01-05,4.7719,4.6025,4.6122,4.6349,4.7263
2007-01-08,4.7893,4.6162,4.6244,4.6455,4.7325
2007-01-09,4.8008,4.6140,4.6195,4.6393,4.7279
2007-01-10,4.8284,4.6416,4.6473,4.6677,4.7592
2007-01-11,4.8784,4.6965,4.7013,4.7206,4.8098
2007-01-12,4.8921,4.7278,4.7339,4.7537,4.8428
2007-01-16,4.8749,4.7071,4.7130,4.7329,4.8229
2007-01-17,4.9181,4.7496,4.7546,4.7734,4.8611
2007-01-18,4.8932,4.7175,4.7212,4.7390,4.8249
2007-01-19,4.9244,4.7511,4.7531,4.7690,4.8495
2007-01-22,4.9098,4.7303,4.7318,4.7475,4.8285
2007-01-23,4.9457,4.7784,4.7809,4.7971,4.8787
2007-01-24,4.9348,4.7783,4.7816,4.7981,4.8797
2007-01-25,4.9777,4.8346,4.8382,4.8544,4.9335
2007-01-26,4.9884,4.8448,4.8504,4.8686,4.9526
2007-01-29,4.9950,4.8640,4.8680,4.8839,4.9613
2007-01-30,4.9769,4.8450,4.8496,4.8660,4.9451
2007-01-31,4.9337,4.7951,4.7987,4.8145,4.8926
2007-02-01,4.9586,4.8114,4.8136,4.8283,4.9044
2007-02-02,4.9426,4.7965,4.8010,4.8181,4.8997
2007-02-05,4.9220,4.7758,4.7805,4.7980,4.8806
2007-02-06,4.8994,4.7321,4.7342,4.7502,4.8328
2007-02-07,4.8766,4.7062,4.7099,4.7278,4.8151
2007-02-08,4.8768,4.6993,4.7024,4.7200,4.8065
2007-02-09,4.9143,4.7523,4.7571,4.7757,4.8631
2007-02-12,4.9302,4.7721,4.7767,4.7948,4.8807
2007-02-13,4.9423,4.7842,4.7885,4.8065,4.8929
2007-02-14,4.8684,4.6912,4.6960,4.7157,4.8090
2007-02-15,4.8307,4.6564,4.6639,4.6859,4.7832
2007-02-16,4.8311,4.6472,4.6534,4.6746,4.7708
2007-02-20,4.8205,4.6350,4.6422,4.6642,4.7608
2007-02-21,4.8359,4.6493,4.6555,4.6766,4.7715
2007-02-22,4.8775,4.6949,4.6994,4.7188,4.8111
2007-02-23,4.8225,4.6333,4.6403,4.6626,4.7621
2007-02-26,4.7770,4.5837,4.5911,4.6134,4.7100
2007-02-27,4.6081,4.4300,4.4455,4.4748,4.5848
2007-02-28,4.6620,4.4867,4.5044,4.5348,4.6426
2007-03-01,4.6407,4.4788,4.5001,4.5331,4.6447
2007-03-02,4.5824,4.4376,4.4613,4.4952,4.6054
2007-03-05,4.5692,4.4394,4.4639,4.4966,4.5996
2007-03-06,4.6161,4.4635,4.4837,4.5147,4.6195
2007-03-07,4.5785,4.4239,4.4467,4.4797,4.5882
2007-03-08,4.5883,4.4286,4.4508,4.4844,4.5972
2007-03-09,4.7001,4.5155,4.5313,4.5610,4.6721
2007-03-12,4.6643,4.4748,4.4919,4.5232,4.6382
2007-03-13,4.5601,4.4002,4.4274,4.4655,4.5884
2007-03-14,4.5796,4.4169,4.4450,4.4850,4.6157
2007-03-15,4.6145,4.4339,4.4573,4.4947,4.6241
2007-03-16,4.6325,4.4454,4.4673,4.5034,4.6303
2007-03-19,4.6610,4.4710,4.4912,4.5266,4.6550
2007-03-20,4.6393,4.4476,4.4687,4.5050,4.6356
2007-03-21,4.5641,4.4068,4.4368,4.4790,4.6154
2007-03-22,4.6256,4.4645,4.4946,4.5380,4.6815
2007-03-23,4.6459,4.4916,4.5218,4.5646,4.7042
2007-03-26,4.6146,4.4664,4.4994,4.5436,4.6831
2007-03-27,4.6190,4.4822,4.5173,4.5632,4.7051
2007-03-28,4.6049,4.4761,4.5147,4.5640,4.7148
2007-03-29,4.6416,4.5060,4.5399,4.5848,4.7250
2007-03-30,4.6498,4.5185,4.5530,4.5986,4.7416
2007-04-02,4.6476,4.5167,4.5525,4.5984,4.7388
2007-04-03,4.6811,4.5416,4.5745,4.6187,4.7585
2007-04-04,4.6529,4.5234,4.5590,4.6047,4.7453
2007-04-05,4.6730,4.5464,4.5829,4.6295,4.7719
2007-04-06,4.7909,4.6434,4.6696,4.7092,4.8446
2007-04-09,4.7832,4.6332,4.6591,4.6987,4.8352
2007-04-10,4.7511,4.6054,4.6347,4.6771,4.8187
2007-04-11,4.7698,4.6228,4.6501,4.6902,4.8252
2007-04-12,4.7717,4.6226,4.6494,4.6894,4.8247
2007-04-13,4.8091,4.6539,4.6768,4.7137,4.8454
2007-04-16,4.7899,4.6345,4.6553,4.6902,4.8181
2007-04-17,4.7225,4.5760,4.6023,4.6410,4.7707
2007-04-18,4.6828,4.5355,4.5643,4.6047,4.7350
2007-04-19,4.6791,4.5448,4.5766,4.6192,4.7530
2007-04-20,4.6838,4.5467,4.5791,4.6223,4.7582
2007-04-23,4.6606,4.5187,4.5512,4.5946,4.7308
2007-04-24,4.6235,4.4870,4.5215,4.5659,4.7021
2007-04-25,4.6643,4.5168,4.5494,4.5930,4.7298
2007-04-26,4.7072,4.5604,4.5919,4.6349,4.7717
2007-04-27,4.7055,4.5634,4.5957,4.6397,4.7805
2007-04-30,4.6357,4.4901,4.5231,4.5669,4.7042
2007-05-01,4.6751,4.5049,4.5310,4.5709,4.7070
2007-05-02,4.6857,4.5155,4.5425,4.5827,4.7179
2007-05-03,4.7356,4.5583,4.5799,4.6158,4.7442
2007-05-04,4.7036,4.5210,4.5426,4.5788,4.7080
2007-05-07,4.7107,4.5210,4.5408,4.5754,4.7011
2007-05-08,4.7077,4.5136,4.5324,4.5673,4.6996
2007-05-09,4.7581,4.5595,4.5761,4.6091,4.7376
2007-05-10,4.7247,4.5332,4.5512,4.5858,4.7203
2007-05-11,4.7427,4.5627,4.5804,4.6142,4.7453
2007-05-14,4.7598,4.5883,4.6050,4.6372,4.7631
2007-05-15,4.7700,4.6118,4.6285,4.6601,4.7837
2007-05-16,4.7574,4.6070,4.6242,4.6557,4.7781
2007-05-17,4.8064,4.6658,4.6812,4.7104,4.8262
2007-05-18,4.8434,4.7182,4.7333,4.7617,4.8752
2007-05-21,4.8295,4.6986,4.7136,4.7422,4.8570
2007-05-22,4.8586,4.7343,4.7525,4.7842,4.9051
2007-05-23,4.8648,4.7591,4.7800,4.8135,4.9366
2007-05-24,4.8658,4.7581,4.7774,4.8093,4.9296
2007-05-25,4.8786,4.7703,4.7883,4.8190,4.9367
2007-05-29,4.8992,4.7924,4.8083,4.8371,4.9499
2007-05-30,4.9170,4.8034,4.8151,4.8413,4.9530
2007-05-31,4.9441,4.8315,4.8412,4.8647,4.9683
2007-06-01,4.9955,4.8929,4.9021,4.9249,5.0257
2007-06-04,4.9909,4.8790,4.8849,4.9046,4.9981
2007-06-05,5.0201,4.9295,4.9367,4.9566,5.0478
2007-06-06,4.9762,4.9089,4.9212,4.9446,5.0418
2007-06-07,5.0430,5.0270,5.0461,5.0737,5.1751
2007-06-08,5.0369,5.0331,5.0547,5.0842,5.1887
2007-06-11,5.0333,5.0415,5.0664,5.0988,5.2094
2007-06-12,5.1047,5.1556,5.1857,5.2208,5.3311
2007-06-13,5.0873,5.1149,5.1386,5.1682,5.2664
2007-06-14,5.1152,5.1393,5.1627,5.1930,5.2963
2007-06-15,5.0589,5.0720,5.0974,5.1304,5.2416
2007-06-18,5.0395,5.0494,5.0756,5.1095,5.2234
2007-06-19,4.9756,4.9803,5.0087,5.0449,5.1639
2007-06-20,5.0171,5.0289,5.0572,5.0928,5.2094
2007-06-21,5.0052,5.0400,5.0748,5.1153,5.2398
2007-06-22,4.9684,5.0072,5.0459,5.0895,5.2182
2007-06-25,4.9187,4.9449,4.9846,5.0296,5.1617
2007-06-26,4.9391,4.9657,5.0051,5.0496,5.1805
2007-06-27,4.9361,4.9483,4.9857,5.0288,5.1577
2007-06-28,4.9869,4.9942,5.0285,5.0686,5.1895
2007-06-29,4.9089,4.9057,4.9396,4.9796,5.1008
2007-07-02,4.8835,4.8643,4.9002,4.9431,5.0717
2007-07-03,4.9232,4.9155,4.9530,4.9966,5.1244
2007-07-05,5.0165,5.0244,5.0597,5.1001,5.2191
2007-07-06,5.0249,5.0649,5.1040,5.1466,5.2657
2007-07-09,5.0016,5.0337,5.0720,5.1140,5.2332
2007-07-10,4.8808,4.8987,4.9409,4.9866,5.1100
2007-07-11,4.9170,4.9421,4.9868,5.0348,5.1636
2007-07-12,4.9725,4.9950,5.0352,5.0794,5.2017
2007-07-13,4.9573,4.9799,5.0211,5.0654,5.1846
2007-07-16,4.9099,4.9228,4.9642,5.0089,5.1285
2007-07-17,4.9350,4.9575,5.0009,5.0460,5.1604
2007-07-18,4.8668,4.8817,4.9272,4.9748,5.0964
2007-07-19,4.8902,4.9109,4.9563,5.0028,5.1190
2007-07-20,4.8022,4.8278,4.8753,4.9228,5.0405
2007-07-23,4.8333,4.8342,4.8788,4.9260,5.0478
2007-07-24,4.7854,4.7925,4.8417,4.8929,5.0240
2007-07-25,4.7731,4.7630,4.8119,4.8645,5.0032
2007-07-26,4.5771,4.5960,4.6587,4.7221,4.8803
2007-07-27,4.5746,4.5959,4.6610,4.7267,4.8895
2007-07-30,4.6165,4.6282,4.6896,4.7526,4.9115
2007-07-31,4.5910,4.5956,4.6555,4.7171,4.8725
2007-08-01,4.5913,4.5877,4.6461,4.7074,4.8644
2007-08-02,4.6223,4.6035,4.6572,4.7153,4.8694
2007-08-03,4.5054,4.5228,4.5865,4.6514,4.8146
2007-08-06,4.4880,4.5171,4.5845,4.6528,4.8242
2007-08-07,4.5970,4.5912,4.6505,4.7122,4.8697
2007-08-08,4.6846,4.6905,4.7503,4.8126,4.9720
2007-08-09,4.5451,4.6077,4.6787,4.7495,4.9260
2007-08-10,4.5268,4.6141,4.6873,4.7587,4.9338
2007-08-13,4.5089,4.5939,4.6665,4.7371,4.9107
2007-08-14,4.4423,4.5345,4.6103,4.6841,4.8658
2007-08-15,4.3491,4.4426,4.5280,4.6152,4.8400
2007-08-16,4.1414,4.2874,4.3867,4.4872,4.7455
2007-08-17,4.2391,4.3804,4.4702,4.5634,4.8133
2007-08-20,4.1800,4.3429,4.4322,4.5246,4.7767
2007-08-21,4.0973,4.2876,4.3792,4.4725,4.7250
2007-08-22,4.1730,4.3521,4.4352,4.5200,4.7513
2007-08-23,4.2131,4.3709,4.4473,4.5257,4.7418
2007-08-24,4.3174,4.4126,4.4767,4.5456,4.7420
2007-08-27,4.2990,4.3729,4.4402,4.5130,4.7177
2007-08-28,4.1596,4.2472,4.3305,4.4193,4.6609
2007-08-29,4.2035,4.2850,4.3668,4.4541,4.6908
2007-08-30,4.1438,4.2155,4.3015,4.3928,4.6358
2007-08-31,4.1980,4.2498,4.3313,4.4192,4.6560
2007-09-04,4.1969,4.2567,4.3485,4.4434,4.6812
2007-09-05,4.0845,4.1496,4.2486,4.3510,4.6076
2007-09-06,4.1303,4.1846,4.2804,4.3798,4.6299
2007-09-07,3.9509,4.0179,4.1200,4.2269,4.5013
2007-09-10,3.9081,3.9775,4.0778,4.1827,4.4509
2007-09-11,3.9951,4.0465,4.1390,4.2360,4.4839
2007-09-12,4.0109,4.0840,4.1781,4.2757,4.5224
2007-09-13,4.1267,4.1871,4.2709,4.3599,4.5943
2007-09-14,4.0943,4.1589,4.2454,4.3366,4.5745
2007-09-17,4.1231,4.1806,4.2635,4.3512,4.5798
2007-09-18,4.0465,4.1593,4.2564,4.3556,4.6053
2007-09-19,4.0341,4.1744,4.2735,4.3748,4.6347
2007-09-20,4.1426,4.3241,4.4246,4.5251,4.7796
2007-09-21,4.1003,4.2870,4.3862,4.4856,4.7388
2007-09-24,4.0889,4.2819,4.3830,4.4832,4.7338
2007-09-25,4.0281,4.2446,4.3529,4.4597,4.7253
2007-09-26,4.0189,4.2477,4.3578,4.4658,4.7334
2007-09-27,3.9868,4.1963,4.3072,4.4162,4.6839
2007-09-28,3.9990,4.2054,4.3177,4.4271,4.6898
2007-10-01,4.0337,4.2007,4.3072,4.4121,4.6646
2007-10-02,3.9939,4.1655,4.2762,4.3842,4.6393
2007-10-03,4.0378,4.1984,4.3024,4.4056,4.6567
2007-10-04,4.0210,4.1755,4.2798,4.3834,4.6356
2007-10-05,4.1179,4.3006,4.4070,4.5102,4.7535
2007-10-09,4.1646,4.3331,4.4360,4.5351,4.7650
2007-10-10,4.1752,4.3279,4.4300,4.5291,4.7609
2007-10-11,4.1621,4.3182,4.4237,4.5261,4.7655
2007-10-12,4.2517,4.3780,4.4739,4.5695,4.8011
2007-10-15,4.2358,4.3597,4.4570,4.5544,4.7916
2007-10-16,4.1482,4.3061,4.4152,4.5211,4.7681
2007-10-17,4.0200,4.1935,4.3065,4.4160,4.6725
2007-10-18,3.9615,4.1357,4.2491,4.3605,4.6271
2007-10-19,3.8299,4.0096,4.1294,4.2454,4.5167
2007-10-22,3.8613,4.0417,4.1572,4.2675,4.5205
2007-10-23,3.8431,4.0260,4.1461,4.2610,4.5241
2007-10-24,3.7743,3.9616,4.0833,4.2002,4.4704
2007-10-25,3.7744,3.9713,4.0936,4.2100,4.4763
2007-10-26,3.7931,4.0114,4.1359,4.2526,4.5139
2007-10-29,3.8162,4.0062,4.1245,4.2375,4.4964
2007-10-30,3.8413,4.0163,4.1312,4.2429,4.5062
2007-10-31,3.9516,4.1155,4.2241,4.3304,4.5841
2007-11-01,3.7998,3.9800,4.0939,4.2057,4.4734
2007-11-02,3.6770,3.8992,4.0246,4.1451,4.4266
2007-11-05,3.7093,3.9305,4.0543,4.1735,4.4532
2007-11-06,3.7272,3.9595,4.0855,4.2067,4.4908
2007-11-07,3.6271,3.8896,4.0285,4.1614,4.4710
2007-11-08,3.4982,3.8007,3.9522,4.0956,4.4254
2007-11-09,3.4659,3.7561,3.9035,4.0443,4.3728
2007-11-13,3.5629,3.8195,3.9534,4.0837,4.3974
2007-11-14,3.5835,3.8439,3.9760,4.1039,4.4101
2007-11-15,3.3888,3.7013,3.8481,3.9869,4.3091
2007-11-16,3.3486,3.6771,3.8314,3.9759,4.3037
2007-11-19,3.2123,3.5690,3.7331,3.8860,4.2305
2007-11-20,3.1793,3.5396,3.7097,3.8688,4.2294
2007-11-21,3.0274,3.4490,3.6391,3.8135,4.1959
2007-11-23,3.1050,3.4934,3.6704,3.8331,4.1911
2007-11-26,2.9385,3.3035,3.4831,3.6491,4.0148
2007-11-27,3.0685,3.4248,3.5990,3.7620,4.1282
2007-11-28,3.1993,3.5316,3.6972,3.8522,4.1999
2007-11-29,3.0893,3.4371,3.6078,3.7664,4.1197
2007-11-30,3.0625,3.4352,3.6193,3.7881,4.1552
2007-12-03,2.9100,3.3114,3.5114,3.6933,4.0827
2007-12-04,2.9006,3.3037,3.5042,3.6864,4.0765
2007-12-05,2.8990,3.3093,3.5152,3.7034,4.1099
2007-12-06,3.0291,3.4061,3.6058,3.7914,4.2009
2007-12-07,3.1368,3.5264,3.7213,3.9031,4.3092
2007-12-10,3.1717,3.5547,3.7442,3.9231,4.3322
2007-12-11,2.9540,3.3536,3.5549,3.7460,4.1855
2007-12-12,3.0671,3.4373,3.6309,3.8149,4.2376
2007-12-13,3.1964,3.5622,3.7493,3.9286,4.3481
2007-12-14,3.3019,3.6504,3.8259,3.9961,4.4050
2007-12-17,3.2361,3.5898,3.7698,3.9439,4.3596
2007-12-18,3.1944,3.5334,3.7140,3.8884,4.3011
2007-12-19,3.1293,3.4630,3.6432,3.8171,4.2269
2007-12-20,3.0823,3.4366,3.6256,3.8049,4.2145
2007-12-21,3.1963,3.5734,3.7653,3.9444,4.3433
2007-12-24,3.2446,3.6348,3.8263,4.0033,4.3919
2007-12-26,3.3194,3.7025,3.8921,4.0688,4.4620
2007-12-27,3.2261,3.6120,3.8036,3.9819,4.3779
2007-12-28,3.1136,3.5072,3.7028,3.8837,4.2811
2007-12-31,3.0569,3.4415,3.6391,3.8215,4.2192
2008-01-02,2.8650,3.2840,3.4955,3.6878,4.0983
2008-01-03,2.7976,3.2908,3.4914,3.6722,4.0794
2008-01-04,2.7098,3.2072,3.4174,3.6079,4.0393
2008-01-07,2.7328,3.1791,3.3866,3.5774,4.0146
2008-01-08,2.7314,3.1772,3.3855,3.5772,4.0169
2008-01-09,2.6651,3.1254,3.3360,3.5292,3.9722
2008-01-10,2.6948,3.1968,3.4159,3.6159,4.0727
2008-01-11,2.5572,3.0869,3.3106,3.5148,3.9830
2008-01-14,2.5535,3.0936,3.3145,3.5156,3.9754
2008-01-15,2.4962,3.0152,3.2310,3.4280,3.8816
2008-01-16,2.4839,3.0214,3.2431,3.4450,3.9090
2008-01-17,2.3985,2.9342,3.1578,3.3619,3.8325
2008-01-18,2.3173,2.9031,3.1363,3.3481,3.8350
2008-01-22,2.0364,2.6858,2.9439,3.1777,3.7126
2008-01-23,2.0491,2.6702,2.9277,3.1647,3.7121
2008-01-24,2.2292,2.8626,3.1135,3.3427,3.8693
2008-01-25,2.1990,2.8189,3.0641,3.2885,3.8057
2008-01-28,2.1796,2.8106,3.0585,3.2858,3.8094
2008-01-29,2.2507,2.8882,3.1354,3.3620,3.8808
2008-01-30,2.3036,2.9744,3.2202,3.4447,3.9604
2008-01-31,2.1590,2.8318,3.0870,3.3209,3.8561
2008-02-01,2.0830,2.7791,3.0405,3.2780,3.8158
2008-02-04,2.0660,2.8236,3.0887,3.3258,3.8601
2008-02-05,1.9181,2.7139,2.9942,3.2443,3.8033
2008-02-06,1.9478,2.7327,3.0139,3.2660,3.8319
2008-02-07,2.0009,2.8526,3.1383,3.3921,3.9603
2008-02-08,1.9063,2.7547,3.0405,3.2941,3.8625
2008-02-11,1.9035,2.7345,3.0176,3.2694,3.8350
2008-02-12,1.9175,2.7706,3.0573,3.3119,3.8823
2008-02-13,1.8828,2.7825,3.0780,3.3390,3.9214
2008-02-14,1.8973,2.8918,3.1967,3.4637,4.0569
2008-02-15,1.8892,2.8368,3.1335,3.3946,3.9783
2008-02-19,2.0503,2.9801,3.2674,3.5207,4.0875
2008-02-20,2.1582,3.0571,3.3336,3.5773,4.1207
2008-02-21,1.9604,2.8599,3.1508,3.4079,3.9815
2008-02-22,1.9744,2.8669,3.1578,3.4157,3.9945
2008-02-25,2.1262,3.0130,3.2972,3.5492,4.1139
2008-02-26,2.0501,2.9586,3.2487,3.5056,4.0822
2008-02-27,2.0024,2.9264,3.2194,3.4785,4.0590
2008-02-28,1.8631,2.7663,3.0648,3.3298,3.9255
2008-02-29,1.6280,2.5570,2.8674,3.1421,3.7569
2008-03-03,1.5999,2.5494,2.8669,3.1473,3.7705
2008-03-04,1.6247,2.5953,2.9251,3.2162,3.8573
2008-03-05,1.6652,2.6557,2.9865,3.2793,3.9296
2008-03-06,1.5492,2.5512,2.8879,3.1866,3.8553
2008-03-07,1.5399,2.4880,2.8201,3.1189,3.7981
2008-03-10,1.4799,2.3840,2.7129,3.0124,3.7003
2008-03-11,1.7476,2.5980,2.9061,3.1878,3.8383
2008-03-12,1.6434,2.4821,2.7890,3.0698,3.7179
2008-03-13,1.6582,2.5191,2.8330,3.1210,3.7857
2008-03-14,1.4759,2.3357,2.6575,2.9568,3.6577
2008-03-17,1.3560,2.1973,2.5271,2.8382,3.5780
2008-03-18,1.5869,2.3810,2.6857,2.9744,3.6704
2008-03-19,1.5109,2.3175,2.6159,2.8988,3.5870
2008-03-20,1.5332,2.3119,2.5986,2.8710,3.5378
2008-03-24,1.7982,2.5796,2.8559,3.1162,3.7483
2008-03-25,1.7714,2.5544,2.8302,3.0899,3.7202
2008-03-26,1.6900,2.5036,2.7957,3.0704,3.7308
2008-03-27,1.7155,2.5455,2.8401,3.1166,3.7802
2008-03-28,1.6349,2.4590,2.7563,3.0365,3.7138
2008-03-31,1.6092,2.4264,2.7254,3.0077,3.6901
2008-04-01,1.7814,2.5853,2.8743,3.1469,3.8069
2008-04-02,1.8903,2.6673,2.9436,3.2038,3.8332
2008-04-03,1.9297,2.6966,2.9651,3.2179,3.8321
2008-04-04,1.8293,2.5853,2.8533,3.1066,3.7259
2008-04-07,1.9487,2.7027,2.9594,3.2006,3.7893
2008-04-08,1.8925,2.6889,2.9567,3.2064,3.8067
2008-04-09,1.7719,2.5705,2.8449,3.1014,3.7176
2008-04-10,1.8219,2.6493,2.9191,3.1688,3.7647
2008-04-11,1.7525,2.5755,2.8486,3.1022,3.7093
2008-04-14,1.7664,2.6000,2.8780,3.1359,3.7499
2008-04-15,1.8472,2.6747,2.9487,3.2028,3.8092
2008-04-16,1.9816,2.8113,3.0822,3.3325,3.9279
2008-04-17,2.1063,2.8878,3.1419,3.3781,3.9476
2008-04-18,2.1592,2.9312,3.1804,3.4119,3.9715
2008-04-21,2.1507,2.9560,3.1974,3.4181,3.9455
2008-04-22,2.1649,2.9751,3.2115,3.4263,3.9365
2008-04-23,2.1764,2.9997,3.2378,3.4535,3.9645
2008-04-24,2.3196,3.1428,3.3726,3.5789,4.0621
2008-04-25,2.3692,3.2002,3.4292,3.6339,4.1122
2008-04-28,2.2912,3.1273,3.3582,3.5648,4.0481
2008-04-29,2.2810,3.1058,3.3382,3.5472,4.0383
2008-04-30,2.2180,3.0422,3.2747,3.4840,3.9765
2008-05-01,2.2842,3.0814,3.3049,3.5059,3.9797
2008-05-02,2.3793,3.2016,3.4255,3.6251,4.0897
2008-05-05,2.3387,3.1646,3.3931,3.5978,4.0765
2008-05-06,2.3174,3.1777,3.4159,3.6289,4.1253
2008-05-07,2.2642,3.1216,3.3606,3.5751,4.0774
2008-05-08,2.1836,3.0254,3.2689,3.4893,4.0099
2008-05-09,2.2023,3.0202,3.2588,3.4753,3.9887
2008-05-12,2.2497,3.0418,3.2749,3.4872,3.9924
2008-05-13,2.4205,3.2010,3.4247,3.6271,4.1062
2008-05-14,2.4811,3.2634,3.4805,3.6753,4.1331
2008-05-15,2.3892,3.1581,3.3749,3.5706,4.0352
2008-05-16,2.4072,3.1837,3.4011,3.5968,4.0597
2008-05-19,2.3634,3.1479,3.3680,3.5662,4.0351
2008-05-20,2.2863,3.0823,3.3063,3.5083,3.9870
2008-05-21,2.3657,3.1480,3.3644,3.5587,4.0169
2008-05-22,2.4956,3.2937,3.5055,3.6930,4.1279
2008-05-23,2.4094,3.2019,3.4172,3.6091,4.0581
2008-05-27,2.4937,3.3001,3.5154,3.7064,4.1494
2008-05-28,2.6006,3.4176,3.6308,3.8181,4.2470
2008-05-29,2.6159,3.4671,3.6852,3.8754,4.3050
2008-05-30,2.6131,3.4507,3.6672,3.8566,4.2861
2008-06-02,2.4813,3.3241,3.5455,3.7406,4.1891
2008-06-03,2.4229,3.2395,3.4640,3.6647,4.1338
2008-06-04,2.4642,3.2879,3.5165,3.7213,4.2010
2008-06-05,2.5162,3.3590,3.5913,3.7986,4.2798
2008-06-06,2.4118,3.2266,3.4601,3.6709,4.1669
2008-06-09,2.6868,3.4297,3.6329,3.8142,4.2371
2008-06-10,2.8463,3.5745,3.7671,3.9372,4.3291
2008-06-11,2.7829,3.5350,3.7344,3.9107,4.3177
2008-06-12,2.9712,3.7089,3.8980,4.0629,4.4350
2008-06-13,2.9978,3.7572,3.9488,4.1146,4.4832
2008-06-16,2.9773,3.7429,3.9356,4.1021,4.4714
2008-06-17,2.8963,3.6847,3.8849,4.0587,4.4471
2008-06-18,2.8429,3.6101,3.8065,3.9778,4.3642
2008-06-19,2.9397,3.6984,3.8916,4.0594,4.4358
2008-06-20,2.8376,3.6064,3.8038,3.9759,4.3639
2008-06-23,2.9303,3.6719,3.8610,4.0255,4.3946
2008-06-24,2.8036,3.5519,3.7445,3.9128,4.2943
2008-06-25,2.7783,3.5581,3.7575,3.9311,4.3210
2008-06-26,2.6471,3.4488,3.6555,3.8361,4.2451
2008-06-27,2.6137,3.3856,3.5869,3.7636,4.1670
2008-06-30,2.6090,3.3690,3.5738,3.7554,4.1739
2008-07-01,2.6052,3.3532,3.5639,3.7530,4.1919
2008-07-02,2.5762,3.3309,3.5417,3.7302,4.1659
2008-07-03,2.5292,3.3056,3.5240,3.7195,4.1716
2008-07-07,2.4710,3.2437,3.4664,3.6670,4.1328
2008-07-08,2.4777,3.2124,3.4290,3.6255,4.0876
2008-07-09,2.4184,3.1381,3.3553,3.5538,4.0263
2008-07-10,2.4286,3.1301,3.3461,3.5446,4.0193
2008-07-11,2.5796,3.2973,3.5063,3.6957,4.1428
2008-07-14,2.4788,3.2196,3.4342,3.6283,4.0846
2008-07-15,2.3936,3.1475,3.3699,3.5721,4.0511
2008-07-16,2.4390,3.2304,3.4612,3.6703,4.1622
2008-07-17,2.5722,3.3699,3.5928,3.7923,4.2547
2008-07-18,2.6395,3.4436,3.6599,3.8513,4.2895
2008-07-21,2.6400,3.4277,3.6404,3.8290,4.2633
2008-07-22,2.7023,3.4986,3.7087,3.8936,4.3149
2008-07-23,2.7329,3.5374,3.7457,3.9278,4.3397
2008-07-24,2.5639,3.3800,3.5938,3.7817,4.2110
2008-07-25,2.6512,3.4676,3.6857,3.8783,4.3189
2008-07-28,2.5492,3.3603,3.5828,3.7810,4.2385
2008-07-29,2.6051,3.4076,3.6261,3.8203,4.2670
2008-07-30,2.5884,3.3827,3.6007,3.7949,4.2442
2008-07-31,2.4834,3.2605,3.4828,3.6835,4.1557
2008-08-01,2.4710,3.2402,3.4638,3.6662,4.1433
2008-08-04,2.4878,3.2510,3.4735,3.6752,4.1513
2008-08-05,2.5140,3.2936,3.5187,3.7222,4.2001
2008-08-06,2.5266,3.3189,3.5452,3.7493,4.2293
2008-08-07,2.3930,3.1739,3.4019,3.6088,4.0978
2008-08-08,2.4701,3.2277,3.4473,3.6462,4.1160
2008-08-11,2.5169,3.2812,3.5018,3.7015,4.1729
2008-08-12,2.4117,3.1703,3.3961,3.6021,4.0918
2008-08-13,2.4567,3.2158,3.4399,3.6439,4.1277
2008-08-14,2.4126,3.1604,3.3839,3.5879,4.0730
2008-08-15,2.3720,3.1133,3.3356,3.5387,4.0227
2008-08-18,2.3293,3.0740,3.3002,3.5070,3.9973
2008-08-19,2.3137,3.0714,3.3046,3.5177,4.0205
2008-08-20,2.2490,3.0061,3.2433,3.4606,3.9736
2008-08-21,2.3252,3.0759,3.3075,3.5191,4.0177
2008-08-22,2.4113,3.1468,3.3686,3.5705,4.0463
2008-08-25,2.3215,3.0435,3.2671,3.4721,3.9583
2008-08-26,2.3439,3.0560,3.2759,3.4778,3.9589
2008-08-27,2.2994,3.0137,3.2388,3.4459,3.9386
2008-08-28,2.3452,3.0484,3.2696,3.4729,3.9551
2008-08-29,2.3493,3.0727,3.3020,3.5127,4.0102
2008-09-02,2.2554,2.9700,3.2022,3.4163,3.9236
2008-09-03,2.2404,2.9261,3.1570,3.3719,3.8863
2008-09-04,2.1801,2.8520,3.0844,3.3019,3.8255
2008-09-05,2.2224,2.8922,3.1211,3.3346,3.8457
2008-09-08,2.2742,2.9332,3.1534,3.3579,3.8467
2008-09-09,2.2160,2.8837,3.1074,3.3144,3.8041
2008-09-10,2.2071,2.8983,3.1295,3.3423,3.8392
2008-09-11,2.1696,2.8647,3.0991,3.3145,3.8149
2008-09-12,2.2373,2.9699,3.2094,3.4278,3.9293
2008-09-15,1.7832,2.5972,2.8706,3.1189,3.6795
2008-09-16,1.8950,2.6540,2.9080,3.1403,3.6744
2008-09-17,1.6668,2.5257,2.8026,3.0542,3.6304
2008-09-18,1.8075,2.6769,2.9480,3.1926,3.7469
2008-09-19,2.1858,2.9904,3.2443,3.4734,3.9908
2008-09-22,2.1714,3.0181,3.2857,3.5251,4.0557
2008-09-23,2.1461,3.0062,3.2796,3.5250,4.0708
2008-09-24,2.0042,2.9028,3.1980,3.4634,4.0503
2008-09-25,2.1664,3.0416,3.3214,3.5708,4.1149
2008-09-26,2.1186,3.0064,3.2888,3.5401,4.0855
2008-09-29,1.7066,2.6827,2.9965,3.2732,3.8599
2008-09-30,1.9955,2.9574,3.2654,3.5367,4.1101
2008-10-01,1.8315,2.8493,3.1758,3.4588,4.0345
2008-10-02,1.6222,2.6758,3.0220,3.3238,3.9434
2008-10-03,1.5838,2.6442,2.9871,3.2890,3.9239
2008-10-06,1.4055,2.4676,2.8186,3.1290,3.7842
2008-10-07,1.4229,2.4646,2.8206,3.1376,3.8124
2008-10-08,1.6080,2.7338,3.0987,3.4171,4.0685
2008-10-09,1.6308,2.8236,3.2089,3.5431,4.2161
2008-10-10,1.5611,2.8152,3.2156,3.5610,4.2492
2008-10-14,1.7479,3.0492,3.4495,3.7916,4.4613
2008-10-15,1.5611,2.9563,3.3907,3.7602,4.4735
2008-10-16,1.5247,2.8879,3.3337,3.7155,4.4573
2008-10-17,1.5196,2.8726,3.3240,3.7141,4.4856
2008-10-20,1.5956,2.8260,3.2650,3.6491,4.4190
2008-10-21,1.4591,2.6405,3.0925,3.4899,4.2872
2008-10-22,1.4196,2.5685,3.0122,3.4037,4.1930
2008-10-23,1.4175,2.5970,3.0414,3.4272,4.1806
2008-10-24,1.4671,2.6763,3.1289,3.5219,4.2899
2008-10-27,1.4844,2.7189,3.1705,3.5613,4.3205
2008-10-28,1.4929,2.8086,3.2723,3.6698,4.4292
2008-10-29,1.4371,2.8173,3.2920,3.6991,4.4822
2008-10-30,1.4530,2.8643,3.3454,3.7587,4.5577
2008-10-31,1.4148,2.8298,3.3241,3.7523,4.5921
2008-11-03,1.2848,2.7314,3.2469,3.6944,4.5728
2008-11-04,1.2058,2.5724,3.0785,3.5220,4.4048
2008-11-05,1.1928,2.5302,3.0211,3.4509,4.3068
2008-11-06,1.1359,2.5160,3.0141,3.4485,4.3098
2008-11-07,1.1961,2.6132,3.1116,3.5423,4.3835
2008-11-10,1.1402,2.5949,3.0982,3.5278,4.3465
2008-11-12,1.0312,2.4465,2.9506,3.3858,4.2335
2008-11-13,1.0891,2.4989,3.0094,3.4527,4.3260
2008-11-14,1.0609,2.4037,2.8984,3.3300,4.1863
2008-11-17,1.0601,2.3614,2.8433,3.2662,4.1177
2008-11-18,0.9891,2.2502,2.7157,3.1267,3.9679
2008-11-19,0.9083,2.1350,2.5912,2.9953,3.8272
2008-11-20,0.8045,1.9705,2.4057,2.7902,3.5760
2008-11-21,0.8942,2.0774,2.5070,2.8857,3.6581
2008-11-24,1.0563,2.2784,2.7010,3.0692,3.8055
2008-11-25,0.9125,2.0570,2.4747,2.8437,3.5991
2008-11-26,0.8811,1.9903,2.3981,2.7600,3.5070
2008-11-28,0.7795,1.9063,2.3286,2.7034,3.4732
2008-12-01,0.6607,1.6957,2.1095,2.4827,3.2670
2008-12-02,0.6544,1.6626,2.0727,2.4443,3.2311
2008-12-03,0.6057,1.6324,2.0445,2.4177,3.2076
2008-12-04,0.5610,1.5668,1.9633,2.3226,3.0885
2008-12-05,0.6761,1.7518,2.1463,2.4981,3.2296
2008-12-08,0.7202,1.8436,2.2363,2.5830,3.2940
2008-12-09,0.5833,1.7091,2.1068,2.4588,3.1838
2008-12-10,0.5926,1.7191,2.1198,2.4757,3.2137
2008-12-11,0.5265,1.6401,2.0447,2.4051,3.1547
2008-12-12,0.5172,1.6215,2.0251,2.3860,3.1426
2008-12-15,0.4843,1.5672,1.9694,2.3296,3.0838
2008-12-16,0.3769,1.4069,1.8016,2.1582,2.9170
2008-12-17,0.4863,1.3979,1.7404,2.0522,2.7307
2008-12-18,0.4596,1.3155,1.6372,1.9314,2.5786
2008-12-19,0.5334,1.4174,1.7281,2.0096,2.6249
2008-12-22,0.6172,1.4806,1.7764,2.0445,2.6357
2008-12-23,0.6446,1.5133,1.8053,2.0692,2.6501
2008-12-24,0.6590,1.5405,1.8336,2.0974,2.6748
2008-12-26,0.6346,1.4961,1.7878,2.0516,2.6328
2008-12-29,0.5402,1.4380,1.7420,2.0174,2.6269
2008-12-30,0.5234,1.4431,1.7468,2.0194,2.6136
2008-12-31,0.5714,1.5416,1.8643,2.1533,2.7775
2009-01-02,0.6932,1.7277,2.0593,2.3536,2.9808
2009-01-05,0.6184,1.6760,2.0248,2.3380,3.0220
2009-01-06,0.6366,1.6761,2.0228,2.3360,3.0277
2009-01-07,0.6424,1.6740,2.0195,2.3322,3.0255
2009-01-08,0.6401,1.6278,1.9688,2.2802,2.9806
2009-01-09,0.5750,1.5538,1.9018,2.2215,2.9459
2009-01-12,0.5636,1.5020,1.8407,2.1530,2.8644
2009-01-13,0.5736,1.4924,1.8280,2.1387,2.8510
2009-01-14,0.5437,1.4281,1.7545,2.0569,2.7494
2009-01-15,0.5631,1.4438,1.7658,2.0638,2.7455
2009-01-16,0.5897,1.5572,1.8936,2.1994,2.8774
2009-01-20,0.5845,1.5754,1.9229,2.2393,2.9419
2009-01-21,0.6488,1.7078,2.0738,2.4058,3.1383
2009-01-22,0.6279,1.7271,2.1068,2.4512,3.2116
2009-01-23,0.6905,1.7741,2.1470,2.4858,3.2381
2009-01-26,0.7159,1.8196,2.1969,2.5391,3.2974
2009-01-27,0.6836,1.7443,2.1079,2.4381,3.1709
2009-01-28,0.7292,1.8436,2.2111,2.5436,3.2842
2009-01-29,0.8261,1.9884,2.3597,2.6931,3.4287
2009-01-30,0.8167,1.9736,2.3473,2.6836,3.4275
2009-02-02,0.7614,1.8770,2.2430,2.5731,3.3044
2009-02-03,0.8423,1.9993,2.3696,2.7011,3.4283
2009-02-04,0.8649,2.0473,2.4190,2.7488,3.4596
2009-02-05,0.8629,2.0381,2.4103,2.7410,3.4542
2009-02-06,0.9001,2.1091,2.4884,2.8243,3.5442
2009-02-09,0.9396,2.1380,2.5122,2.8424,3.5456
2009-02-10,0.7981,1.9338,2.3107,2.6479,3.3774
2009-02-11,0.8161,1.8913,2.2522,2.5777,3.2937
2009-02-12,0.7947,1.8494,2.2092,2.5358,3.2628
2009-02-13,0.9032,1.9917,2.3536,2.6820,3.4192
2009-02-17,0.7737,1.7660,2.1107,2.4279,3.1565
2009-02-18,0.8979,1.9069,2.2456,2.5550,3.2589
2009-02-19,0.9403,1.9964,2.3474,2.6669,3.3904
2009-02-20,0.8814,1.9184,2.2698,2.5902,3.3143
2009-02-23,0.9009,1.9494,2.2954,2.6090,3.3117
2009-02-24,0.9458,1.9915,2.3352,2.6451,3.3314
2009-02-25,1.0413,2.1320,2.4781,2.7874,3.4639
2009-02-26,1.0478,2.1566,2.5057,2.8175,3.5000
2009-02-27,0.9627,2.1043,2.4779,2.8126,3.5423
2009-03-02,0.8627,1.9645,2.3391,2.6781,3.4292
2009-03-03,0.8856,1.9929,2.3666,2.7041,3.4498
2009-03-04,0.9622,2.0981,2.4696,2.8030,3.5334
2009-03-05,0.8798,1.9548,2.3125,2.6347,3.3427
2009-03-06,0.9085,1.9810,2.3316,2.6464,3.3369
2009-03-09,0.9636,2.0376,2.3843,2.6966,3.3897
2009-03-10,1.0217,2.1365,2.4854,2.7976,3.4861
2009-03-11,1.0207,2.0990,2.4381,2.7425,3.4193
2009-03-12,1.0038,2.0508,2.3816,2.6791,3.3440
2009-03-13,0.9530,2.0031,2.3410,2.6464,3.3332
2009-03-16,0.9840,2.0612,2.4041,2.7136,3.4100
2009-03-17,1.0428,2.1398,2.4796,2.7851,3.4711
2009-03-18,0.7784,1.6762,1.9838,2.2725,2.9744
2009-03-19,0.8392,1.7432,2.0436,2.3221,2.9865
2009-03-20,0.8563,1.7574,2.0592,2.3401,3.0152
2009-03-23,0.8815,1.7784,2.0763,2.3542,3.0268
2009-03-24,0.8774,1.7830,2.0822,2.3603,3.0285
2009-03-25,0.9452,1.9096,2.2111,2.4872,3.1394
2009-03-26,0.8842,1.8488,2.1553,2.4358,3.0930
2009-03-27,0.8815,1.8532,2.1647,2.4490,3.1062
2009-03-30,0.8252,1.7820,2.0963,2.3848,3.0569
2009-03-31,0.7756,1.7295,2.0522,2.3488,3.0361
2009-04-01,0.7803,1.7095,2.0253,2.3154,2.9866
2009-04-02,0.8533,1.8066,2.1212,2.4094,3.0762
2009-04-03,0.9474,1.9516,2.2670,2.5538,3.2149
2009-04-06,0.9478,1.9816,2.3033,2.5954,3.2686
2009-04-07,0.9151,1.9563,2.2828,2.5788,3.2560
2009-04-08,0.9024,1.9182,2.2371,2.5270,3.1948
2009-04-09,0.9405,1.9793,2.3042,2.6002,3.2872
2009-04-13,0.8567,1.8827,2.2128,2.5146,3.2145
2009-04-14,0.8067,1.8028,2.1285,2.4287,3.1343
2009-04-15,0.8075,1.7997,2.1232,2.4219,3.1287
2009-04-16,0.8560,1.8786,2.2029,2.5005,3.1998
2009-04-17,0.9337,1.9988,2.3258,2.6231,3.3148
2009-04-20,0.8648,1.9006,2.2249,2.5212,3.2138
2009-04-21,0.9000,1.9580,2.2848,2.5822,3.2739
2009-04-22,0.9281,2.0085,2.3354,2.6320,3.3215
2009-04-23,0.8996,1.9848,2.3113,2.6073,3.2950
2009-04-24,0.9366,2.0478,2.3775,2.6752,3.3652
2009-04-27,0.8633,1.9576,2.2870,2.5860,3.2839
2009-04-28,0.9206,2.0446,2.3779,2.6795,3.3816
2009-04-29,0.9239,2.0977,2.4379,2.7432,3.4450
2009-04-30,0.9119,2.1008,2.4497,2.7629,3.4797
2009-05-01,0.9182,2.1203,2.4774,2.7982,3.5287
2009-05-04,0.9351,2.1129,2.4626,2.7769,3.4952
2009-05-05,0.9549,2.1321,2.4791,2.7906,3.5028
2009-05-06,0.9484,2.1290,2.4779,2.7913,3.5069
2009-05-07,0.9848,2.2168,2.5755,2.8962,3.6250
2009-05-08,0.9800,2.2099,2.5701,2.8924,3.6241
2009-05-11,0.8914,2.0915,2.4527,2.7775,3.5168
2009-05-12,0.8837,2.0750,2.4391,2.7667,3.5105
2009-05-13,0.8511,2.0243,2.3850,2.7099,3.4481
2009-05-14,0.8362,2.0157,2.3797,2.7071,3.4462
2009-05-15,0.8455,2.0451,2.4109,2.7387,3.4754
2009-05-18,0.9038,2.1285,2.4943,2.8209,3.5536
2009-05-19,0.8999,2.1551,2.5243,2.8521,3.5807
2009-05-20,0.8383,2.0885,2.4596,2.7886,3.5158
2009-05-21,0.8769,2.1949,2.5817,2.9229,3.6707
2009-05-22,0.9105,2.2656,2.6631,3.0120,3.7673
2009-05-26,0.9479,2.3309,2.7292,3.0775,3.8299
2009-05-27,0.9693,2.4638,2.8888,3.2555,4.0233
2009-05-28,0.9728,2.4631,2.8820,3.2422,3.9924
2009-05-29,0.9104,2.3217,2.7274,3.0789,3.8201
2009-06-01,0.9792,2.5123,2.9405,3.3066,4.0603
2009-06-02,0.9693,2.4873,2.9086,3.2692,4.0146
2009-06-03,0.9166,2.4051,2.8239,3.1835,3.9296
2009-06-04,0.9667,2.5288,2.9632,3.3332,4.0891
2009-06-05,1.3095,2.8021,3.1871,3.5139,4.1925
2009-06-08,1.3947,2.9059,3.2779,3.5909,4.2377
2009-06-09,1.3002,2.8281,3.2087,3.5297,4.1936
2009-06-10,1.3547,2.9047,3.2870,3.6091,4.2778
2009-06-11,1.3195,2.8412,3.2155,3.5314,4.1914
2009-06-12,1.2905,2.7964,3.1663,3.4787,4.1333
2009-06-15,1.2380,2.7266,3.0969,3.4109,4.0721
2009-06-16,1.2081,2.6783,3.0433,3.3520,3.9975
2009-06-17,1.1773,2.6691,3.0437,3.3593,4.0101
2009-06-18,1.2737,2.8387,3.2210,3.5397,4.1847
2009-06-19,1.2450,2.7950,3.1736,3.4893,4.1273
2009-06-22,1.1732,2.7137,3.0942,3.4106,4.0435
2009-06-23,1.1478,2.6809,3.0581,3.3691,3.9801
2009-06-24,1.1971,2.7334,3.1088,3.4193,4.0343
2009-06-25,1.0898,2.5630,2.9368,3.2500,3.8831
2009-06-26,1.0695,2.5303,2.9014,3.2128,3.8448
2009-06-29,1.0808,2.5281,2.8991,3.2107,3.8432
2009-06-30,1.0899,2.5434,2.9173,3.2309,3.8636
2009-07-01,1.0274,2.5206,2.9105,3.2354,3.8800
2009-07-02,0.9805,2.4488,2.8391,3.1669,3.8248
2009-07-06,0.9421,2.4246,2.8238,3.1591,3.8304
2009-07-07,0.9548,2.3938,2.7828,3.1121,3.7824
2009-07-08,0.8900,2.2504,2.6284,2.9527,3.6290
2009-07-09,0.9335,2.3479,2.7353,3.0661,3.7509
2009-07-10,0.8889,2.2431,2.6221,2.9490,3.6369
2009-07-13,0.9089,2.2880,2.6736,3.0053,3.6990
2009-07-14,0.9633,2.3923,2.7854,3.1223,3.8247
2009-07-15,1.0598,2.5339,2.9243,3.2569,3.9482
2009-07-16,1.0150,2.4764,2.8695,3.2058,3.9080
2009-07-17,1.0364,2.5399,2.9406,3.2817,3.9871
2009-07-20,1.0072,2.4792,2.8761,3.2152,3.9216
2009-07-21,0.9528,2.3766,2.7683,3.1050,3.8126
2009-07-22,0.9847,2.4401,2.8359,3.1752,3.8853
2009-07-23,1.0937,2.6038,2.9976,3.3318,4.0243
2009-07-24,1.0696,2.5791,2.9753,3.3115,4.0056
2009-07-27,1.1007,2.6260,3.0232,3.3598,4.0556
2009-07-28,1.1331,2.6312,3.0157,3.3418,4.0200
2009-07-29,1.1782,2.6637,3.0341,3.3463,3.9931
2009-07-30,1.1854,2.6564,3.0201,3.3263,3.9602
2009-07-31,1.1093,2.5243,2.8821,3.1846,3.8122
2009-08-03,1.1800,2.6574,3.0207,3.3248,3.9459
2009-08-04,1.1944,2.6790,3.0435,3.3490,3.9754
2009-08-05,1.2267,2.7408,3.1133,3.4254,4.0647
2009-08-06,1.2176,2.7363,3.1092,3.4210,4.0561
2009-08-07,1.3083,2.8498,3.2184,3.5254,4.1504
2009-08-10,1.2331,2.7538,3.1232,3.4313,4.0572
2009-08-11,1.2004,2.6981,3.0602,3.3615,3.9725
2009-08-12,1.1891,2.7054,3.0781,3.3897,4.0256
2009-08-13,1.1079,2.5840,2.9536,3.2641,3.9007
2009-08-14,1.0621,2.5281,2.9024,3.2175,3.8620
2009-08-17,1.0149,2.4504,2.8234,3.1380,3.7806
2009-08-18,1.0399,2.4881,2.8591,3.1714,3.8100
2009-08-19,1.0066,2.4376,2.8078,3.1202,3.7607
2009-08-20,1.0129,2.4326,2.7967,3.1037,3.7332
2009-08-21,1.1224,2.5866,2.9481,3.2508,3.8689
2009-08-24,1.0418,2.5067,2.8721,3.1767,3.7896
2009-08-25,1.0412,2.4832,2.8440,3.1452,3.7532
2009-08-26,1.0441,2.4809,2.8411,3.1410,3.7419
2009-08-27,1.0413,2.4927,2.8569,3.1608,3.7720
2009-08-28,1.0179,2.4664,2.8334,3.1406,3.7607
2009-08-31,0.9676,2.3969,2.7675,3.0791,3.7109
2009-09-01,0.9058,2.3442,2.7238,3.0428,3.6867
2009-09-02,0.8733,2.2783,2.6513,2.9651,3.5982
2009-09-03,0.8956,2.3111,2.6856,3.0003,3.6347
2009-09-04,0.9370,2.3919,2.7748,3.0965,3.7464
2009-09-08,0.9377,2.3996,2.7834,3.1064,3.7622
2009-09-09,0.9393,2.4026,2.7864,3.1099,3.7697
2009-09-10,0.8963,2.3052,2.6772,2.9910,3.6308
2009-09-11,0.9012,2.3042,2.6718,2.9817,3.6143
2009-09-14,0.9304,2.3746,2.7461,3.0570,3.6843
2009-09-15,0.9591,2.4167,2.7906,3.1034,3.7352
2009-09-16,1.0083,2.4609,2.8253,3.1301,3.7482
2009-09-17,0.9721,2.4062,2.7682,3.0704,3.6796
2009-09-18,1.0300,2.4897,2.8520,3.1529,3.7556
2009-09-21,1.0151,2.4742,2.8385,3.1418,3.7512
2009-09-22,0.9942,2.4424,2.8096,3.1168,3.7365
2009-09-23,0.9529,2.4064,2.7790,3.0907,3.7187
2009-09-24,0.9231,2.3587,2.7310,3.0435,3.6756
2009-09-25,0.9634,2.3476,2.7046,3.0051,3.6178
2009-09-28,0.9505,2.3233,2.6760,2.9727,3.5774
2009-09-29,0.9642,2.3322,2.6823,2.9769,3.5788
2009-09-30,0.9257,2.3080,2.6653,2.9659,3.5773
2009-10-01,0.8588,2.2042,2.5600,2.8617,3.4829
2009-10-02,0.8690,2.2244,2.5805,2.8822,3.5045
2009-10-05,0.8719,2.2203,2.5740,2.8741,3.4954
2009-10-06,0.8999,2.2512,2.6037,2.9030,3.5256
2009-10-07,0.8423,2.1650,2.5157,2.8150,3.4423
2009-10-08,0.8784,2.2259,2.5800,2.8819,3.5155
2009-10-09,0.9786,2.3621,2.7188,3.0222,3.6585
2009-10-13,0.8953,2.2807,2.6430,2.9511,3.5947
2009-10-14,0.9441,2.3627,2.7318,3.0456,3.7016
2009-10-15,0.9736,2.4037,2.7701,3.0815,3.7342
2009-10-16,0.9736,2.3643,2.7202,3.0238,3.6672
2009-10-19,0.9784,2.3556,2.7090,3.0104,3.6479
2009-10-20,0.9345,2.2968,2.6522,2.9556,3.5950
2009-10-21,0.9909,2.3759,2.7288,3.0286,3.6587
2009-10-22,0.9843,2.3852,2.7425,3.0457,3.6808
2009-10-23,1.0440,2.4621,2.8150,3.1132,3.7374
2009-10-26,1.0761,2.5249,2.8837,3.1862,3.8161
2009-10-27,0.9867,2.4062,2.7677,3.0746,3.7179
2009-10-28,0.9380,2.3610,2.7259,3.0344,3.6736
2009-10-29,0.9897,2.4382,2.8064,3.1175,3.7626
2009-10-30,0.9044,2.3159,2.6846,2.9973,3.6461
2009-11-02,0.9221,2.3317,2.7001,3.0134,3.6679
2009-11-03,0.9296,2.3668,2.7419,3.0607,3.7257
2009-11-04,0.9203,2.3970,2.7833,3.1109,3.7899
2009-11-05,0.8902,2.3634,2.7548,3.0881,3.7832
2009-11-06,0.8597,2.3182,2.7119,3.0493,3.7584
2009-11-09,0.8643,2.3090,2.7002,3.0357,3.7423
2009-11-10,0.8587,2.3081,2.7013,3.0384,3.7480
2009-11-12,0.8333,2.2751,2.6673,3.0043,3.7168
2009-11-13,0.8281,2.2665,2.6579,2.9925,3.6919
2009-11-16,0.7792,2.1799,2.5640,2.8931,3.5835
2009-11-17,0.7756,2.1784,2.5629,2.8916,3.5783
2009-11-18,0.7688,2.1969,2.5872,2.9202,3.6136
2009-11-19,0.7371,2.1720,2.5661,2.9019,3.5970
2009-11-20,0.7498,2.1890,2.5828,2.9174,3.6077
2009-11-23,0.7670,2.1912,2.5819,2.9153,3.6076
2009-11-24,0.7100,2.1201,2.5132,2.8491,3.5476
2009-11-25,0.7194,2.0919,2.4740,2.8025,3.4949
2009-11-27,0.6640,2.0224,2.4060,2.7357,3.4294
2009-11-30,0.6439,1.9978,2.3861,2.7200,3.4211
2009-12-01,0.6540,2.0311,2.4287,2.7706,3.4867
2009-12-02,0.7038,2.0848,2.4777,2.8147,3.5191
2009-12-03,0.7285,2.1343,2.5338,2.8772,3.5965
2009-12-04,0.8337,2.2452,2.6376,2.9748,3.6842
2009-12-07,0.7649,2.1850,2.5845,2.9280,3.6502
2009-12-08,0.7146,2.1162,2.5199,2.8691,3.6092
2009-12-09,0.7345,2.1453,2.5492,2.8985,3.6387
2009-12-10,0.7547,2.1872,2.5958,2.9486,3.6942
2009-12-11,0.8029,2.2507,2.6596,3.0114,3.7499
2009-12-14,0.8489,2.2866,2.6883,3.0329,3.7545
2009-12-15,0.8731,2.3333,2.7361,3.0792,3.7900
2009-12-16,0.8507,2.3301,2.7368,3.0821,3.7927
2009-12-17,0.7637,2.2204,2.6271,2.9731,3.6854
2009-12-18,0.8097,2.2781,2.6846,3.0303,3.7420
2009-12-21,0.8932,2.4035,2.8147,3.1625,3.8717
2009-12-22,0.9362,2.4632,2.8742,3.2219,3.9332
2009-12-23,0.9624,2.4868,2.8931,3.2372,3.9441
2009-12-24,1.0136,2.5439,2.9492,3.2920,3.9973
2009-12-28,1.0742,2.5922,2.9885,3.3237,4.0155
2009-12-29,1.0800,2.5808,2.9710,3.3017,3.9873
2009-12-30,1.0767,2.5771,2.9635,3.2905,3.9684
2009-12-31,1.1406,2.6448,3.0253,3.3467,4.0136
2010-01-04,1.0881,2.6110,3.0016,3.3321,4.0170
2010-01-05,1.0121,2.5252,2.9186,3.2522,3.9457
2010-01-06,1.0224,2.5725,2.9740,3.3139,4.0179
2010-01-07,1.0414,2.5892,2.9850,3.3194,4.0120
2010-01-08,0.9839,2.5513,2.9542,3.2939,3.9940
2010-01-11,0.9700,2.5508,2.9602,3.3052,4.0137
2010-01-12,0.9233,2.4644,2.8661,3.2043,3.8969
2010-01-13,0.9730,2.5282,2.9305,3.2696,3.9668
2010-01-14,0.9323,2.4815,2.8848,3.2236,3.9143
2010-01-15,0.8890,2.4267,2.8324,3.1736,3.8686
2010-01-19,0.9139,2.4645,2.8677,3.2057,3.8922
2010-01-20,0.8975,2.4285,2.8263,3.1598,3.8373
2010-01-21,0.8466,2.3657,2.7657,3.1013,3.7823
2010-01-22,0.8250,2.3601,2.7625,3.0982,3.7732
2010-01-25,0.8372,2.3828,2.7899,3.1298,3.8133
2010-01-26,0.8452,2.3755,2.7793,3.1178,3.8047
2010-01-27,0.8854,2.4098,2.8081,3.1418,3.8182
2010-01-28,0.8584,2.3994,2.8053,3.1458,3.8366
2010-01-29,0.8192,2.3474,2.7540,3.0955,3.7872
2010-02-01,0.8445,2.3783,2.7877,3.1322,3.8319
2010-02-02,0.8447,2.3655,2.7723,3.1158,3.8178
2010-02-03,0.8672,2.4038,2.8144,3.1615,3.8740
2010-02-04,0.7845,2.3012,2.7122,3.0593,3.7684
2010-02-05,0.7476,2.2478,2.6632,3.0152,3.7356
2010-02-08,0.7730,2.2751,2.6898,3.0412,3.7602
2010-02-09,0.8291,2.3280,2.7394,3.0894,3.8120
2010-02-10,0.8906,2.3938,2.8028,3.1508,3.8721
2010-02-11,0.8811,2.3951,2.8088,3.1608,3.8896
2010-02-12,0.8407,2.3532,2.7683,3.1220,3.8562
2010-02-16,0.8149,2.3251,2.7404,3.0944,3.8294
2010-02-17,0.8662,2.4041,2.8192,3.1720,3.9034
2010-02-18,0.8982,2.4609,2.8787,3.2324,3.9605
2010-02-19,0.9482,2.4896,2.8967,3.2409,3.9495
2010-02-22,0.9085,2.4782,2.8938,3.2446,3.9644
2010-02-23,0.8651,2.3839,2.7936,3.1409,3.8565
2010-02-24,0.8601,2.3910,2.8018,3.1495,3.8644
2010-02-25,0.8183,2.3318,2.7427,3.0915,3.8117
2010-02-26,0.8016,2.3035,2.7153,3.0643,3.7801
2010-03-01,0.7904,2.2882,2.7016,3.0530,3.7774
2010-03-02,0.7824,2.2787,2.6945,3.0488,3.7808
2010-03-03,0.8027,2.2858,2.6991,3.0524,3.7882
2010-03-04,0.8387,2.2928,2.6927,3.0352,3.7543
2010-03-05,0.8921,2.3614,2.7638,3.1091,3.8365
2010-03-08,0.8807,2.3713,2.7798,3.1294,3.8624
2010-03-09,0.8742,2.3551,2.7644,3.1152,3.8515
2010-03-10,0.9092,2.3938,2.7974,3.1426,3.8671
2010-03-11,0.9537,2.4300,2.8251,3.1620,3.8675
2010-03-12,0.9531,2.4221,2.8131,3.1458,3.8405
2010-03-15,0.9526,2.4235,2.8159,3.1494,3.8437
2010-03-16,0.9251,2.3802,2.7700,3.1018,3.7939
2010-03-17,0.9250,2.3820,2.7672,3.0940,3.7739
2010-03-18,0.9741,2.4327,2.8123,3.1336,3.8019
2010-03-19,1.0042,2.4721,2.8469,3.1622,3.8125
2010-03-22,0.9894,2.4346,2.8078,3.1235,3.7841
2010-03-23,0.9936,2.4373,2.8113,3.1291,3.7975
2010-03-24,1.0831,2.6033,2.9771,3.2891,3.9368
2010-03-25,1.0866,2.6476,3.0323,3.3528,4.0125
2010-03-26,1.0363,2.5924,2.9809,3.3050,3.9728
2010-03-29,1.0339,2.6075,2.9969,3.3201,3.9817
2010-03-30,1.0430,2.6078,2.9978,3.3220,3.9832
2010-03-31,0.9986,2.5643,2.9573,3.2840,3.9493
2010-04-01,1.0414,2.6031,2.9954,3.3215,3.9835
2010-04-02,1.1106,2.6790,3.0706,3.3966,4.0596
2010-04-05,1.1691,2.7446,3.1310,3.4528,4.1088
2010-04-06,1.1322,2.7088,3.0958,3.4174,4.0758
2010-04-07,1.0553,2.6218,3.0071,3.3262,3.9780
2010-04-08,1.0649,2.6500,3.0381,3.3588,4.0099
2010-04-09,1.0641,2.6436,3.0297,3.3486,3.9961
2010-04-12,1.0413,2.5994,2.9840,3.3024,3.9503
2010-04-13,1.0526,2.5770,2.9571,3.2740,3.9245
2010-04-14,1.0541,2.6078,2.9924,3.3123,3.9681
2010-04-15,1.0222,2.5719,2.9607,3.2845,3.9487
2010-04-16,0.9701,2.4987,2.8888,3.2142,3.8830
2010-04-19,0.9969,2.5463,2.9339,3.2563,3.9190
2010-04-20,1.0187,2.5629,2.9447,3.2613,3.9099
2010-04-21,1.0081,2.5206,2.8970,3.2099,3.8524
2010-04-22,1.0439,2.5737,2.9493,3.2599,3.8930
2010-04-23,1.0848,2.6158,2.9891,3.2976,3.9255
2010-04-26,1.0731,2.5975,2.9729,3.2840,3.9184
2010-04-27,0.9819,2.4571,2.8342,3.1501,3.8008
2010-04-28,1.0141,2.5454,2.9246,3.2385,3.8776
2010-04-29,0.9893,2.4972,2.8785,3.1955,3.8405
2010-04-30,0.9482,2.4397,2.8202,3.1362,3.7781
2010-05-03,0.9886,2.4777,2.8564,3.1711,3.8064
2010-05-04,0.9375,2.3966,2.7729,3.0861,3.7183
2010-05-05,0.8812,2.3261,2.7111,3.0342,3.6896
2010-05-06,0.7632,2.1717,2.5575,2.8817,3.5341
2010-05-07,0.8277,2.2132,2.5948,2.9175,3.5754
2010-05-10,0.8753,2.3134,2.7001,3.0240,3.6762
2010-05-11,0.8546,2.2978,2.6884,3.0156,3.6748
2010-05-12,0.8804,2.3316,2.7215,3.0480,3.7069
2010-05-13,0.8602,2.3119,2.7003,3.0248,3.6786
2010-05-14,0.7858,2.1946,2.5855,2.9147,3.5803
2010-05-17,0.8064,2.2288,2.6204,2.9500,3.6164
2010-05-18,0.7522,2.1471,2.5348,2.8610,3.5219
2010-05-19,0.7826,2.1645,2.5417,2.8591,3.5068
2010-05-20,0.7457,2.0723,2.4438,2.7587,3.4058
2010-05-21,0.7616,2.0526,2.4160,2.7253,3.3646
2010-05-24,0.7705,2.0811,2.4443,2.7522,3.3901
2010-05-25,0.8016,2.0542,2.4038,2.7040,3.3381
2010-05-26,0.8348,2.1064,2.4511,2.7448,3.3639
2010-05-27,0.8838,2.2228,2.5773,2.8765,3.4994
2010-05-28,0.7837,2.1529,2.5196,2.8275,3.4645
2010-06-01,0.7918,2.1352,2.5009,2.8094,3.4494
2010-06-02,0.8283,2.1894,2.5573,2.8675,3.5081
2010-06-03,0.8304,2.2117,2.5840,2.8973,3.5419
2010-06-04,0.7230,2.0334,2.4014,2.7141,3.3634
2010-06-07,0.7341,2.0017,2.3649,2.6766,3.3329
2010-06-08,0.7504,2.0211,2.3811,2.6899,3.3400
2010-06-09,0.7456,2.0295,2.3916,2.7012,3.3513
2010-06-10,0.8003,2.1527,2.5209,2.8321,3.4779
2010-06-11,0.7444,2.0656,2.4302,2.7390,3.3811
2010-06-14,0.7618,2.1020,2.4698,2.7810,3.4271
2010-06-15,0.7856,2.1375,2.5071,2.8199,3.4699
2010-06-16,0.7483,2.0958,2.4623,2.7717,3.4144
2010-06-17,0.7180,2.0422,2.4054,2.7128,3.3532
2010-06-18,0.7364,2.0736,2.4378,2.7456,3.3853
2010-06-21,0.7331,2.0860,2.4531,2.7627,3.4053
2010-06-22,0.6992,2.0165,2.3779,2.6838,3.3226
2010-06-23,0.6593,1.9628,2.3231,2.6281,3.2676
2010-06-24,0.6609,1.9627,2.3270,2.6368,3.2886
2010-06-25,0.6463,1.9347,2.3021,2.6154,3.2731
2010-06-28,0.6203,1.8607,2.2225,2.5338,3.1954
2010-06-29,0.5931,1.8120,2.1677,2.4736,3.1275
2010-06-30,0.6084,1.8148,2.1662,2.4688,3.1168
2010-07-01,0.6246,1.8273,2.1737,2.4711,3.1055
2010-07-02,0.6338,1.8559,2.2071,2.5086,3.1519
2010-07-06,0.6063,1.7945,2.1466,2.4509,3.1008
2010-07-07,0.6253,1.8230,2.1814,2.4926,3.1575
2010-07-08,0.6244,1.8405,2.2036,2.5184,3.1886
2010-07-09,0.6410,1.8799,2.2437,2.5571,3.2226
2010-07-12,0.6586,1.8767,2.2369,2.5494,3.2194
2010-07-13,0.6784,1.9320,2.2944,2.6067,3.2723
2010-07-14,0.6189,1.8555,2.2199,2.5345,3.2033
2010-07-15,0.5980,1.7842,2.1453,2.4600,3.1336
2010-07-16,0.5756,1.7267,2.0858,2.4018,3.0883
2010-07-19,0.5859,1.7500,2.1109,2.4284,3.1185
2010-07-20,0.5765,1.7379,2.0977,2.4149,3.1081
2010-07-21,0.5514,1.6849,2.0393,2.3513,3.0293
2010-07-22,0.5572,1.7161,2.0778,2.3959,3.0867
2010-07-23,0.5779,1.7708,2.1368,2.4568,3.1456
2010-07-26,0.5928,1.7860,2.1486,2.4655,3.1506
2010-07-27,0.6406,1.8404,2.2001,2.5149,3.1994
2010-07-28,0.5841,1.7580,2.1228,2.4442,3.1478
2010-07-29,0.5598,1.7194,2.0889,2.4172,3.1416
2010-07-30,0.5049,1.6289,1.9972,2.3244,3.0427
2010-08-02,0.5229,1.6669,2.0388,2.3693,3.0970
2010-08-03,0.4857,1.5842,1.9542,2.2866,3.0299
2010-08-04,0.5291,1.6496,2.0168,2.3448,3.0744
2010-08-05,0.4936,1.6044,1.9711,2.2989,3.0292
2010-08-06,0.4696,1.5425,1.9006,2.2226,2.9473
2010-08-09,0.5011,1.5579,1.9092,2.2267,2.9496
2010-08-10,0.4742,1.4883,1.8347,2.1510,2.8834
2010-08-11,0.4721,1.4555,1.7903,2.0966,2.8103
2010-08-12,0.5085,1.4923,1.8221,2.1233,2.8253
2010-08-13,0.5056,1.4751,1.7963,2.0895,2.7736
2010-08-16,0.4674,1.4024,1.7158,2.0016,2.6654
2010-08-17,0.4840,1.4524,1.7737,2.0650,2.7341
2010-08-18,0.4868,1.4655,1.7872,2.0766,2.7327
2010-08-19,0.4654,1.4254,1.7432,2.0293,2.6779
2010-08-20,0.4814,1.4786,1.7993,2.0848,2.7210
2010-08-23,0.4682,1.4472,1.7669,2.0533,2.6968
2010-08-24,0.4490,1.3750,1.6848,1.9648,2.6024
2010-08-25,0.4880,1.4294,1.7372,2.0145,2.6451
2010-08-26,0.4854,1.4033,1.7045,1.9765,2.5970
2010-08-27,0.5393,1.5242,1.8388,2.1204,2.7544
2010-08-30,0.4715,1.4183,1.7299,2.0091,2.6372
2010-08-31,0.4487,1.3639,1.6699,1.9455,2.5703
2010-09-01,0.4893,1.4393,1.7535,2.0382,2.6897
2010-09-02,0.4886,1.4642,1.7854,2.0758,2.7379
2010-09-03,0.5336,1.5456,1.8730,2.1681,2.8388
2010-09-07,0.4673,1.4505,1.7744,2.0642,2.7118
2010-09-08,0.5002,1.5038,1.8280,2.1173,2.7629
2010-09-09,0.5512,1.6045,1.9329,2.2237,2.8686
2010-09-10,0.5643,1.6388,1.9716,2.2654,2.9131
2010-09-13,0.5112,1.5505,1.8840,2.1810,2.8430
2010-09-14,0.4761,1.4826,1.8169,2.1166,2.7890
2010-09-15,0.4712,1.5112,1.8542,2.1608,2.8460
2010-09-16,0.4686,1.5322,1.8834,2.1966,2.8925
2010-09-17,0.4588,1.5092,1.8601,2.1743,2.8754
2010-09-20,0.4479,1.4743,1.8212,2.1335,2.8373
2010-09-21,0.4108,1.3803,1.7196,2.0284,2.7350
2010-09-22,0.4154,1.3618,1.6904,1.9899,2.6798
2010-09-23,0.4137,1.3682,1.6975,1.9969,2.6834
2010-09-24,0.4314,1.4061,1.7416,2.0465,2.7445
2010-09-27,0.4098,1.3339,1.6596,1.9577,2.6478
2010-09-28,0.3917,1.2819,1.6007,1.8947,2.5843
2010-09-29,0.4078,1.3170,1.6383,1.9335,2.6214
2010-09-30,0.3918,1.3115,1.6383,1.9375,2.6293
2010-10-01,0.3883,1.3055,1.6344,1.9365,2.6378
2010-10-04,0.3767,1.2711,1.5957,1.8955,2.5998
2010-10-05,0.3678,1.2449,1.5706,1.8739,2.5942
2010-10-06,0.3437,1.1946,1.5104,1.8053,2.5112
2010-10-07,0.3220,1.1758,1.4965,1.7966,2.5172
2010-10-08,0.3141,1.1598,1.4811,1.7831,2.5129
2010-10-12,0.3404,1.1873,1.5072,1.8088,2.5429
2010-10-13,0.3274,1.1765,1.5004,1.8068,2.5559
2010-10-14,0.3543,1.2299,1.5572,1.8654,2.6149
2010-10-15,0.3421,1.2552,1.5973,1.9184,2.6930
2010-10-18,0.3296,1.1889,1.5233,1.8408,2.6189
2010-10-19,0.3169,1.1654,1.4983,1.8144,2.5889
2010-10-20,0.3107,1.1656,1.5016,1.8201,2.5971
2010-10-21,0.3121,1.2075,1.5539,1.8799,2.6658
2010-10-22,0.3128,1.2253,1.5742,1.9009,2.6815
2010-10-25,0.3260,1.2481,1.5925,1.9129,2.6729
2010-10-26,0.3648,1.3229,1.6738,1.9989,2.7660
2010-10-27,0.3828,1.3893,1.7481,2.0772,2.8422
2010-10-28,0.3276,1.2906,1.6521,1.9883,2.7830
2010-10-29,0.2933,1.2234,1.5844,1.9219,2.7231
2010-11-01,0.2891,1.2235,1.5894,1.9322,2.7467
2010-11-02,0.2981,1.2090,1.5658,1.9002,2.6960
2010-11-03,0.2829,1.1692,1.5326,1.8795,2.7284
2010-11-04,0.2742,1.0779,1.4160,1.7444,2.5762
2010-11-05,0.3229,1.1309,1.4638,1.7882,2.6191
2010-11-08,0.3611,1.1610,1.4849,1.8017,2.6219
2010-11-09,0.4310,1.2883,1.6136,1.9286,2.7391
2010-11-10,0.4091,1.2336,1.5566,1.8725,2.6974
2010-11-12,0.4886,1.3653,1.6873,1.9982,2.7987
2010-11-15,0.5363,1.5108,1.8495,2.1702,2.9721
2010-11-16,0.5158,1.4875,1.8215,2.1350,2.9062
2010-11-17,0.4971,1.4956,1.8430,2.1683,2.9611
2010-11-18,0.4944,1.5164,1.8693,2.1978,2.9882
2010-11-19,0.5105,1.5342,1.8796,2.1986,2.9612
2010-11-22,0.4564,1.4414,1.7883,2.1117,2.8900
2010-11-23,0.4303,1.4088,1.7561,2.0796,2.8581
2010-11-24,0.5275,1.5664,1.9189,2.2443,3.0182
2010-11-26,0.5055,1.5285,1.8775,2.1995,2.9631
2010-11-29,0.5010,1.5107,1.8571,2.1762,2.9317
2010-11-30,0.4524,1.4699,1.8235,2.1477,2.9075
2010-12-01,0.5390,1.6345,1.9929,2.3175,3.0696
2010-12-02,0.5511,1.6790,2.0392,2.3623,3.1029
2010-12-03,0.4912,1.6475,2.0240,2.3611,3.1274
2010-12-06,0.4273,1.5422,1.9232,2.2672,3.0509
2010-12-07,0.5395,1.7573,2.1475,2.4941,3.2638
2010-12-08,0.6226,1.8762,2.2663,2.6109,3.3694
2010-12-09,0.6276,1.9081,2.2899,2.6229,3.3519
2010-12-10,0.6431,1.9870,2.3773,2.7135,3.4350
2010-12-13,0.6084,1.9206,2.3164,2.6606,3.4020
2010-12-14,0.6570,2.0842,2.4961,2.8486,3.5914
2010-12-15,0.6716,2.1105,2.5269,2.8836,3.6326
2010-12-16,0.6459,2.0530,2.4625,2.8140,3.5582
2010-12-17,0.6034,1.9572,2.3569,2.7018,3.4385
2010-12-20,0.6134,1.9716,2.3706,2.7149,3.4543
2010-12-21,0.6291,1.9786,2.3710,2.7095,3.4403
2010-12-22,0.6476,2.0055,2.3953,2.7312,3.4580
2010-12-23,0.6864,2.0713,2.4600,2.7931,3.5088
2010-12-27,0.6989,2.0523,2.4305,2.7547,3.4526
2010-12-28,0.7415,2.1561,2.5454,2.8775,3.5874
2010-12-29,0.6227,2.0078,2.3974,2.7298,3.4412
2010-12-30,0.6381,2.0394,2.4299,2.7620,3.4701
2010-12-31,0.5954,1.9848,2.3717,2.6998,3.3963
2011-01-03,0.5988,2.0023,2.3963,2.7310,3.4403
2011-01-04,0.6103,1.9933,2.3859,2.7219,3.4415
2011-01-05,0.7087,2.1268,2.5214,2.8589,3.5808
2011-01-06,0.6740,2.0693,2.4605,2.7958,3.5193
2011-01-07,0.5915,1.9507,2.3466,2.6886,3.4330
2011-01-10,0.5693,1.9173,2.3129,2.6555,3.4037
2011-01-11,0.5907,1.9625,2.3624,2.7074,3.4541
2011-01-12,0.5959,1.9633,2.3625,2.7077,3.4588
2011-01-13,0.5789,1.9043,2.3027,2.6505,3.4129
2011-01-14,0.5853,1.9230,2.3231,2.6716,3.4350
2011-01-18,0.5842,1.9470,2.3512,2.7021,3.4688
2011-01-19,0.5698,1.9307,2.3354,2.6864,3.4486
2011-01-20,0.6339,2.0389,2.4451,2.7957,3.5526
2011-01-21,0.6235,2.0151,2.4184,2.7667,3.5211
2011-01-24,0.6285,2.0045,2.4053,2.7523,3.5054
2011-01-25,0.5803,1.9351,2.3321,2.6751,3.4190
2011-01-26,0.6123,1.9998,2.4057,2.7571,3.5191
2011-01-27,0.5709,1.9595,2.3685,2.7224,3.4877
2011-01-28,0.5348,1.8991,2.3051,2.6567,3.4196
2011-01-31,0.5543,1.9338,2.3463,2.7041,3.4811
2011-02-01,0.6074,2.0041,2.4151,2.7710,3.5412
2011-02-02,0.6662,2.0781,2.4801,2.8259,3.5736
2011-02-03,0.7123,2.1526,2.5532,2.8960,3.6322
2011-02-04,0.7625,2.2535,2.6553,2.9967,3.7253
2011-02-07,0.7770,2.2696,2.6685,3.0066,3.7258
2011-02-08,0.8549,2.3712,2.7639,3.0948,3.7969
2011-02-09,0.7999,2.3088,2.6989,3.0270,3.7238
2011-02-10,0.8423,2.3721,2.7556,3.0774,3.7650
2011-02-11,0.8524,2.3480,2.7213,3.0351,3.7086
2011-02-14,0.8592,2.3433,2.7126,3.0227,3.6871
2011-02-15,0.8314,2.3250,2.6962,3.0070,3.6713
2011-02-16,0.8471,2.3391,2.7094,3.0194,3.6813
2011-02-17,0.7836,2.2785,2.6556,2.9714,3.6439
2011-02-18,0.7729,2.2795,2.6605,2.9797,3.6585
2011-02-22,0.6979,2.1386,2.5189,2.8403,3.5304
2011-02-23,0.7227,2.1822,2.5618,2.8808,3.5576
2011-02-24,0.7124,2.1691,2.5440,2.8582,3.5245
2011-02-25,0.6932,2.1378,2.5120,2.8262,3.4952
2011-02-28,0.6614,2.1128,2.4932,2.8124,3.4891
2011-03-01,0.6360,2.0927,2.4774,2.8001,3.4819
2011-03-02,0.6654,2.1390,2.5250,2.8488,3.5353
2011-03-03,0.7731,2.2790,2.6586,2.9754,3.6446
2011-03-04,0.6710,2.1593,2.5472,2.8722,3.5612
2011-03-07,0.6914,2.1793,2.5663,2.8911,3.5801
2011-03-08,0.7132,2.2082,2.5982,2.9262,3.6237
2011-03-09,0.6820,2.1389,2.5252,2.8519,3.5512
2011-03-10,0.6254,2.0303,2.4161,2.7450,3.4524
2011-03-11,0.6255,2.0442,2.4349,2.7680,3.4842
2011-03-14,0.5883,1.9808,2.3740,2.7111,3.4387
2011-03-15,0.6112,1.9742,2.3590,2.6898,3.4057
2011-03-16,0.5488,1.8529,2.2362,2.5691,3.2973
2011-03-17,0.5817,1.8885,2.2693,2.6006,3.3294
2011-03-18,0.5961,1.9429,2.3233,2.6505,3.3637
2011-03-21,0.6479,2.0220,2.3967,2.7164,3.4081
2011-03-22,0.6617,2.0386,2.4116,2.7294,3.4141
2011-03-23,0.6624,2.0502,2.4262,2.7461,3.4327
2011-03-24,0.6987,2.1224,2.4997,2.8187,3.4984
2011-03-25,0.7658,2.1837,2.5537,2.8665,3.5350
2011-03-28,0.7855,2.2126,2.5780,2.8855,3.5418
2011-03-29,0.8002,2.2353,2.6014,2.9096,3.5678
2011-03-30,0.7770,2.1966,2.5635,2.8735,3.5377
2011-03-31,0.7765,2.2228,2.5893,2.8967,3.5513
2011-04-01,0.7871,2.2319,2.5908,2.8916,3.5353
2011-04-04,0.7485,2.1886,2.5537,2.8613,3.5226
2011-04-05,0.8129,2.2644,2.6254,2.9283,3.5759
2011-04-06,0.8337,2.3098,2.6747,2.9806,3.6359
2011-04-07,0.7868,2.2862,2.6618,2.9775,3.6540
2011-04-08,0.8051,2.3060,2.6805,2.9948,3.6674
2011-04-11,0.8137,2.3025,2.6764,2.9915,3.6692
2011-04-12,0.7436,2.2097,2.5886,2.9091,3.5975
2011-04-13,0.7186,2.1830,2.5608,2.8801,3.5671
2011-04-14,0.7534,2.2112,2.5866,2.9039,3.5844
2011-04-15,0.6884,2.1324,2.5110,2.8306,3.5126
2011-04-18,0.6545,2.0782,2.4625,2.7884,3.4821
2011-04-19,0.6507,2.0733,2.4559,2.7800,3.4696
2011-04-20,0.6816,2.1319,2.5138,2.8358,3.5184
2011-04-21,0.6722,2.1203,2.5002,2.8206,3.5028
2011-04-25,0.6518,2.0835,2.4624,2.7825,3.4664
2011-04-26,0.6245,2.0316,2.4121,2.7348,3.4224
2011-04-27,0.6227,2.0427,2.4315,2.7620,3.4660
2011-04-28,0.5895,1.9818,2.3739,2.7091,3.4242
2011-04-29,0.5803,1.9523,2.3436,2.6798,3.3997
2011-05-02,0.5788,1.9457,2.3364,2.6724,3.3915
2011-05-03,0.5848,1.9349,2.3194,2.6510,3.3646
2011-05-04,0.5750,1.9200,2.3001,2.6268,3.3295
2011-05-05,0.5535,1.8554,2.2295,2.5537,3.2567
2011-05-06,0.5450,1.8491,2.2262,2.5536,3.2661
2011-05-09,0.5269,1.8208,2.1986,2.5273,3.2459
2011-05-10,0.5762,1.8848,2.2620,2.5897,3.3043
2011-05-11,0.5405,1.8433,2.2228,2.5526,3.2698
2011-05-12,0.5488,1.8660,2.2473,2.5779,3.2962
2011-05-13,0.5411,1.8360,2.2138,2.5418,3.2552
2011-05-16,0.5142,1.8021,2.1802,2.5087,3.2226
2011-05-17,0.5115,1.7760,2.1521,2.4803,3.1943
2011-05-18,0.5545,1.8413,2.2159,2.5411,3.2479
2011-05-19,0.5261,1.8241,2.2026,2.5308,3.2437
2011-05-20,0.5145,1.8000,2.1782,2.5075,3.2257
2011-05-23,0.5202,1.7760,2.1511,2.4792,3.1987
2011-05-24,0.5300,1.7774,2.1505,2.4772,3.1949
2011-05-25,0.5115,1.7686,2.1458,2.4762,3.2030
2011-05-26,0.4617,1.6898,2.0690,2.4029,3.1393
2011-05-27,0.4560,1.6826,2.0652,2.4030,3.1494
2011-05-31,0.4418,1.6504,2.0347,2.3753,3.1274
2011-06-01,0.4216,1.5727,1.9464,2.2810,3.0326
2011-06-02,0.4541,1.6215,1.9997,2.3387,3.1027
2011-06-03,0.4284,1.5758,1.9515,2.2900,3.0602
2011-06-06,0.4233,1.5715,1.9496,2.2909,3.0691
2011-06-07,0.4061,1.5680,1.9527,2.2991,3.0836
2011-06-08,0.3782,1.5037,1.8873,2.2353,3.0295
2011-06-09,0.4231,1.5746,1.9564,2.3007,3.0812
2011-06-10,0.4116,1.5544,1.9344,2.2769,3.0527
2011-06-13,0.4097,1.5654,1.9489,2.2938,3.0718
2011-06-14,0.4626,1.6694,2.0579,2.4050,3.1814
2011-06-15,0.3891,1.5257,1.9108,2.2591,3.0500
2011-06-16,0.3904,1.4978,1.8741,2.2157,2.9971
2011-06-17,0.3908,1.5102,1.8887,2.2317,3.0151
2011-06-20,0.3930,1.5244,1.9051,2.2495,3.0329
2011-06-21,0.3968,1.5437,1.9283,2.2758,3.0647
2011-06-22,0.3999,1.5522,1.9386,2.2877,3.0794
2011-06-23,0.3561,1.4647,1.8475,2.1963,2.9971
2011-06-24,0.3286,1.3972,1.7792,2.1311,2.9513
2011-06-27,0.3897,1.4655,1.8443,2.1944,3.0195
2011-06-28,0.4708,1.6006,1.9805,2.3277,3.1339
2011-06-29,0.4769,1.6783,2.0699,2.4232,3.2269
2011-06-30,0.4808,1.7292,2.1278,2.4830,3.2732
2011-07-01,0.5163,1.7854,2.1823,2.5342,3.3132
2011-07-05,0.4539,1.6882,2.0892,2.4482,3.2527
2011-07-06,0.4331,1.6420,2.0410,2.4004,3.2126
2011-07-07,0.4946,1.7245,2.1180,2.4707,3.2640
2011-07-08,0.3983,1.5648,1.9579,2.3139,3.1238
2011-07-11,0.3651,1.4865,1.8738,2.2275,3.0424
2011-07-12,0.3600,1.4585,1.8413,2.1920,3.0040
2011-07-13,0.3548,1.4461,1.8277,2.1774,2.9871
2011-07-14,0.3836,1.4994,1.8844,2.2369,3.0538
2011-07-15,0.3681,1.4565,1.8392,2.1921,3.0192
2011-07-18,0.3604,1.4375,1.8225,2.1794,3.0223
2011-07-19,0.3726,1.4381,1.8132,2.1596,2.9733
2011-07-20,0.3862,1.4757,1.8593,2.2115,3.0302
2011-07-21,0.4130,1.5459,1.9344,2.2889,3.1060
2011-07-22,0.4057,1.5133,1.8961,2.2467,3.0599
2011-07-25,0.4199,1.5387,1.9238,2.2767,3.0965
2011-07-26,0.3990,1.4906,1.8759,2.2296,3.0516
2011-07-27,0.4396,1.5258,1.9037,2.2522,3.0701
2011-07-28,0.4119,1.5021,1.8849,2.2359,3.0496
2011-07-29,0.3379,1.3241,1.7001,2.0509,2.8795
2011-08-01,0.3416,1.3033,1.6712,2.0154,2.8341
2011-08-02,0.2987,1.2240,1.5810,1.9163,2.7189
2011-08-03,0.3172,1.2389,1.5849,1.9102,2.6941
2011-08-04,0.2487,1.1095,1.4413,1.7560,2.5247
2011-08-05,0.2771,1.2159,1.5595,1.8799,2.6440
2011-08-08,0.2576,1.1090,1.4306,1.7331,2.4655
2011-08-09,0.1720,0.9206,1.2279,1.5244,2.2691
2011-08-10,0.1840,0.9344,1.2352,1.5230,2.2397
2011-08-11,0.1948,1.0307,1.3576,1.6669,2.4233
2011-08-12,0.1870,0.9675,1.2805,1.5791,2.3189
2011-08-15,0.2056,1.0010,1.3169,1.6182,2.3653
2011-08-16,0.1901,0.9536,1.2631,1.5611,2.3089
2011-08-17,0.1899,0.9215,1.2173,1.5037,2.2314
2011-08-18,0.1956,0.8951,1.1761,1.4487,2.1455
2011-08-19,0.2029,0.9059,1.1821,1.4485,2.1244
2011-08-22,0.2109,0.9369,1.2161,1.4835,2.1562
2011-08-23,0.2199,0.9570,1.2411,1.5137,2.2013
2011-08-24,0.2377,1.0464,1.3510,1.6402,2.3560
2011-08-25,0.1997,0.9840,1.2844,1.5714,2.2889
2011-08-26,0.1827,0.9424,1.2436,1.5324,2.2550
2011-08-29,0.1949,0.9985,1.3102,1.6072,2.3427
2011-08-30,0.1848,0.9413,1.2405,1.5275,2.2452
2011-08-31,0.1896,0.9618,1.2702,1.5656,2.3012
2011-09-01,0.1737,0.9065,1.2047,1.4920,2.2136
2011-09-02,0.2028,0.8729,1.1435,1.4055,2.0729
2011-09-06,0.1963,0.8670,1.1336,1.3900,2.0370
2011-09-07,0.2056,0.9072,1.1834,1.4487,2.1165
2011-09-08,0.1920,0.8684,1.1397,1.4018,2.0675
2011-09-09,0.1728,0.8164,1.0799,1.3365,1.9964
2011-09-12,0.2099,0.8625,1.1205,1.3699,2.0076
2011-09-13,0.2072,0.8883,1.1550,1.4120,2.0644
2011-09-14,0.2037,0.9156,1.1860,1.4439,2.0890
2011-09-15,0.1983,0.9531,1.2369,1.5046,2.1608
2011-09-16,0.1909,0.9434,1.2290,1.4980,2.1535
2011-09-19,0.1583,0.8577,1.1306,1.3906,2.0365
2011-09-20,0.1665,0.8532,1.1233,1.3810,2.0222
2011-09-21,0.2312,0.8718,1.1169,1.3522,1.9470
2011-09-22,0.2172,0.7867,1.0063,1.2201,1.7765
2011-09-23,0.2525,0.8798,1.1141,1.3386,1.9055
2011-09-26,0.2666,0.9235,1.1676,1.4001,1.9814
2011-09-27,0.2783,0.9766,1.2324,1.4751,2.0776
2011-09-28,0.2856,0.9866,1.2440,1.4890,2.0999
2011-09-29,0.2922,0.9738,1.2263,1.4664,2.0632
2011-09-30,0.2853,0.9453,1.1886,1.4203,1.9979
2011-10-03,0.2657,0.8683,1.0966,1.3158,1.8690
2011-10-04,0.2827,0.8914,1.1187,1.3364,1.8853
2011-10-05,0.2943,0.9611,1.2019,1.4291,1.9882
2011-10-06,0.3017,1.0148,1.2666,1.5021,2.0734
2011-10-07,0.3366,1.0926,1.3522,1.5927,2.1662
2011-10-11,0.3505,1.1505,1.4182,1.6644,2.2450
2011-10-12,0.3274,1.1721,1.4535,1.7107,2.3101
2011-10-13,0.3123,1.1202,1.3997,1.6573,2.2632
2011-10-14,0.2979,1.1385,1.4308,1.6996,2.3276
2011-10-17,0.2908,1.0940,1.3761,1.6362,2.2471
2011-10-18,0.2880,1.0862,1.3711,1.6353,2.2600
2011-10-19,0.2892,1.0689,1.3511,1.6141,2.2420
2011-10-20,0.2808,1.0826,1.3685,1.6337,2.2623
2011-10-21,0.2822,1.0939,1.3837,1.6537,2.2987
2011-10-24,0.2988,1.1197,1.4111,1.6813,2.3215
2011-10-25,0.2595,1.0303,1.3095,1.5706,2.1975
2011-10-26,0.2925,1.1020,1.3908,1.6584,2.2907
2011-10-27,0.3251,1.2174,1.5300,1.8176,2.4889
2011-10-28,0.2959,1.1451,1.4497,1.7326,2.4032
2011-10-31,0.2454,1.0100,1.2994,1.5713,2.2251
2011-11-01,0.2328,0.9221,1.1869,1.4392,2.0618
2011-11-02,0.2233,0.9115,1.1814,1.4390,2.0748
2011-11-03,0.2304,0.9429,1.2194,1.4830,2.1336
2011-11-04,0.2187,0.9122,1.1869,1.4502,2.1047
2011-11-07,0.2342,0.9141,1.1799,1.4351,2.0733
2011-11-08,0.2370,0.9524,1.2276,1.4903,2.1409
2011-11-09,0.2249,0.8998,1.1601,1.4096,2.0332
2011-11-10,0.2389,0.9332,1.2003,1.4558,2.0927
2011-11-14,0.2337,0.9305,1.1976,1.4526,2.0854
2011-11-15,0.2456,0.9507,1.2164,1.4700,2.1008
2011-11-16,0.2511,0.9247,1.1823,1.4294,2.0493
2011-11-17,0.2541,0.9044,1.1529,1.3917,1.9942
2011-11-18,0.2741,0.9646,1.2166,1.4559,2.0495
2011-11-21,0.2685,0.9416,1.1898,1.4255,2.0099
2011-11-22,0.2485,0.9203,1.1683,1.4033,1.9813
2011-11-23,0.2590,0.8919,1.1294,1.3559,1.9189
2011-11-25,0.2686,0.9455,1.1940,1.4290,2.0061
2011-11-28,0.2474,0.9274,1.1818,1.4221,2.0094
2011-11-29,0.2551,0.9477,1.2072,1.4519,2.0458
2011-11-30,0.2477,0.9768,1.2504,1.5082,2.1324
2011-12-01,0.2576,0.9877,1.2630,1.5235,2.1596
2011-12-02,0.2415,0.9456,1.2130,1.4668,2.0899
2011-12-05,0.2439,0.9515,1.2148,1.4649,2.0824
2011-12-06,0.2491,0.9636,1.2364,1.4956,2.1315
2011-12-07,0.2240,0.9081,1.1759,1.4323,2.0691
2011-12-08,0.2133,0.8771,1.1399,1.3927,2.0257
2011-12-09,0.2171,0.9190,1.1943,1.4576,2.1103
2011-12-12,0.2146,0.8983,1.1679,1.4264,2.0691
2011-12-13,0.2173,0.8704,1.1278,1.3751,1.9937
2011-12-14,0.2387,0.8720,1.1169,1.3520,1.9424
2011-12-15,0.2375,0.8732,1.1202,1.3572,1.9515
2011-12-16,0.2217,0.8254,1.0664,1.2993,1.8887
2011-12-19,0.2316,0.8185,1.0493,1.2726,1.8409
2011-12-20,0.2404,0.8843,1.1309,1.3673,1.9607
2011-12-21,0.2687,0.9202,1.1681,1.4057,2.0029
2011-12-22,0.2719,0.9242,1.1692,1.4043,1.9978
2011-12-23,0.2967,0.9813,1.2312,1.4693,2.0654
2011-12-27,0.2877,0.9808,1.2311,1.4685,2.0586
2011-12-28,0.2744,0.9292,1.1680,1.3951,1.9616
2011-12-29,0.2710,0.9097,1.1457,1.3714,1.9399
2011-12-30,0.2425,0.8719,1.1115,1.3419,1.9239
2012-01-03,0.2671,0.9224,1.1709,1.4090,2.0061
2012-01-04,0.2568,0.9277,1.1812,1.4244,2.0367
2012-01-05,0.2549,0.9240,1.1788,1.4241,2.0454
2012-01-06,0.2507,0.9035,1.1542,1.3963,2.0113
2012-01-09,0.2408,0.8883,1.1395,1.3825,2.0022
2012-01-10,0.2432,0.9015,1.1567,1.4028,2.0254
2012-01-11,0.2217,0.8536,1.1028,1.3437,1.9545
2012-01-12,0.2234,0.8687,1.1191,1.3604,1.9710
2012-01-13,0.2184,0.8310,1.0745,1.3105,1.9121
2012-01-17,0.2071,0.8218,1.0622,1.2952,1.8915
2012-01-18,0.2200,0.8468,1.0930,1.3316,1.9405
2012-01-19,0.2276,0.8991,1.1590,1.4086,2.0352
2012-01-20,0.2408,0.9308,1.1969,1.4515,2.0862
2012-01-23,0.2367,0.9509,1.2229,1.4822,2.1248
2012-01-24,0.2364,0.9399,1.2103,1.4690,2.1141
2012-01-25,0.1987,0.8472,1.1133,1.3726,2.0356
2012-01-26,0.1839,0.8028,1.0627,1.3180,1.9799
2012-01-27,0.1830,0.7846,1.0384,1.2889,1.9443
2012-01-30,0.1840,0.7606,1.0055,1.2478,1.8840
2012-01-31,0.1884,0.7387,0.9770,1.2140,1.8405
2012-02-01,0.1947,0.7539,0.9989,1.2423,1.8839
2012-02-02,0.1983,0.7406,0.9816,1.2225,1.8633
2012-02-03,0.2144,0.8101,1.0643,1.3158,1.9763
2012-02-06,0.2064,0.7858,1.0353,1.2829,1.9356
2012-02-07,0.2299,0.8437,1.1016,1.3552,2.0147
2012-02-08,0.2349,0.8501,1.1061,1.3580,2.0142
2012-02-09,0.2575,0.8841,1.1422,1.3954,2.0518
2012-02-10,0.2455,0.8396,1.0860,1.3298,1.9724
2012-02-13,0.2795,0.8740,1.1219,1.3664,2.0080
2012-02-14,0.2777,0.8416,1.0795,1.3155,1.9400
2012-02-15,0.2532,0.8350,1.0773,1.3170,1.9507
2012-02-16,0.2849,0.8945,1.1402,1.3815,2.0124
2012-02-17,0.2811,0.9092,1.1580,1.4016,2.0369
2012-02-21,0.3015,0.9446,1.1956,1.4405,2.0762
2012-02-22,0.2830,0.9050,1.1522,1.3945,2.0278
2012-02-23,0.3089,0.9032,1.1445,1.3822,2.0073
2012-02-24,0.3065,0.9172,1.1548,1.3875,1.9980
2012-02-27,0.2854,0.8671,1.1016,1.3323,1.9398
2012-02-28,0.2885,0.8709,1.1067,1.3393,1.9529
2012-02-29,0.2954,0.8999,1.1404,1.3762,1.9927
2012-03-01,0.2891,0.9247,1.1754,1.4202,2.0545
2012-03-02,0.2741,0.8792,1.1266,1.3702,2.0080
2012-03-05,0.2949,0.9066,1.1523,1.3935,2.0240
2012-03-06,0.2735,0.8668,1.1080,1.3457,1.9715
2012-03-07,0.3007,0.8908,1.1322,1.3705,1.9985
2012-03-08,0.3122,0.9259,1.1713,1.4126,2.0468
2012-03-09,0.3193,0.9421,1.1877,1.4288,2.0618
2012-03-12,0.3320,0.9503,1.1936,1.4322,2.0578
2012-03-13,0.3629,1.0246,1.2776,1.5235,2.1591
2012-03-14,0.4209,1.1632,1.4285,1.6822,2.3247
2012-03-15,0.3937,1.1387,1.4107,1.6708,2.3256
2012-03-16,0.3883,1.1601,1.4365,1.6982,2.3471
2012-03-19,0.4166,1.2260,1.5097,1.7760,2.4259
2012-03-20,0.4275,1.2416,1.5208,1.7823,2.4204
2012-03-21,0.3941,1.1794,1.4533,1.7111,2.3457
2012-03-22,0.3888,1.1597,1.4343,1.6935,2.3319
2012-03-23,0.3749,1.1326,1.4027,1.6579,2.2882
2012-03-26,0.3624,1.1212,1.3937,1.6517,2.2893
2012-03-27,0.3413,1.0639,1.3318,1.5879,2.2304
2012-03-28,0.3521,1.0772,1.3449,1.6006,2.2422
2012-03-29,0.3458,1.0473,1.3097,1.5618,2.2010
2012-03-30,0.3530,1.0772,1.3488,1.6092,2.2649
2012-04-02,0.3496,1.0610,1.3320,1.5928,2.2525
2012-04-03,0.3953,1.1338,1.4101,1.6739,2.3323
2012-04-04,0.3628,1.0853,1.3563,1.6168,2.2763
2012-04-05,0.3553,1.0460,1.3096,1.5646,2.2178
2012-04-06,0.3194,0.9401,1.1883,1.4330,2.0791
2012-04-09,0.3286,0.9427,1.1879,1.4293,2.0649
2012-04-10,0.2918,0.8932,1.1372,1.3779,2.0124
2012-04-11,0.3044,0.9219,1.1709,1.4157,2.0572
2012-04-12,0.2986,0.9379,1.1945,1.4452,2.0939
2012-04-13,0.2847,0.8981,1.1474,1.3919,2.0282
2012-04-16,0.2962,0.8907,1.1349,1.3755,2.0071
2012-04-17,0.2863,0.9080,1.1597,1.4061,2.0454
2012-04-18,0.2908,0.8941,1.1421,1.3855,2.0188
2012-04-19,0.2788,0.8856,1.1283,1.3668,1.9925
2012-04-20,0.2809,0.8925,1.1380,1.3786,2.0057
2012-04-23,0.2678,0.8636,1.1068,1.3456,1.9693
2012-04-24,0.2833,0.8911,1.1381,1.3799,2.0069
2012-04-25,0.2694,0.8898,1.1400,1.3846,2.0184
2012-04-26,0.2734,0.8676,1.1145,1.3574,1.9905
2012-04-27,0.2606,0.8585,1.1025,1.3425,1.9711
2012-04-30,0.2670,0.8509,1.0935,1.3330,1.9633
2012-05-01,0.2796,0.8716,1.1175,1.3597,1.9942
2012-05-02,0.2740,0.8545,1.0961,1.3344,1.9600
2012-05-03,0.2736,0.8587,1.1015,1.3408,1.9680
2012-05-04,0.2603,0.8215,1.0577,1.2917,1.9107
2012-05-07,0.2571,0.8250,1.0620,1.2965,1.9157
2012-05-08,0.2607,0.8062,1.0373,1.2670,1.8781
2012-05-09,0.2679,0.8058,1.0340,1.2611,1.8677
2012-05-10,0.2632,0.8205,1.0522,1.2816,1.8892
2012-05-11,0.2721,0.7936,1.0194,1.2444,1.8444
2012-05-14,0.2703,0.7684,0.9847,1.2013,1.7851
2012-05-15,0.2769,0.7729,0.9835,1.1941,1.7625
2012-05-16,0.2799,0.7815,0.9893,1.1964,1.7544
2012-05-17,0.2961,0.7740,0.9690,1.1635,1.6903
2012-05-18,0.3117,0.7871,0.9816,1.1759,1.7037
2012-05-21,0.2969,0.7908,0.9923,1.1926,1.7302
2012-05-22,0.3059,0.8139,1.0191,1.2228,1.7701
2012-05-23,0.2922,0.7810,0.9799,1.1778,1.7116
2012-05-24,0.3143,0.8183,1.0202,1.2203,1.7577
2012-05-25,0.3090,0.8006,1.0003,1.1990,1.7357
2012-05-29,0.3149,0.8013,0.9980,1.1941,1.7268
2012-05-30,0.2739,0.7245,0.9106,1.0977,1.6133
2012-05-31,0.2798,0.6996,0.8811,1.0649,1.5740
2012-06-01,0.2662,0.6489,0.8107,0.9759,1.4448
2012-06-04,0.2703,0.7045,0.8763,1.0474,1.5153
2012-06-05,0.2659,0.7122,0.8936,1.0743,1.5639
2012-06-06,0.2960,0.7649,0.9564,1.1468,1.6595
2012-06-07,0.2815,0.7572,0.9475,1.1370,1.6526
2012-06-08,0.2973,0.7517,0.9403,1.1295,1.6466
2012-06-11,0.2828,0.7308,0.9096,1.0893,1.5890
2012-06-12,0.3262,0.7868,0.9731,1.1596,1.6700
2012-06-13,0.3086,0.7458,0.9220,1.0995,1.5940
2012-06-14,0.3189,0.7759,0.9572,1.1385,1.6371
2012-06-15,0.2936,0.7306,0.9107,1.0921,1.5941
2012-06-18,0.3012,0.7344,0.9124,1.0916,1.5880
2012-06-19,0.3015,0.7569,0.9408,1.1250,1.6311
2012-06-20,0.3293,0.7865,0.9691,1.1516,1.6517
2012-06-21,0.3247,0.7738,0.9538,1.1339,1.6272
2012-06-22,0.3226,0.8044,0.9930,1.1802,1.6886
2012-06-25,0.3142,0.7626,0.9439,1.1257,1.6258
2012-06-26,0.3318,0.7859,0.9685,1.1514,1.6539
2012-06-27,0.3236,0.7725,0.9539,1.1360,1.6376
2012-06-28,0.3213,0.7355,0.9105,1.0883,1.5865
2012-06-29,0.3215,0.7670,0.9527,1.1406,1.6632
2012-07-02,0.3138,0.7137,0.8912,1.0730,1.5865
2012-07-03,0.3143,0.7451,0.9281,1.1141,1.6353
2012-07-05,0.3030,0.7211,0.9016,1.0859,1.6065
2012-07-06,0.2829,0.6929,0.8686,1.0482,1.5577
2012-07-09,0.2808,0.6722,0.8434,1.0193,1.5208
2012-07-10,0.2734,0.6711,0.8409,1.0147,1.5100
2012-07-11,0.2900,0.6806,0.8514,1.0262,1.5207
2012-07-12,0.2767,0.6685,0.8360,1.0070,1.4902
2012-07-13,0.2680,0.6708,0.8426,1.0174,1.5089
2012-07-16,0.2458,0.6403,0.8140,0.9913,1.4887
2012-07-17,0.2476,0.6590,0.8348,1.0137,1.5150
2012-07-18,0.2362,0.6412,0.8192,1.0006,1.5084
2012-07-19,0.2320,0.6489,0.8326,1.0192,1.5368
2012-07-20,0.2202,0.6147,0.7938,0.9765,1.4844
2012-07-23,0.2127,0.6009,0.7768,0.9567,1.4603
2012-07-24,0.2215,0.5911,0.7607,0.9349,1.4262
2012-07-25,0.2192,0.5863,0.7567,0.9319,1.4255
2012-07-26,0.2230,0.6076,0.7805,0.9571,1.4517
2012-07-27,0.2503,0.6870,0.8727,1.0602,1.5766
2012-07-30,0.2283,0.6423,0.8268,1.0141,1.5316
2012-07-31,0.2126,0.6245,0.8084,0.9953,1.5125
2012-08-01,0.2293,0.6664,0.8560,1.0471,1.5696
2012-08-02,0.2259,0.6347,0.8167,1.0014,1.5115
2012-08-03,0.2378,0.6975,0.8908,1.0844,1.6101
2012-08-06,0.2398,0.6806,0.8735,1.0680,1.5991
2012-08-07,0.2685,0.7413,0.9403,1.1392,1.6758
2012-08-08,0.2812,0.7569,0.9554,1.1537,1.6908
2012-08-09,0.2790,0.7619,0.9621,1.1619,1.7009
2012-08-10,0.2655,0.7355,0.9330,1.1307,1.6667
2012-08-13,0.2651,0.7333,0.9308,1.1284,1.6637
2012-08-14,0.2792,0.7806,0.9881,1.1940,1.7436
2012-08-15,0.2907,0.8298,1.0467,1.2599,1.8199
2012-08-16,0.2908,0.8526,1.0748,1.2920,1.8588
2012-08-17,0.2937,0.8408,1.0597,1.2746,1.8396
2012-08-20,0.2905,0.8361,1.0553,1.2709,1.8371
2012-08-21,0.2949,0.8275,1.0447,1.2585,1.8211
2012-08-22,0.2593,0.7475,0.9557,1.1637,1.7228
2012-08-23,0.2568,0.7303,0.9327,1.1357,1.6862
2012-08-24,0.2665,0.7446,0.9463,1.1481,1.6943
2012-08-27,0.2589,0.7209,0.9188,1.1177,1.6600
2012-08-28,0.2615,0.7169,0.9116,1.1077,1.6452
2012-08-29,0.2605,0.7243,0.9220,1.1207,1.6622
2012-08-30,0.2479,0.6945,0.8916,1.0906,1.6340
2012-08-31,0.2112,0.6307,0.8240,1.0211,1.5658
2012-09-04,0.2213,0.6546,0.8489,1.0457,1.5863
2012-09-05,0.2237,0.6566,0.8527,1.0519,1.5999
2012-09-06,0.2439,0.7134,0.9178,1.1234,1.6819
2012-09-07,0.2333,0.6871,0.8911,1.0980,1.6668
2012-09-10,0.2359,0.6970,0.9022,1.1099,1.6797
2012-09-11,0.2360,0.7051,0.9135,1.1237,1.6956
2012-09-12,0.2285,0.7338,0.9546,1.1755,1.7672
2012-09-13,0.2198,0.6972,0.9136,1.1334,1.7383
2012-09-14,0.2362,0.7727,1.0070,1.2419,1.8749
2012-09-17,0.2394,0.7674,0.9960,1.2252,1.8444
2012-09-18,0.2421,0.7493,0.9725,1.1978,1.8125
2012-09-19,0.2461,0.7377,0.9570,1.1791,1.7875
2012-09-20,0.2523,0.7435,0.9614,1.1819,1.7865
2012-09-21,0.2431,0.7219,0.9361,1.1542,1.7592
2012-09-24,0.2532,0.7084,0.9161,1.1289,1.7238
2012-09-25,0.2496,0.6934,0.8934,1.0986,1.6769
2012-09-26,0.2401,0.6574,0.8486,1.0459,1.6077
2012-09-27,0.2419,0.6667,0.8624,1.0638,1.6334
2012-09-28,0.2208,0.6492,0.8483,1.0530,1.6285
2012-10-01,0.2237,0.6493,0.8463,1.0490,1.6201
2012-10-02,0.2257,0.6451,0.8423,1.0454,1.6181
2012-10-03,0.2190,0.6350,0.8325,1.0367,1.6153
2012-10-04,0.2278,0.6676,0.8720,1.0821,1.6723
2012-10-05,0.2484,0.7085,0.9191,1.1345,1.7354
2012-10-09,0.2543,0.7037,0.9117,1.1246,1.7183
2012-10-10,0.2559,0.6984,0.9005,1.1074,1.6862
2012-10-11,0.2559,0.6981,0.8983,1.1027,1.6732
2012-10-12,0.2550,0.6977,0.8971,1.1004,1.6657
2012-10-15,0.2515,0.6979,0.8984,1.1028,1.6710
2012-10-16,0.2614,0.7304,0.9381,1.1489,1.7303
2012-10-17,0.2899,0.8068,1.0223,1.2379,1.8225
2012-10-18,0.2940,0.8237,1.0431,1.2620,1.8525
2012-10-19,0.2939,0.7960,1.0055,1.2154,1.7863
2012-10-22,0.3038,0.8288,1.0407,1.2516,1.8208
2012-10-23,0.2903,0.7971,1.0056,1.2138,1.7778
2012-10-24,0.2825,0.7896,1.0023,1.2152,1.7912
2012-10-25,0.3025,0.8510,1.0657,1.2780,1.8471
2012-10-26,0.2987,0.7960,1.0023,1.2091,1.7728
2012-10-29,0.2906,0.7702,0.9710,1.1727,1.7255
2012-10-31,0.2793,0.7508,0.9500,1.1509,1.7039
2012-11-01,0.2823,0.7609,0.9654,1.1715,1.7358
2012-11-02,0.2817,0.7588,0.9643,1.1716,1.7394
2012-11-05,0.2685,0.7355,0.9369,1.1406,1.7028
2012-11-06,0.2935,0.7873,0.9934,1.2001,1.7641
2012-11-07,0.2599,0.7044,0.8992,1.0973,1.6492
2012-11-08,0.2502,0.6752,0.8635,1.0557,1.5943
2012-11-09,0.2564,0.6789,0.8667,1.0582,1.5923
2012-11-13,0.2484,0.6591,0.8453,1.0355,1.5674
2012-11-14,0.2444,0.6638,0.8504,1.0407,1.5718
2012-11-15,0.2384,0.6546,0.8402,1.0297,1.5596
2012-11-16,0.2336,0.6504,0.8365,1.0266,1.5593
2012-11-19,0.2393,0.6706,0.8614,1.0555,1.5952
2012-11-20,0.2569,0.7027,0.8989,1.0981,1.6490
2012-11-21,0.2626,0.7260,0.9237,1.1232,1.6722
2012-11-23,0.2719,0.7368,0.9342,1.1334,1.6814
2012-11-26,0.2650,0.7129,0.9068,1.1032,1.6461
2012-11-27,0.2592,0.6961,0.8879,1.0829,1.6259
2012-11-28,0.2529,0.6752,0.8665,1.0619,1.6077
2012-11-29,0.2454,0.6682,0.8585,1.0532,1.5994
2012-11-30,0.2386,0.6563,0.8488,1.0463,1.6010
2012-12-03,0.2409,0.6682,0.8609,1.0579,1.6093
2012-12-04,0.2386,0.6609,0.8527,1.0489,1.5973
2012-12-05,0.2378,0.6447,0.8342,1.0293,1.5801
2012-12-06,0.2352,0.6371,0.8244,1.0176,1.5647
2012-12-07,0.2393,0.6616,0.8555,1.0544,1.6133
2012-12-10,0.2351,0.6585,0.8522,1.0508,1.6082
2012-12-11,0.2346,0.6733,0.8710,1.0730,1.6370
2012-12-12,0.2349,0.6956,0.9012,1.1105,1.6909
2012-12-13,0.2481,0.7292,0.9374,1.1474,1.7218
2012-12-14,0.2391,0.7268,0.9339,1.1417,1.7069
2012-12-17,0.2509,0.7655,0.9802,1.1944,1.7715
2012-12-18,0.2723,0.8077,1.0247,1.2408,1.8235
2012-12-19,0.2693,0.7978,1.0133,1.2279,1.8079
2012-12-20,0.2655,0.7925,1.0076,1.2220,1.8003
2012-12-21,0.2647,0.7758,0.9853,1.1944,1.7617
2012-12-24,0.2677,0.7895,1.0009,1.2111,1.7776
2012-12-26,0.2712,0.7768,0.9852,1.1935,1.7596
2012-12-27,0.2588,0.7415,0.9457,1.1514,1.7160
2012-12-28,0.2498,0.7371,0.9411,1.1462,1.7086
2012-12-31,0.2486,0.7499,0.9627,1.1767,1.7606
2013-01-02,0.2567,0.7909,1.0160,1.2407,1.8448
2013-01-03,0.2633,0.8378,1.0714,1.3023,1.9150
2013-01-04,0.2683,0.8461,1.0815,1.3137,1.9258
2013-01-07,0.2641,0.8413,1.0749,1.3055,1.9158
2013-01-08,0.2501,0.8121,1.0426,1.2711,1.8795
2013-01-09,0.2395,0.7954,1.0265,1.2561,1.8681
2013-01-10,0.2407,0.8193,1.0558,1.2893,1.9063
2013-01-11,0.2389,0.8074,1.0407,1.2714,1.8825
2013-01-14,0.2430,0.7991,1.0317,1.2626,1.8763
2013-01-15,0.2422,0.7787,1.0069,1.2345,1.8437
2013-01-16,0.2360,0.7718,0.9979,1.2234,1.8288
2013-01-17,0.2516,0.8178,1.0484,1.2767,1.8843
2013-01-18,0.2473,0.8000,1.0280,1.2543,1.8580
2013-01-22,0.2413,0.7859,1.0139,1.2406,1.8466
2013-01-23,0.2401,0.7813,1.0084,1.2347,1.8414
2013-01-24,0.2382,0.7994,1.0283,1.2553,1.8615
2013-01-25,0.2837,0.8847,1.1229,1.3568,1.9716
2013-01-28,0.2891,0.9040,1.1436,1.3781,1.9918
2013-01-29,0.2859,0.9088,1.1535,1.3928,2.0162
2013-01-30,0.2659,0.8951,1.1422,1.3839,2.0140
2013-01-31,0.2620,0.8905,1.1386,1.3808,2.0086
2013-02-01,0.2642,0.8959,1.1486,1.3957,2.0369
2013-02-04,0.2489,0.8603,1.1086,1.3527,1.9916
2013-02-05,0.2599,0.8924,1.1435,1.3893,2.0307
2013-02-06,0.2516,0.8576,1.1051,1.3490,1.9899
2013-02-07,0.2491,0.8487,1.0931,1.3345,1.9731
2013-02-08,0.2481,0.8540,1.0999,1.3425,1.9817
2013-02-11,0.2594,0.8650,1.1092,1.3497,1.9819
2013-02-12,0.2705,0.8887,1.1357,1.3783,2.0135
2013-02-13,0.2895,0.9238,1.1754,1.4213,2.0605
2013-02-14,0.2710,0.8803,1.1262,1.3680,2.0020
2013-02-15,0.2739,0.8892,1.1357,1.3776,2.0103
2013-02-19,0.2813,0.9079,1.1576,1.4018,2.0369
2013-02-20,0.2728,0.8922,1.1396,1.3826,2.0194
2013-02-21,0.2630,0.8687,1.1143,1.3559,1.9898
2013-02-22,0.2606,0.8562,1.0994,1.3395,1.9727
2013-02-25,0.2422,0.7967,1.0292,1.2610,1.8827
2013-02-26,0.2427,0.7912,1.0243,1.2567,1.8794
2013-02-27,0.2448,0.7967,1.0347,1.2722,1.9070
2013-02-28,0.2326,0.7839,1.0200,1.2560,1.8896
2013-03-01,0.2289,0.7656,0.9971,1.2292,1.8561
2013-03-04,0.2361,0.7762,1.0106,1.2455,1.8779
2013-03-05,0.2379,0.7934,1.0294,1.2652,1.8990
2013-03-06,0.2491,0.8245,1.0651,1.3046,1.9453
2013-03-07,0.2619,0.8676,1.1160,1.3610,2.0060
2013-03-08,0.2659,0.9147,1.1737,1.4263,2.0794
2013-03-11,0.2649,0.9158,1.1739,1.4259,2.0791
2013-03-12,0.2674,0.8932,1.1463,1.3946,2.0426
2013-03-13,0.2652,0.8999,1.1523,1.3995,2.0447
2013-03-14,0.2654,0.8982,1.1515,1.4003,2.0520
2013-03-15,0.2545,0.8616,1.1099,1.3556,2.0074
2013-03-18,0.2430,0.8305,1.0728,1.3134,1.9548
2013-03-19,0.2406,0.8038,1.0410,1.2774,1.9118
2013-03-20,0.2464,0.8302,1.0736,1.3154,1.9595
2013-03-21,0.2484,0.8275,1.0659,1.3028,1.9364
2013-03-22,0.2488,0.8211,1.0571,1.2919,1.9212
2013-03-25,0.2465,0.8150,1.0507,1.2857,1.9185
2013-03-26,0.2476,0.8073,1.0409,1.2746,1.9072
2013-03-27,0.2383,0.7702,0.9973,1.2261,1.8523
2013-03-28,0.2399,0.7804,1.0079,1.2363,1.8587
2013-04-01,0.2290,0.7703,0.9971,1.2248,1.8457
2013-04-02,0.2392,0.7862,1.0169,1.2480,1.8739
2013-04-03,0.2240,0.7426,0.9670,1.1935,1.8150
2013-04-04,0.2142,0.7114,0.9292,1.1502,1.7617
2013-04-05,0.2243,0.6992,0.9070,1.1177,1.6999
2013-04-08,0.2272,0.7213,0.9349,1.1504,1.7403
2013-04-09,0.2285,0.7244,0.9387,1.1554,1.7515
2013-04-10,0.2389,0.7600,0.9824,1.2058,1.8130
2013-04-11,0.2281,0.7512,0.9712,1.1922,1.7953
2013-04-12,0.2159,0.7137,0.9246,1.1374,1.7229
2013-04-15,0.2141,0.7027,0.9100,1.1192,1.6957
2013-04-16,0.2204,0.7214,0.9331,1.1461,1.7293
2013-04-17,0.2258,0.7150,0.9229,1.1326,1.7087
2013-04-18,0.2271,0.7166,0.9214,1.1275,1.6947
2013-04-19,0.2288,0.7264,0.9324,1.1394,1.7076
2013-04-22,0.2234,0.7150,0.9211,1.1288,1.7001
2013-04-23,0.2218,0.7218,0.9296,1.1385,1.7128
2013-04-24,0.2228,0.7144,0.9217,1.1304,1.7038
2013-04-25,0.2206,0.7202,0.9298,1.1406,1.7190
2013-04-26,0.2114,0.6910,0.8969,1.1047,1.6765
2013-04-29,0.2036,0.6844,0.8908,1.0996,1.6763
2013-04-30,0.2005,0.6844,0.8929,1.1038,1.6851
2013-05-01,0.1957,0.6594,0.8626,1.0688,1.6401
2013-05-02,0.1895,0.6573,0.8614,1.0683,1.6410
2013-05-03,0.2162,0.7366,0.9542,1.1723,1.7657
2013-05-06,0.2155,0.7486,0.9705,1.1922,1.7922
2013-05-07,0.2250,0.7615,0.9845,1.2072,1.8099
2013-05-08,0.2242,0.7543,0.9751,1.1960,1.7949
2013-05-09,0.2249,0.7547,0.9755,1.1962,1.7941
2013-05-10,0.2368,0.8231,1.0539,1.2817,1.8883
2013-05-13,0.2450,0.8373,1.0695,1.2986,1.9096
2013-05-14,0.2464,0.8557,1.0951,1.3304,1.9515
2013-05-15,0.2453,0.8486,1.0859,1.3194,1.9388
2013-05-16,0.2311,0.7965,1.0252,1.2525,1.8639
2013-05-17,0.2471,0.8488,1.0875,1.3230,1.9481
2013-05-20,0.2472,0.8556,1.0974,1.3355,1.9648
2013-05-21,0.2422,0.8400,1.0787,1.3140,1.9371
2013-05-22,0.2554,0.9071,1.1568,1.3995,2.0285
2013-05-23,0.2579,0.9116,1.1611,1.4032,2.0284
2013-05-24,0.2590,0.9092,1.1560,1.3956,2.0156
2013-05-28,0.3050,1.0189,1.2805,1.5309,2.1639
2013-05-29,0.3035,1.0145,1.2700,1.5144,2.1349
2013-05-30,0.3019,1.0126,1.2680,1.5126,2.1352
2013-05-31,0.3179,1.0448,1.3038,1.5504,2.1720
2013-06-03,0.3076,1.0214,1.2800,1.5268,2.1492
2013-06-04,0.3121,1.0390,1.2999,1.5483,2.1720
2013-06-05,0.3080,1.0133,1.2697,1.5144,2.1304
2013-06-06,0.3076,1.0048,1.2563,1.4968,2.1071
2013-06-07,0.3294,1.0845,1.3465,1.5931,2.2044
2013-06-10,0.3417,1.1184,1.3831,1.6316,2.2470
2013-06-11,0.3524,1.1126,1.3721,1.6168,2.2277
2013-06-12,0.3576,1.1436,1.4084,1.6563,2.2680
2013-06-13,0.3382,1.1031,1.3638,1.6090,2.2171
2013-06-14,0.2995,1.0342,1.2950,1.5428,2.1647
2013-06-17,0.2940,1.0566,1.3289,1.5852,2.2181
2013-06-18,0.2924,1.0614,1.3350,1.5921,2.2236
2013-06-19,0.3346,1.2291,1.5099,1.7627,2.3580
2013-06-20,0.3589,1.2964,1.5830,1.8400,2.4421
2013-06-21,0.4040,1.4097,1.6994,1.9551,2.5458
2013-06-24,0.4378,1.4662,1.7609,2.0184,2.5995
2013-06-25,0.4453,1.4734,1.7708,2.0317,2.6232
2013-06-26,0.4107,1.4317,1.7284,1.9884,2.5783
2013-06-27,0.3834,1.3658,1.6593,1.9187,2.5136
2013-06-28,0.3865,1.3980,1.6972,1.9592,2.5500
2013-07-01,0.3797,1.3771,1.6742,1.9358,2.5276
2013-07-02,0.3706,1.3678,1.6642,1.9249,2.5156
2013-07-03,0.3873,1.4094,1.7073,1.9679,2.5544
2013-07-05,0.4358,1.5915,1.9121,2.1856,2.7762
2013-07-08,0.3915,1.5019,1.8216,2.0971,2.6976
2013-07-09,0.3948,1.4893,1.8070,2.0824,2.6900
2013-07-10,0.3993,1.5224,1.8443,2.1222,2.7320
2013-07-11,0.3595,1.4004,1.7182,1.9986,2.6290
2013-07-12,0.3742,1.4223,1.7370,2.0138,2.6369
2013-07-15,0.3612,1.3917,1.7024,1.9766,2.5972
2013-07-16,0.3497,1.3726,1.6834,1.9581,2.5785
2013-07-17,0.3331,1.3263,1.6378,1.9152,2.5484
2013-07-18,0.3348,1.3492,1.6685,1.9520,2.5944
2013-07-19,0.3343,1.3127,1.6248,1.9036,2.5383
2013-07-22,0.3354,1.3109,1.6223,1.9008,2.5366
2013-07-23,0.3377,1.3241,1.6389,1.9208,2.5633
2013-07-24,0.3614,1.3912,1.7124,1.9982,2.6433
2013-07-25,0.3433,1.3775,1.7030,1.9923,2.6418
2013-07-26,0.3261,1.3563,1.6825,1.9714,2.6156
2013-07-29,0.3274,1.3726,1.7027,1.9951,2.6481
2013-07-30,0.3234,1.3837,1.7165,2.0104,2.6643
2013-07-31,0.3252,1.3759,1.7054,1.9962,2.6437
2013-08-01,0.3490,1.4879,1.8340,2.1350,2.7900
2013-08-02,0.3163,1.3650,1.7030,2.0034,2.6745
2013-08-05,0.3223,1.3898,1.7302,2.0323,2.7070
2013-08-06,0.3314,1.3925,1.7324,2.0345,2.7093
2013-08-07,0.3259,1.3663,1.6991,1.9955,2.6614
2013-08-08,0.3283,1.3555,1.6846,1.9783,2.6400
2013-08-09,0.3295,1.3560,1.6834,1.9752,2.6324
2013-08-12,0.3295,1.3786,1.7109,2.0051,2.6621
2013-08-13,0.3588,1.4804,1.8214,2.1190,2.7699
2013-08-14,0.3589,1.4755,1.8168,2.1147,2.7667
2013-08-15,0.3780,1.5274,1.8717,2.1705,2.8216
2013-08-16,0.3892,1.5867,1.9394,2.2431,2.8961
2013-08-19,0.3959,1.6205,1.9765,2.2820,2.9350
2013-08-20,0.3806,1.5618,1.9147,2.2197,2.8771
2013-08-21,0.4048,1.6342,1.9878,2.2899,2.9329
2013-08-22,0.4399,1.6983,2.0447,2.3372,2.9529
2013-08-23,0.4337,1.6489,1.9864,2.2724,2.8779
2013-08-26,0.4178,1.6105,1.9459,2.2317,2.8429
2013-08-27,0.4021,1.5500,1.8780,2.1595,2.7688
2013-08-28,0.4247,1.6090,1.9414,2.2249,2.8313
2013-08-29,0.4153,1.5907,1.9194,2.1993,2.7964
2013-08-30,0.4275,1.6228,1.9553,2.2369,2.8300
2013-09-03,0.4501,1.6783,2.0184,2.3061,2.9109
2013-09-04,0.4921,1.7371,2.0718,2.3532,2.9419
2013-09-05,0.5536,1.8421,2.1738,2.4501,3.0256
2013-09-06,0.4996,1.7712,2.1049,2.3850,2.9771
2013-09-09,0.4687,1.7169,2.0547,2.3401,2.9443
2013-09-10,0.5083,1.7740,2.1122,2.3968,2.9977
2013-09-11,0.4751,1.7184,2.0560,2.3419,2.9507
2013-09-12,0.4776,1.7187,2.0562,2.3418,2.9468
2013-09-13,0.4699,1.7157,2.0491,2.3305,2.9289
2013-09-16,0.4322,1.6520,1.9954,2.2886,2.9163
2013-09-17,0.4133,1.6298,1.9742,2.2681,2.8936
2013-09-18,0.3558,1.4389,1.7741,2.0705,2.7297
2013-09-19,0.3627,1.4977,1.8404,2.1397,2.7958
2013-09-20,0.3699,1.5064,1.8469,2.1432,2.7894
2013-09-23,0.3642,1.4783,1.8146,2.1090,2.7556
2013-09-24,0.3640,1.4491,1.7781,2.0667,2.7032
2013-09-25,0.3564,1.4142,1.7403,2.0277,2.6648
2013-09-26,0.3567,1.4347,1.7634,2.0525,2.6934
2013-09-27,0.3478,1.4057,1.7347,2.0259,2.6744
2013-09-30,0.3384,1.4037,1.7345,2.0266,2.6762
2013-10-01,0.3501,1.4262,1.7573,2.0486,2.6940
2013-10-02,0.3312,1.3872,1.7187,2.0123,2.6672
2013-10-03,0.3279,1.3722,1.7037,1.9980,2.6573
2013-10-04,0.3526,1.4219,1.7556,2.0498,2.7017
2013-10-07,0.3634,1.4205,1.7489,2.0385,2.6818
2013-10-08,0.4087,1.4440,1.7665,2.0519,2.6890
2013-10-09,0.3908,1.4393,1.7687,2.0597,2.7066
2013-10-10,0.3794,1.4582,1.7954,2.0913,2.7419
2013-10-11,0.3820,1.4396,1.7785,2.0778,2.7362
2013-10-15,0.3791,1.4618,1.8091,2.1154,2.7850
2013-10-16,0.3590,1.4170,1.7583,2.0603,2.7246
2013-10-17,0.3415,1.3561,1.6883,1.9846,2.6450
2013-10-18,0.3338,1.3583,1.6878,1.9817,2.6396
2013-10-21,0.3429,1.3804,1.7130,2.0088,2.6683
2013-10-22,0.3220,1.3094,1.6321,1.9218,2.5789
2013-10-23,0.3299,1.2982,1.6144,1.8996,2.5510
2013-10-24,0.3315,1.3188,1.6378,1.9233,2.5702
2013-10-25,0.3347,1.3062,1.6247,1.9107,2.5608
2013-10-28,0.3343,1.3089,1.6300,1.9191,2.5760
2013-10-29,0.3262,1.2976,1.6179,1.9066,2.5645
2013-10-30,0.3222,1.3138,1.6373,1.9275,2.5860
2013-10-31,0.3177,1.3230,1.6517,1.9458,2.6060
2013-11-01,0.3229,1.3839,1.7237,2.0239,2.6846
2013-11-04,0.3205,1.3652,1.7037,2.0044,2.6710
2013-11-05,0.3186,1.3953,1.7440,2.0526,2.7313
2013-11-06,0.3044,1.3534,1.7019,2.0132,2.7068
2013-11-07,0.2945,1.3220,1.6657,1.9736,2.6635
2013-11-08,0.3264,1.4339,1.7928,2.1104,2.8079
2013-11-12,0.3465,1.4730,1.8334,2.1505,2.8406
2013-11-13,0.3244,1.4173,1.7757,2.0939,2.7953
2013-11-14,0.3014,1.3527,1.7067,2.0243,2.7352
2013-11-15,0.3036,1.3741,1.7308,2.0486,2.7527
2013-11-18,0.2949,1.3390,1.6926,2.0091,2.7142
2013-11-19,0.3063,1.3770,1.7335,2.0509,2.7532
2013-11-20,0.2915,1.4013,1.7758,2.1093,2.8435
2013-11-21,0.2826,1.3940,1.7694,2.1033,2.8367
2013-11-22,0.2927,1.3837,1.7499,2.0763,2.7974
2013-11-25,0.2952,1.3738,1.7378,2.0630,2.7839
2013-11-26,0.2926,1.3468,1.7081,2.0321,2.7532
2013-11-27,0.2841,1.3723,1.7402,2.0680,2.7894
2013-11-29,0.2899,1.3833,1.7520,2.0805,2.8037
2013-12-02,0.2981,1.4338,1.8104,2.1426,2.8619
2013-12-03,0.2897,1.4048,1.7793,2.1115,2.8367
2013-12-04,0.3088,1.4553,1.8368,2.1734,2.9014
2013-12-05,0.3193,1.4958,1.8792,2.2151,2.9355
2013-12-06,0.3303,1.5077,1.8873,2.2193,2.9297
2013-12-09,0.3278,1.5052,1.8821,2.2109,2.9126
2013-12-10,0.3190,1.4607,1.8307,2.1554,2.8554
2013-12-11,0.3299,1.4947,1.8696,2.1977,2.9005
2013-12-12,0.3553,1.5437,1.9187,2.2449,2.9391
2013-12-13,0.3532,1.5498,1.9219,2.2437,2.9234
2013-12-16,0.3509,1.5488,1.9237,2.2485,2.9361
2013-12-17,0.3432,1.5140,1.8851,2.2081,2.8968
2013-12-18,0.3284,1.5388,1.9199,2.2488,2.9394
2013-12-19,0.3591,1.6194,1.9986,2.3213,2.9861
2013-12-20,0.3793,1.6425,2.0081,2.3152,2.9390
2013-12-23,0.3868,1.6722,2.0422,2.3526,2.9812
2013-12-24,0.4121,1.7200,2.0920,2.4040,3.0381
2013-12-26,0.4169,1.7256,2.0993,2.4125,3.0475
2013-12-27,0.4023,1.7284,2.1037,2.4180,3.0571
2013-12-30,0.3917,1.6992,2.0741,2.3886,3.0269
2013-12-31,0.3951,1.7381,2.1197,2.4385,3.0826
2014-01-02,0.3905,1.7050,2.0818,2.3985,3.0431
2014-01-03,0.4137,1.7284,2.1001,2.4115,3.0461
2014-01-06,0.4094,1.6928,2.0630,2.3757,3.0171
2014-01-07,0.4098,1.6798,2.0451,2.3543,2.9931
2014-01-08,0.4560,1.7658,2.1254,2.4259,3.0407
2014-01-09,0.4490,1.7461,2.1003,2.3962,3.0037
2014-01-10,0.3931,1.6332,1.9865,2.2858,2.9082
2014-01-13,0.3769,1.5967,1.9504,2.2512,2.8787
2014-01-14,0.3989,1.6525,2.0043,2.3004,2.9132
2014-01-15,0.4133,1.6830,2.0324,2.3251,2.9292
2014-01-16,0.4095,1.6542,1.9996,2.2899,2.8925
2014-01-17,0.4072,1.6433,1.9846,2.2722,2.8712
2014-01-21,0.4174,1.6654,2.0055,2.2901,2.8790
2014-01-22,0.4340,1.7116,2.0507,2.3321,2.9094
2014-01-23,0.3916,1.6161,1.9558,2.2410,2.8301
2014-01-24,0.3860,1.5855,1.9222,2.2053,2.7894
2014-01-27,0.3998,1.6092,1.9477,2.2326,2.8225
2014-01-28,0.3892,1.5875,1.9278,2.2156,2.8137
2014-01-29,0.3696,1.5296,1.8627,2.1460,2.7409
2014-01-30,0.3688,1.5555,1.8918,2.1758,2.7686
2014-01-31,0.3473,1.5113,1.8448,2.1277,2.7218
2014-02-03,0.3227,1.4520,1.7826,2.0642,2.6585
2014-02-04,0.3305,1.4681,1.8023,2.0876,2.6907
2014-02-05,0.3375,1.5066,1.8460,2.1351,2.7446
2014-02-06,0.3494,1.5296,1.8726,2.1635,2.7708
2014-02-07,0.3388,1.4928,1.8353,2.1281,2.7485
2014-02-10,0.3371,1.4948,1.8365,2.1285,2.7459
2014-02-11,0.3702,1.5534,1.8954,2.1851,2.7893
2014-02-12,0.3822,1.5900,1.9324,2.2219,2.8281
2014-02-13,0.3511,1.5262,1.8669,2.1569,2.7681
2014-02-14,0.3544,1.5437,1.8839,2.1726,2.7802
2014-02-18,0.3313,1.5077,1.8492,2.1402,2.7548
2014-02-19,0.3505,1.5377,1.8775,2.1658,2.7746
2014-02-20,0.3615,1.5694,1.9096,2.1968,2.7989
2014-02-21,0.3526,1.5586,1.8976,2.1833,2.7796
2014-02-24,0.3671,1.5749,1.9120,2.1956,2.7881
2014-02-25,0.3541,1.5358,1.8693,2.1507,2.7403
2014-02-26,0.3401,1.5088,1.8398,2.1201,2.7095
2014-02-27,0.3347,1.4973,1.8265,2.1045,2.6875
2014-02-28,0.3391,1.5211,1.8501,2.1262,2.7003
2014-03-03,0.3256,1.4695,1.7952,2.0700,2.6461
2014-03-04,0.3522,1.5466,1.8792,2.1585,2.7399
2014-03-05,0.3531,1.5453,1.8779,2.1571,2.7387
2014-03-06,0.3684,1.5823,1.9170,2.1972,2.7793
2014-03-07,0.4045,1.6524,1.9852,2.2618,2.8333
2014-03-10,0.4036,1.6405,1.9729,2.2500,2.8253
2014-03-11,0.4031,1.6318,1.9613,2.2359,2.8065
2014-03-12,0.3892,1.6000,1.9242,2.1950,2.7594
2014-03-13,0.3685,1.5399,1.8618,2.1317,2.6938
2014-03-14,0.3709,1.5525,1.8712,2.1370,2.6894
2014-03-17,0.3909,1.5922,1.9128,2.1796,2.7331
2014-03-18,0.3827,1.5652,1.8867,2.1555,2.7144
2014-03-19,0.4884,1.7467,2.0558,2.3072,2.8162
2014-03-20,0.4683,1.7359,2.0494,2.3045,2.8197
2014-03-21,0.4692,1.7368,2.0425,2.2895,2.7862
2014-03-24,0.4910,1.7613,2.0593,2.2979,2.7733
2014-03-25,0.4754,1.7603,2.0623,2.3041,2.7852
2014-03-26,0.4456,1.7102,2.0135,2.2573,2.7441
2014-03-27,0.4491,1.7146,2.0105,2.2470,2.7178
2014-03-28,0.4646,1.7574,2.0549,2.2918,2.7622
2014-03-31,0.4389,1.7414,2.0468,2.2904,2.7730
2014-04-01,0.4470,1.7515,2.0615,2.3102,2.8043
2014-04-02,0.4796,1.8151,2.1259,2.3731,2.8599
2014-04-03,0.4705,1.8072,2.1161,2.3616,2.8441
2014-04-04,0.4448,1.7335,2.0407,2.2881,2.7834
2014-04-07,0.4250,1.7043,2.0102,2.2565,2.7502
2014-04-08,0.4294,1.6913,1.9931,2.2369,2.7288
2014-04-09,0.3980,1.6677,1.9813,2.2356,2.7463
2014-04-10,0.3784,1.6095,1.9189,2.1712,2.6815
2014-04-11,0.3820,1.5997,1.9072,2.1582,2.6674
2014-04-14,0.3929,1.6287,1.9328,2.1799,2.6810
2014-04-15,0.4027,1.6429,1.9418,2.1833,2.6684
2014-04-16,0.4151,1.6808,1.9770,2.2134,2.6827
2014-04-17,0.4444,1.7615,2.0639,2.3030,2.7693
2014-04-21,0.4387,1.7489,2.0534,2.2947,2.7657
2014-04-22,0.4510,1.7667,2.0668,2.3034,2.7626
2014-04-23,0.4385,1.7381,2.0369,2.2731,2.7325
2014-04-24,0.4396,1.7461,2.0451,2.2806,2.7364
2014-04-25,0.4388,1.7389,2.0344,2.2670,2.7179
2014-04-28,0.4395,1.7439,2.0426,2.2784,2.7370
2014-04-29,0.4486,1.7457,2.0431,2.2787,2.7410
2014-04-30,0.4241,1.6981,1.9976,2.2363,2.7062
2014-05-01,0.4161,1.6685,1.9629,2.1975,2.6595
2014-05-02,0.4390,1.6841,1.9674,2.1921,2.6353
2014-05-05,0.4352,1.6946,1.9808,2.2081,2.6586
2014-05-06,0.4442,1.6916,1.9714,2.1937,2.6360
2014-05-07,0.4206,1.6663,1.9517,2.1792,2.6335
2014-05-08,0.4100,1.6392,1.9278,2.1598,2.6275
2014-05-09,0.4034,1.6447,1.9348,2.1680,2.6397
2014-05-12,0.4185,1.6759,1.9688,2.2033,2.6732
2014-05-13,0.4039,1.6333,1.9246,2.1588,2.6300
2014-05-14,0.3813,1.5795,1.8644,2.0940,2.5585
2014-05-15,0.3811,1.5509,1.8300,2.0557,2.5159
2014-05-16,0.3818,1.5688,1.8508,2.0783,2.5388
2014-05-19,0.3692,1.5636,1.8532,2.0877,2.5629
2014-05-20,0.3592,1.5359,1.8247,2.0595,2.5389
2014-05-21,0.3735,1.5531,1.8440,2.0814,2.5681
2014-05-22,0.3832,1.5756,1.8662,2.1023,2.5846
2014-05-23,0.3795,1.5596,1.8496,2.0855,2.5657
2014-05-27,0.3822,1.5605,1.8470,2.0790,2.5492
2014-05-28,0.3672,1.5031,1.7827,2.0096,2.4704
2014-05-29,0.3744,1.5200,1.7976,2.0228,2.4829
2014-05-30,0.3850,1.5479,1.8267,2.0520,2.5100
2014-06-02,0.4064,1.6034,1.8852,2.1116,2.5690
2014-06-03,0.4186,1.6511,1.9394,2.1702,2.6323
2014-06-04,0.4129,1.6562,1.9493,2.1836,2.6505
2014-06-05,0.3984,1.6345,1.9281,2.1629,2.6309
2014-06-06,0.4216,1.6594,1.9495,2.1806,2.6391
2014-06-09,0.4437,1.6902,1.9764,2.2036,2.6537
2014-06-10,0.4639,1.7153,2.0000,2.2261,2.6755
2014-06-11,0.4567,1.7045,1.9913,2.2202,2.6773
2014-06-12,0.4415,1.6602,1.9411,2.1657,2.6168
2014-06-13,0.4753,1.6973,1.9738,2.1942,2.6348
2014-06-16,0.4912,1.7118,1.9833,2.1996,2.6348
2014-06-17,0.5167,1.7642,2.0386,2.2560,2.6893
2014-06-18,0.5041,1.7162,1.9873,2.2043,2.6436
2014-06-19,0.4906,1.7074,1.9869,2.2120,2.6702
2014-06-20,0.5021,1.7141,1.9902,2.2116,2.6596
2014-06-23,0.5018,1.7196,1.9936,2.2132,2.6588
2014-06-24,0.4958,1.6983,1.9676,2.1839,2.6244
2014-06-25,0.4716,1.6771,1.9453,2.1606,2.6000
2014-06-26,0.4583,1.6416,1.9093,2.1243,2.5627
2014-06-27,0.4534,1.6384,1.9092,2.1274,2.5733
2014-06-30,0.4540,1.6286,1.8997,2.1180,2.5624
2014-07-01,0.4687,1.6612,1.9358,2.1574,2.6094
2014-07-02,0.4974,1.7102,1.9866,2.2098,2.6666
2014-07-03,0.5265,1.7462,2.0176,2.2362,2.6834
2014-07-07,0.5296,1.7442,2.0087,2.2210,2.6562
2014-07-08,0.5205,1.7101,1.9668,2.1737,2.6020
2014-07-09,0.5182,1.6972,1.9546,2.1618,2.5898
2014-07-10,0.4839,1.6728,1.9337,2.1436,2.5766
2014-07-11,0.4816,1.6595,1.9179,2.1257,2.5547
2014-07-14,0.4924,1.6927,1.9512,2.1578,2.5824
2014-07-15,0.5095,1.7120,1.9664,2.1698,2.5889
2014-07-16,0.5286,1.7210,1.9707,2.1697,2.5791
2014-07-17,0.4931,1.6571,1.9018,2.0974,2.5028
2014-07-18,0.5229,1.6975,1.9396,2.1324,2.5307
2014-07-21,0.5362,1.7073,1.9445,2.1321,2.5175
2014-07-22,0.5206,1.6900,1.9298,2.1201,2.5116
2014-07-23,0.5129,1.6805,1.9205,2.1120,2.5088
2014-07-24,0.5372,1.7347,1.9749,2.1652,2.5566
2014-07-25,0.5345,1.7070,1.9412,2.1268,2.5098
2014-07-28,0.5471,1.7372,1.9726,2.1582,2.5381
2014-07-29,0.5443,1.7157,1.9456,2.1273,2.5015
2014-07-30,0.5714,1.7892,2.0290,2.2173,2.5996
2014-07-31,0.5481,1.7871,2.0332,2.2254,2.6106
2014-08-01,0.4919,1.7034,1.9532,2.1501,2.5490
2014-08-04,0.4953,1.6844,1.9337,2.1317,2.5377
2014-08-05,0.4923,1.6895,1.9369,2.1320,2.5285
2014-08-06,0.4909,1.6821,1.9289,2.1238,2.5199
2014-08-07,0.4720,1.6321,1.8759,2.0694,2.4670
2014-08-08,0.4986,1.6548,1.8947,2.0846,2.4744
2014-08-11,0.5050,1.6563,1.8967,2.0871,2.4775
2014-08-12,0.5053,1.6623,1.9062,2.1001,2.4989
2014-08-13,0.4852,1.6221,1.8670,2.0626,2.4663
2014-08-14,0.4771,1.6113,1.8524,2.0442,2.4380
2014-08-15,0.4813,1.5834,1.8150,1.9994,2.3809
2014-08-18,0.4910,1.6139,1.8503,2.0388,2.4290
2014-08-19,0.5031,1.6251,1.8625,2.0519,2.4433
2014-08-20,0.5426,1.6764,1.9080,2.0913,2.4680
2014-08-21,0.5367,1.6697,1.8982,2.0784,2.4484
2014-08-22,0.5592,1.6992,1.9212,2.0942,2.4443
2014-08-25,0.5697,1.7050,1.9200,2.0872,2.4277
2014-08-26,0.5608,1.6941,1.9122,2.0831,2.4348
2014-08-27,0.5579,1.6735,1.8886,2.0571,2.4028
2014-08-28,0.5374,1.6525,1.8672,2.0349,2.3769
2014-08-29,0.5263,1.6547,1.8737,2.0444,2.3904
2014-09-02,0.5644,1.7084,1.9324,2.1076,2.4638
2014-09-03,0.5598,1.7091,1.9325,2.1060,2.4554
2014-09-04,0.5683,1.7343,1.9604,2.1369,2.4955
2014-09-05,0.5506,1.7212,1.9518,2.1331,2.5047
2014-09-08,0.5750,1.7478,1.9751,2.1535,2.5182
2014-09-09,0.5973,1.7873,2.0100,2.1833,2.5353
2014-09-10,0.6114,1.8101,2.0362,2.2128,2.5718
2014-09-11,0.6042,1.8155,2.0441,2.2218,2.5798
2014-09-12,0.6141,1.8536,2.0935,2.2805,2.6557
2014-09-15,0.6049,1.8284,2.0691,2.2570,2.6347
2014-09-16,0.5845,1.8133,2.0574,2.2496,2.6393
2014-09-17,0.6163,1.8487,2.0892,2.2778,2.6604
2014-09-18,0.6286,1.8836,2.1235,2.3088,2.6767
2014-09-19,0.6309,1.8659,2.0981,2.2767,2.6292
2014-09-22,0.6042,1.8317,2.0646,2.2457,2.6088
2014-09-23,0.6014,1.8131,2.0429,2.2213,2.5794
2014-09-24,0.6134,1.8435,2.0755,2.2550,2.6128
2014-09-25,0.5831,1.7905,2.0197,2.1977,2.5539
2014-09-26,0.6187,1.8368,2.0619,2.2357,2.5814
2014-09-29,0.6071,1.8043,2.0273,2.1991,2.5407
2014-09-30,0.6162,1.8110,2.0359,2.2099,2.5577
2014-10-01,0.5627,1.7217,1.9406,2.1109,2.4553
2014-10-02,0.5764,1.7374,1.9600,2.1335,2.4835
2014-10-03,0.6127,1.7712,1.9859,2.1521,2.4859
2014-10-06,0.5825,1.7362,1.9549,2.1251,2.4691
2014-10-07,0.5560,1.6781,1.8918,2.0590,2.3999
2014-10-08,0.4980,1.6138,1.8416,2.0213,2.3867
2014-10-09,0.5030,1.6162,1.8416,2.0188,2.3787
2014-10-10,0.4915,1.5967,1.8206,1.9962,2.3509
2014-10-14,0.4262,1.4947,1.7170,1.8927,2.2512
2014-10-15,0.3858,1.4131,1.6405,1.8222,2.1962
2014-10-16,0.4005,1.4349,1.6612,1.8420,2.2151
2014-10-17,0.4417,1.4847,1.7113,1.8920,2.2624
2014-10-20,0.4118,1.4568,1.6850,1.8667,2.2384
2014-10-21,0.4201,1.4771,1.7115,1.8980,2.2761
2014-10-22,0.4366,1.4994,1.7327,1.9177,2.2916
2014-10-23,0.4563,1.5495,1.7844,1.9692,2.3384
2014-10-24,0.4529,1.5477,1.7829,1.9677,2.3356
2014-10-27,0.4434,1.5368,1.7713,1.9553,2.3218
2014-10-28,0.4592,1.5582,1.7952,1.9816,2.3538
2014-10-29,0.5264,1.6451,1.8700,2.0440,2.3865
2014-10-30,0.5132,1.6210,1.8478,2.0239,2.3711
2014-10-31,0.5380,1.6555,1.8817,2.0573,2.4045
2014-11-03,0.5528,1.6720,1.8947,2.0671,2.4080
2014-11-04,0.5506,1.6664,1.8866,2.0569,2.3935
2014-11-05,0.5606,1.6702,1.8904,2.0616,2.4026
2014-11-06,0.5808,1.7035,1.9244,2.0960,2.4381
2014-11-07,0.5391,1.6297,1.8466,2.0165,2.3612
2014-11-10,0.5832,1.6830,1.9011,2.0718,2.4169
2014-11-12,0.5777,1.6824,1.9002,2.0701,2.4123
2014-11-13,0.5621,1.6650,1.8867,2.0591,2.4024
2014-11-14,0.5574,1.6426,1.8613,2.0322,2.3746
2014-11-17,0.5580,1.6617,1.8828,2.0543,2.3946
2014-11-18,0.5531,1.6496,1.8685,2.0388,2.3792
2014-11-19,0.5704,1.6834,1.9047,2.0760,2.4144
2014-11-20,0.5480,1.6621,1.8831,2.0537,2.3902
2014-11-21,0.5432,1.6485,1.8687,2.0382,2.3687
2014-11-24,0.5417,1.6370,1.8546,2.0229,2.3561
2014-11-25,0.5330,1.6070,1.8194,1.9838,2.3113
2014-11-26,0.5301,1.5869,1.7976,1.9613,2.2889
2014-11-28,0.4949,1.5270,1.7345,1.8967,2.2255
2014-12-01,0.5108,1.5580,1.7684,1.9337,2.2707
2014-12-02,0.5565,1.6221,1.8330,1.9979,2.3324
2014-12-03,0.5750,1.6406,1.8486,2.0100,2.3334
2014-12-04,0.5613,1.6160,1.8205,1.9782,2.2911
2014-12-05,0.6625,1.7159,1.9075,2.0542,2.3460
2014-12-08,0.6633,1.7007,1.8829,2.0206,2.2920
2014-12-09,0.6511,1.6546,1.8373,1.9759,2.2495
2014-12-10,0.6119,1.6046,1.7891,1.9289,2.2026
2014-12-11,0.6494,1.6476,1.8286,1.9638,2.2217
2014-12-12,0.5925,1.5565,1.7360,1.8709,2.1296
2014-12-15,0.6346,1.6084,1.7809,1.9091,2.1529
2014-12-16,0.6145,1.5584,1.7292,1.8564,2.0988
2014-12-17,0.6654,1.6404,1.8133,1.9405,2.1760
2014-12-18,0.6925,1.7007,1.8803,2.0121,2.2535
2014-12-19,0.7044,1.6859,1.8575,1.9828,2.2110
2014-12-22,0.7263,1.6938,1.8624,1.9850,2.2067
2014-12-23,0.7651,1.7671,1.9407,2.0677,2.3000
2014-12-24,0.7686,1.7832,1.9563,2.0809,2.3016
2014-12-26,0.7727,1.7780,1.9463,2.0679,2.2875
2014-12-29,0.7416,1.7347,1.9042,2.0275,2.2518
2014-12-30,0.7218,1.7067,1.8773,2.0021,2.2302
2014-12-31,0.7059,1.6772,1.8504,1.9777,2.2097
2015-01-02,0.7021,1.6387,1.8050,1.9275,2.1516
2015-01-05,0.7061,1.5909,1.7436,1.8560,2.0656
2015-01-06,0.6767,1.5247,1.6752,1.7874,1.9992
2015-01-07,0.6588,1.5053,1.6579,1.7726,1.9930
2015-01-08,0.6394,1.5333,1.6944,1.8166,2.0559
2015-01-09,0.6160,1.4785,1.6382,1.7617,2.0102
2015-01-12,0.5816,1.4175,1.5738,1.6963,1.9490
2015-01-13,0.5679,1.3967,1.5548,1.6800,1.9426
2015-01-14,0.5300,1.3484,1.5086,1.6349,1.8969
2015-01-15,0.4598,1.2439,1.4088,1.5403,1.8133
2015-01-16,0.5118,1.3227,1.4842,1.6114,1.8738
2015-01-20,0.5428,1.3445,1.4980,1.6184,1.8668
2015-01-21,0.5530,1.3849,1.5449,1.6690,1.9185
2015-01-22,0.5658,1.4175,1.5747,1.6959,1.9400
2015-01-23,0.5409,1.3573,1.5073,1.6230,1.8590
2015-01-26,0.5604,1.3802,1.5295,1.6451,1.8814
2015-01-27,0.5520,1.3647,1.5153,1.6331,1.8781
2015-01-28,0.5091,1.2745,1.4204,1.5362,1.7811
2015-01-29,0.5220,1.3138,1.4627,1.5819,1.8351
2015-01-30,0.4885,1.2142,1.3632,1.4850,1.7475
2015-02-02,0.4961,1.2187,1.3682,1.4914,1.7591
2015-02-03,0.5387,1.3125,1.4659,1.5899,1.8556
2015-02-04,0.5419,1.3234,1.4762,1.5988,1.8608
2015-02-05,0.5549,1.3367,1.4919,1.6166,1.8823
2015-02-06,0.6869,1.5109,1.6554,1.7670,1.9966
2015-02-09,0.6834,1.5214,1.6650,1.7753,2.0029
2015-02-10,0.6943,1.5530,1.7000,1.8135,2.0486
2015-02-11,0.6976,1.5607,1.7079,1.8209,2.0526
2015-02-12,0.6608,1.5314,1.6846,1.8031,2.0469
2015-02-13,0.6775,1.5539,1.7111,1.8339,2.0894
2015-02-17,0.7180,1.6535,1.8201,1.9484,2.2072
2015-02-18,0.6480,1.5564,1.7267,1.8607,2.1385
2015-02-19,0.6808,1.6087,1.7814,1.9152,2.1855
2015-02-20,0.7034,1.6339,1.8053,1.9370,2.1993
2015-02-23,0.6719,1.5806,1.7469,1.8757,2.1363
2015-02-24,0.6259,1.4970,1.6637,1.7949,2.0650
2015-02-25,0.6354,1.4900,1.6497,1.7752,2.0355
2015-02-26,0.6821,1.5668,1.7265,1.8482,2.0892
2015-02-27,0.6613,1.5329,1.6928,1.8161,2.0649
2015-03-02,0.6930,1.5980,1.7632,1.8899,2.1418
2015-03-03,0.7123,1.6375,1.8037,1.9306,2.1822
2015-03-04,0.6993,1.6249,1.7938,1.9227,2.1777
2015-03-05,0.6793,1.5969,1.7673,1.8986,2.1615
2015-03-06,0.7677,1.7235,1.8965,2.0295,2.2958
2015-03-09,0.7409,1.6816,1.8527,1.9843,2.2480
2015-03-10,0.7235,1.6359,1.8035,1.9324,2.1899
2015-03-11,0.7224,1.6251,1.7895,1.9150,2.1630
2015-03-12,0.7014,1.6016,1.7708,1.9007,2.1568
2015-03-13,0.7043,1.6192,1.7906,1.9213,2.1760
2015-03-16,0.7019,1.5965,1.7660,1.8959,2.1507
2015-03-17,0.7179,1.5815,1.7423,1.8653,2.1080
2015-03-18,0.6025,1.4293,1.5958,1.7259,1.9887
2015-03-19,0.6652,1.5003,1.6610,1.7852,2.0326
2015-03-20,0.6348,1.4407,1.6017,1.7276,1.9821
2015-03-23,0.6256,1.4193,1.5813,1.7093,1.9717
2015-03-24,0.6105,1.3880,1.5475,1.6734,1.9302
2015-03-25,0.6244,1.4319,1.5943,1.7211,1.9756
2015-03-26,0.6501,1.4945,1.6660,1.7995,2.0641
2015-03-27,0.6140,1.4431,1.6131,1.7447,2.0013
2015-03-30,0.6175,1.4385,1.6097,1.7444,2.0143
2015-03-31,0.5823,1.4027,1.5759,1.7123,1.9869
2015-04-01,0.5679,1.3518,1.5196,1.6521,1.9191
2015-04-02,0.5713,1.3778,1.5507,1.6876,1.9639
2015-04-03,0.5154,1.2915,1.4643,1.6035,1.8931
2015-04-06,0.5362,1.3453,1.5243,1.6677,1.9624
2015-04-07,0.5496,1.3503,1.5236,1.6611,1.9400
2015-04-08,0.5659,1.3715,1.5441,1.6811,1.9576
2015-04-09,0.5815,1.4202,1.5966,1.7355,2.0145
2015-04-10,0.5954,1.4291,1.6015,1.7364,2.0060
2015-04-13,0.5792,1.4022,1.5772,1.7156,1.9952
2015-04-14,0.5603,1.3645,1.5380,1.6758,1.9553
2015-04-15,0.5467,1.3493,1.5259,1.6672,1.9555
2015-04-16,0.5297,1.3238,1.5025,1.6469,1.9471
2015-04-17,0.5492,1.3263,1.4972,1.6345,1.9177
2015-04-20,0.5701,1.3459,1.5171,1.6556,1.9461
2015-04-21,0.5743,1.3664,1.5408,1.6818,1.9752
2015-04-22,0.5994,1.4259,1.6051,1.7492,2.0486
2015-04-23,0.5779,1.3864,1.5644,1.7083,2.0089
2015-04-24,0.5648,1.3575,1.5361,1.6809,1.9841
2015-04-27,0.5685,1.3741,1.5500,1.6913,1.9863
2015-04-28,0.5878,1.4214,1.6025,1.7475,2.0479
2015-04-29,0.5970,1.4603,1.6493,1.8008,2.1126
2015-04-30,0.6058,1.4580,1.6447,1.7944,2.1024
2015-05-01,0.6348,1.5308,1.7216,1.8732,2.1816
2015-05-04,0.6398,1.5363,1.7330,1.8910,2.2160
2015-05-05,0.6570,1.5717,1.7659,1.9207,2.2375
2015-05-06,0.6780,1.6086,1.8090,1.9693,2.2985
2015-05-07,0.6688,1.5766,1.7678,1.9201,2.2332
2015-05-08,0.6225,1.5247,1.7230,1.8824,2.2115
2015-05-11,0.6602,1.6188,1.8268,1.9923,2.3294
2015-05-12,0.6541,1.6094,1.8197,1.9877,2.3284
2015-05-13,0.6255,1.5976,1.8165,1.9922,2.3488
2015-05-14,0.5824,1.5421,1.7617,1.9387,2.3010
2015-05-15,0.5853,1.4922,1.6989,1.8664,2.2143
2015-05-18,0.6228,1.5639,1.7755,1.9464,2.2992
2015-05-19,0.6654,1.6244,1.8333,2.0004,2.3426
2015-05-20,0.6428,1.5885,1.8003,1.9715,2.3269
2015-05-21,0.6255,1.5436,1.7469,1.9112,2.2555
2015-05-22,0.6715,1.5948,1.7940,1.9539,2.2857
2015-05-26,0.6640,1.5482,1.7372,1.8890,2.2059
2015-05-27,0.6700,1.5549,1.7425,1.8924,2.2029
2015-05-28,0.6437,1.5330,1.7262,1.8814,2.2033
2015-05-29,0.6310,1.5104,1.7052,1.8624,2.1891
2015-06-01,0.6691,1.5730,1.7694,1.9273,2.2531
2015-06-02,0.6774,1.6327,1.8394,2.0039,2.3360
2015-06-03,0.7013,1.7181,1.9374,2.1097,2.4478
2015-06-04,0.6858,1.6667,1.8785,2.0450,2.3715
2015-06-05,0.7464,1.7700,1.9841,2.1500,2.4685
2015-06-08,0.7143,1.7392,1.9573,2.1269,2.4532
2015-06-09,0.7350,1.7633,1.9827,2.1536,2.4813
2015-06-10,0.7649,1.8196,2.0438,2.2180,2.5487
2015-06-11,0.7498,1.7540,1.9669,2.1321,2.4466
2015-06-12,0.7616,1.7659,1.9772,2.1403,2.4482
2015-06-15,0.7371,1.7290,1.9397,2.1035,2.4178
2015-06-16,0.7305,1.6960,1.9027,2.0646,2.3785
2015-06-17,0.6888,1.6513,1.8667,2.0374,2.3748
2015-06-18,0.6810,1.6721,1.8926,2.0667,2.4075
2015-06-19,0.6572,1.6063,1.8182,1.9862,2.3178
2015-06-22,0.7043,1.6982,1.9171,2.0899,2.4275
2015-06-23,0.7183,1.7304,1.9537,2.1295,2.4713
2015-06-24,0.7063,1.7099,1.9308,2.1046,2.4411
2015-06-25,0.7057,1.7264,1.9482,2.1218,2.4564
2015-06-26,0.7310,1.7808,2.0110,2.1920,2.5427
2015-06-29,0.6527,1.6487,1.8709,2.0460,2.3873
2015-06-30,0.6630,1.6600,1.8833,2.0596,2.4040
2015-07-01,0.7125,1.7328,1.9583,2.1370,2.4875
2015-07-02,0.6583,1.6738,1.9051,2.0891,2.4516
2015-07-06,0.6167,1.5953,1.8202,1.9988,2.3482
2015-07-07,0.6118,1.5806,1.8020,1.9768,2.3158
2015-07-08,0.5754,1.5314,1.7510,1.9245,2.2619
2015-07-09,0.6107,1.6078,1.8357,2.0159,2.3655
2015-07-10,0.6837,1.7055,1.9362,2.1181,2.4692
2015-07-13,0.6973,1.7229,1.9541,2.1369,2.4899
2015-07-14,0.6644,1.6819,1.9129,2.0961,2.4536
2015-07-15,0.6476,1.6422,1.8675,2.0457,2.3924
2015-07-16,0.6773,1.6714,1.8906,2.0624,2.3914
2015-07-17,0.6909,1.6859,1.9025,2.0706,2.3869
2015-07-20,0.7254,1.7238,1.9365,2.1007,2.4071
2015-07-21,0.7180,1.6887,1.9011,2.0663,2.3763
2015-07-22,0.7398,1.6905,1.8952,2.0541,2.3518
2015-07-23,0.7213,1.6541,1.8529,2.0066,2.2943
2015-07-24,0.7124,1.6437,1.8448,2.0012,2.2952
2015-07-27,0.6756,1.5901,1.7917,1.9499,2.2533
2015-07-28,0.6954,1.6141,1.8169,1.9765,2.2823
2015-07-29,0.7115,1.6391,1.8434,2.0041,2.3125
2015-07-30,0.7293,1.6479,1.8467,2.0018,2.2963
2015-07-31,0.6785,1.5702,1.7688,1.9253,2.2284
2015-08-03,0.6750,1.5423,1.7350,1.8866,2.1797
2015-08-04,0.7433,1.6295,1.8182,1.9646,2.2430
2015-08-05,0.7505,1.6743,1.8682,2.0166,2.2928
2015-08-06,0.7285,1.6411,1.8320,1.9783,2.2506
2015-08-07,0.7524,1.6163,1.7970,1.9355,2.1935
2015-08-10,0.7525,1.6483,1.8372,1.9823,2.2530
2015-08-11,0.7023,1.5628,1.7486,1.8927,2.1655
2015-08-12,0.6913,1.5478,1.7373,1.8856,2.1699
2015-08-13,0.7461,1.6062,1.7943,1.9410,2.2173
2015-08-14,0.7678,1.6287,1.8149,1.9594,2.2294
2015-08-17,0.7481,1.5980,1.7821,1.9254,2.1970
2015-08-18,0.7598,1.6201,1.8092,1.9575,2.2405
2015-08-19,0.7001,1.5235,1.7119,1.8617,2.1546
2015-08-20,0.7231,1.5221,1.7028,1.8463,2.1270
2015-08-21,0.6810,1.4680,1.6505,1.7980,2.0947
2015-08-24,0.6352,1.4161,1.6024,1.7542,2.0643
2015-08-25,0.6993,1.5117,1.7053,1.8629,2.1822
2015-08-26,0.6994,1.5345,1.7372,1.9044,2.2506
2015-08-27,0.7104,1.5434,1.7443,1.9091,2.2460
2015-08-28,0.7520,1.5760,1.7677,1.9244,2.2460
2015-08-31,0.7696,1.5996,1.7894,1.9438,2.2626
2015-09-01,0.7386,1.5546,1.7434,1.8980,2.2214
2015-09-02,0.7441,1.5792,1.7696,1.9248,2.2498
2015-09-03,0.7258,1.5545,1.7453,1.9008,2.2264
2015-09-04,0.7234,1.5277,1.7127,1.8633,2.1792
2015-09-08,0.7559,1.5854,1.7711,1.9224,2.2439
2015-09-09,0.7623,1.5823,1.7674,1.9184,2.2374
2015-09-10,0.7560,1.5966,1.7891,1.9453,2.2687
2015-09-11,0.7323,1.5592,1.7533,1.9111,2.2379
2015-09-14,0.7508,1.5482,1.7399,1.8974,2.2260
2015-09-15,0.8295,1.6430,1.8364,1.9959,2.3289
2015-09-16,0.8380,1.6529,1.8482,2.0098,2.3486
2015-09-17,0.7213,1.5371,1.7393,1.9067,2.2586
2015-09-18,0.7035,1.4859,1.6778,1.8384,2.1806
2015-09-21,0.7438,1.5427,1.7357,1.8986,2.2507
2015-09-22,0.7112,1.4844,1.6737,1.8341,2.1836
2015-09-23,0.7172,1.5031,1.6927,1.8528,2.1991
2015-09-24,0.6982,1.4841,1.6734,1.8321,2.1702
2015-09-25,0.7119,1.5161,1.7084,1.8689,2.2089
2015-09-28,0.6923,1.4627,1.6494,1.8049,2.1322
2015-09-29,0.6551,1.4077,1.5938,1.7499,2.0832
2015-09-30,0.6530,1.4093,1.5964,1.7543,2.0954
2015-10-01,0.6607,1.4099,1.5950,1.7509,2.0854
2015-10-02,0.5925,1.3328,1.5212,1.6812,2.0278
2015-10-05,0.6230,1.3888,1.5839,1.7485,2.1004
2015-10-06,0.6267,1.3808,1.5720,1.7336,2.0814
2015-10-07,0.6449,1.4126,1.6014,1.7610,2.1053
2015-10-08,0.6569,1.4389,1.6332,1.7968,2.1475
2015-10-09,0.6749,1.4568,1.6480,1.8076,2.1465
2015-10-13,0.6445,1.3997,1.5868,1.7451,2.0877
2015-10-14,0.5801,1.3241,1.5152,1.6764,2.0209
2015-10-15,0.6229,1.3800,1.5692,1.7282,2.0675
2015-10-16,0.6372,1.3953,1.5837,1.7413,2.0743
2015-10-19,0.6237,1.3925,1.5842,1.7443,2.0819
2015-10-20,0.6553,1.4379,1.6296,1.7893,2.1261
2015-10-21,0.6501,1.4088,1.5956,1.7520,2.0835
2015-10-22,0.6251,1.4050,1.5971,1.7552,2.0844
2015-10-23,0.6701,1.4654,1.6562,1.8135,2.1412
2015-10-26,0.6665,1.4470,1.6353,1.7904,2.1124
2015-10-27,0.6476,1.4153,1.6050,1.7623,2.0913
2015-10-28,0.7328,1.5067,1.6891,1.8386,2.1460
2015-10-29,0.7527,1.5701,1.7598,1.9139,2.2281
2015-10-30,0.7625,1.5637,1.7485,1.8979,2.2011
2015-11-02,0.7892,1.6072,1.7929,1.9419,2.2412
2015-11-03,0.8090,1.6350,1.8226,1.9732,2.2775
2015-11-04,0.8565,1.6803,1.8596,2.0021,2.2894
2015-11-05,0.8607,1.6858,1.8660,2.0100,2.3018
2015-11-06,0.9194,1.7747,1.9577,2.1019,2.3885
2015-11-09,0.9272,1.7910,1.9756,2.1209,2.4096
2015-11-10,0.9053,1.7594,1.9474,2.0959,2.3896
2015-11-12,0.9194,1.7676,1.9553,2.1037,2.3942
2015-11-13,0.8925,1.7164,1.9043,2.0548,2.3546
2015-11-16,0.8864,1.6958,1.8831,2.0347,2.3418
2015-11-17,0.8863,1.6912,1.8759,2.0242,2.3218
2015-11-18,0.9150,1.7215,1.9029,2.0483,2.3399
2015-11-19,0.9231,1.7058,1.8824,2.0250,2.3133
2015-11-20,0.9486,1.7221,1.8978,2.0405,2.3307
2015-11-23,0.9587,1.7182,1.8884,2.0273,2.3137
2015-11-24,0.9509,1.6971,1.8684,2.0088,2.2987
2015-11-25,0.9587,1.7017,1.8724,2.0113,2.2960
2015-11-27,0.9502,1.6853,1.8562,1.9962,2.2864
2015-11-30,0.9635,1.6895,1.8587,1.9966,2.2788
2015-12-01,0.9356,1.6345,1.8002,1.9359,2.2145
2015-12-02,0.9693,1.6741,1.8381,1.9715,2.2411
2015-12-03,0.9956,1.7802,1.9625,2.1082,2.3923
2015-12-04,0.9796,1.7516,1.9291,2.0698,2.3408
2015-12-07,0.9756,1.7168,1.8896,2.0261,2.2877
2015-12-08,0.9939,1.7143,1.8870,2.0254,2.2953
2015-12-09,0.9748,1.6792,1.8535,1.9947,2.2730
2015-12-10,0.9981,1.7160,1.8879,2.0263,2.2964
2015-12-11,0.9364,1.6020,1.7714,1.9105,2.1890
2015-12-14,1.0099,1.7029,1.8742,2.0140,2.2905
2015-12-15,1.0325,1.7488,1.9200,2.0591,2.3335
2015-12-16,1.0752,1.7985,1.9652,2.0997,2.3639
2015-12-17,1.0634,1.7624,1.9201,2.0464,2.2936
2015-12-18,1.0218,1.7158,1.8746,2.0020,2.2521
2015-12-21,1.0232,1.7078,1.8673,1.9965,2.2545
2015-12-22,1.0475,1.7514,1.9104,2.0391,2.2984
2015-12-23,1.0582,1.7733,1.9354,2.0669,2.3327
2015-12-24,1.0709,1.7662,1.9238,2.0517,2.3097
2015-12-28,1.0761,1.7651,1.9206,2.0465,2.2991
2015-12-29,1.1134,1.8359,1.9950,2.1228,2.3789
2015-12-30,1.0969,1.8241,1.9851,2.1149,2.3760
2015-12-31,1.0765,1.7871,1.9496,2.0807,2.3436
2016-01-04,1.0650,1.7571,1.9166,2.0459,2.3079
2016-01-05,1.0803,1.7560,1.9134,2.0434,2.3169
2016-01-06,1.0416,1.6836,1.8375,1.9665,2.2427
2016-01-07,1.0157,1.6418,1.7972,1.9291,2.2161
2016-01-08,1.0036,1.6055,1.7614,1.8953,2.1896
2016-01-11,0.9908,1.6204,1.7833,1.9228,2.2272
2016-01-12,0.9815,1.5813,1.7389,1.8743,2.1698
2016-01-13,0.9590,1.5432,1.6974,1.8307,2.1250
2016-01-14,0.9415,1.5553,1.7157,1.8539,2.1574
2016-01-15,0.8944,1.4911,1.6496,1.7866,2.0886
2016-01-19,0.9128,1.5207,1.6773,1.8120,2.1086
2016-01-20,0.8749,1.4688,1.6237,1.7580,2.0584
2016-01-21,0.8763,1.4719,1.6303,1.7679,2.0736
2016-01-22,0.9044,1.5218,1.6800,1.8160,2.1151
2016-01-25,0.8996,1.4950,1.6480,1.7801,2.0744
2016-01-26,0.8826,1.4715,1.6277,1.7627,2.0616
2016-01-27,0.8795,1.4651,1.6221,1.7588,2.0637
2016-01-28,0.8599,1.4397,1.5976,1.7356,2.0455
2016-01-29,0.8060,1.3692,1.5305,1.6721,1.9890
2016-02-01,0.8443,1.4181,1.5783,1.7173,2.0236
2016-02-02,0.7758,1.3174,1.4754,1.6136,1.9198
2016-02-03,0.7561,1.3081,1.4709,1.6141,1.9341
2016-02-04,0.7490,1.2920,1.4554,1.5997,1.9230
2016-02-05,0.7652,1.2927,1.4494,1.5885,1.9047
2016-02-08,0.7023,1.1993,1.3529,1.4893,1.7971
2016-02-09,0.7209,1.2036,1.3489,1.4801,1.7883
2016-02-10,0.7267,1.1966,1.3404,1.4694,1.7669
2016-02-11,0.6771,1.1458,1.2851,1.4093,1.6952
2016-02-12,0.7368,1.2429,1.3870,1.5144,1.8036
2016-02-16,0.7569,1.2693,1.4140,1.5423,1.8363
2016-02-17,0.7721,1.3014,1.4488,1.5787,1.8746
2016-02-18,0.7313,1.2448,1.3935,1.5239,1.8150
2016-02-19,0.7674,1.2725,1.4152,1.5403,1.8212
2016-02-22,0.7788,1.2829,1.4258,1.5511,1.8325
2016-02-23,0.7591,1.2548,1.3995,1.5264,1.8097
2016-02-24,0.7614,1.2587,1.4027,1.5294,1.8150
2016-02-25,0.7267,1.2039,1.3489,1.4782,1.7735
2016-02-26,0.8021,1.2831,1.4227,1.5469,1.8326
2016-02-29,0.7908,1.2642,1.4051,1.5299,1.8145
2016-03-01,0.8506,1.3582,1.5021,1.6279,1.9100
2016-03-02,0.8608,1.3870,1.5316,1.6558,1.9252
2016-03-03,0.8506,1.3746,1.5166,1.6386,1.9046
2016-03-04,0.8891,1.4292,1.5721,1.6943,1.9596
2016-03-07,0.9201,1.4661,1.6043,1.7223,1.9805
2016-03-08,0.8818,1.3917,1.5250,1.6403,1.8974
2016-03-09,0.9038,1.4363,1.5749,1.6941,1.9553
2016-03-10,0.9375,1.4955,1.6321,1.7474,1.9950
2016-03-11,0.9725,1.5317,1.6704,1.7875,2.0390
2016-03-14,0.9700,1.5277,1.6639,1.7791,2.0284
2016-03-15,0.9748,1.5361,1.6707,1.7835,2.0240
2016-03-16,0.8823,1.4488,1.5983,1.7247,1.9928
2016-03-17,0.8731,1.4253,1.5709,1.6951,1.9618
2016-03-18,0.8438,1.3853,1.5318,1.6580,1.9331
2016-03-21,0.8713,1.4257,1.5709,1.6964,1.9756
2016-03-22,0.8963,1.4600,1.6046,1.7282,1.9975
2016-03-23,0.8593,1.3997,1.5420,1.6642,1.9303
2016-03-24,0.8786,1.4250,1.5675,1.6896,1.9556
2016-03-28,0.8723,1.4111,1.5499,1.6694,1.9333
2016-03-29,0.7878,1.3160,1.4592,1.5835,1.8593
2016-03-30,0.7622,1.2982,1.4517,1.5855,1.8815
2016-03-31,0.7336,1.2421,1.3938,1.5279,1.8294
2016-04-01,0.7682,1.2723,1.4180,1.5469,1.8399
2016-04-04,0.7521,1.2517,1.3960,1.5243,1.8190
2016-04-05,0.7312,1.2088,1.3500,1.4761,1.7667
2016-04-06,0.7508,1.2373,1.3793,1.5063,1.8011
2016-04-07,0.7080,1.1751,1.3154,1.4416,1.7368
2016-04-08,0.7089,1.1892,1.3314,1.4591,1.7574
2016-04-11,0.7128,1.1938,1.3362,1.4645,1.7654
2016-04-12,0.7490,1.2497,1.3949,1.5239,1.8206
2016-04-13,0.7528,1.2497,1.3892,1.5130,1.7996
2016-04-14,0.7664,1.2849,1.4239,1.5460,1.8264
2016-04-15,0.7342,1.2436,1.3845,1.5084,1.7901
2016-04-18,0.7375,1.2626,1.4039,1.5276,1.8095
2016-04-19,0.7600,1.2861,1.4266,1.5491,1.8274
2016-04-20,0.7915,1.3476,1.4882,1.6099,1.8865
2016-04-21,0.8053,1.3657,1.5061,1.6278,1.9062
2016-04-22,0.8162,1.3846,1.5281,1.6516,1.9283
2016-04-25,0.8275,1.3980,1.5423,1.6666,1.9452
2016-04-26,0.8491,1.4269,1.5715,1.6963,1.9779
2016-04-27,0.8277,1.3668,1.5058,1.6266,1.9032
2016-04-28,0.7756,1.3165,1.4607,1.5859,1.8699
2016-04-29,0.7656,1.3096,1.4566,1.5833,1.8654
2016-05-02,0.7905,1.3535,1.5029,1.6313,1.9160
2016-05-03,0.7527,1.2881,1.4332,1.5595,1.8447
2016-05-04,0.7377,1.2686,1.4142,1.5410,1.8268
2016-05-05,0.7162,1.2357,1.3792,1.5049,1.7905
2016-05-06,0.7390,1.2644,1.4091,1.5355,1.8194
2016-05-09,0.7157,1.2321,1.3781,1.5063,1.7967
2016-05-10,0.7260,1.2349,1.3796,1.5072,1.7973
2016-05-11,0.7312,1.2302,1.3705,1.4941,1.7764
2016-05-12,0.7590,1.2667,1.4053,1.5268,1.8033
2016-05-13,0.7556,1.2403,1.3727,1.4892,1.7584
2016-05-16,0.7870,1.2889,1.4213,1.5370,1.8026
2016-05-17,0.8221,1.3091,1.4364,1.5479,1.8062
2016-05-18,0.9042,1.4310,1.5591,1.6690,1.9184
2016-05-19,0.8893,1.4049,1.5348,1.6466,1.8979
2016-05-20,0.8917,1.3973,1.5269,1.6391,1.8925
2016-05-23,0.8963,1.3957,1.5237,1.6343,1.8839
2016-05-24,0.9142,1.4259,1.5555,1.6662,1.9110
2016-05-25,0.9139,1.4323,1.5627,1.6737,1.9188
2016-05-26,0.8759,1.3844,1.5168,1.6300,1.8798
2016-05-27,0.9120,1.4210,1.5497,1.6591,1.8997
2016-05-31,0.8834,1.4005,1.5349,1.6479,1.8889
2016-06-01,0.9080,1.4205,1.5500,1.6590,1.8928
2016-06-02,0.8940,1.3884,1.5149,1.6213,1.8486
2016-06-03,0.7907,1.2621,1.3920,1.5032,1.7461
2016-06-06,0.8069,1.2826,1.4124,1.5241,1.7703
2016-06-07,0.7950,1.2686,1.3975,1.5086,1.7552
2016-06-08,0.7808,1.2618,1.3912,1.5017,1.7423
2016-06-09,0.7755,1.2439,1.3707,1.4794,1.7169
2016-06-10,0.7464,1.2016,1.3279,1.4364,1.6738
2016-06-13,0.7252,1.1691,1.2968,1.4080,1.6555
2016-06-14,0.7357,1.1749,1.2999,1.4094,1.6558
2016-06-15,0.6934,1.1313,1.2599,1.3736,1.6323
2016-06-16,0.7004,1.1275,1.2512,1.3602,1.6074
2016-06-17,0.7076,1.1579,1.2870,1.3999,1.6520
2016-06-20,0.7411,1.1990,1.3295,1.4434,1.6973
2016-06-21,0.7618,1.2347,1.3653,1.4792,1.7341
2016-06-22,0.7473,1.2175,1.3479,1.4615,1.7163
2016-06-23,0.7769,1.2708,1.4050,1.5203,1.7731
2016-06-24,0.6530,1.1024,1.2342,1.3485,1.6008
2016-06-27,0.6080,1.0167,1.1404,1.2485,1.4897
2016-06-28,0.6142,1.0181,1.1381,1.2438,1.4839
2016-06-29,0.6328,1.0579,1.1804,1.2867,1.5231
2016-06-30,0.5956,1.0337,1.1619,1.2725,1.5151
2016-07-01,0.6079,1.0275,1.1501,1.2561,1.4879
2016-07-05,0.5737,0.9605,1.0766,1.1769,1.3965
2016-07-06,0.5943,0.9774,1.0896,1.1870,1.4035
2016-07-07,0.6043,0.9846,1.0990,1.1983,1.4160
2016-07-08,0.6262,0.9767,1.0826,1.1758,1.3861
2016-07-11,0.6698,1.0455,1.1519,1.2442,1.4484
2016-07-12,0.7018,1.1179,1.2321,1.3301,1.5422
2016-07-13,0.6925,1.0917,1.2012,1.2950,1.4981
2016-07-14,0.7017,1.1226,1.2391,1.3386,1.5533
2016-07-15,0.7332,1.1807,1.3002,1.4014,1.6163
2016-07-18,0.7220,1.1621,1.2830,1.3863,1.6080
2016-07-19,0.7155,1.1436,1.2605,1.3606,1.5788
2016-07-20,0.7360,1.1762,1.2927,1.3922,1.6095
2016-07-21,0.7039,1.1332,1.2534,1.3575,1.5869
2016-07-22,0.7269,1.1579,1.2757,1.3768,1.5977
2016-07-25,0.7519,1.1750,1.2870,1.3837,1.5997
2016-07-26,0.7585,1.1721,1.2844,1.3808,1.5920
2016-07-27,0.7301,1.1267,1.2360,1.3311,1.5435
2016-07-28,0.7207,1.1170,1.2275,1.3237,1.5381
2016-07-29,0.6643,1.0515,1.1651,1.2639,1.4820
2016-08-01,0.6822,1.0872,1.2034,1.3047,1.5303
2016-08-02,0.6828,1.1054,1.2265,1.3319,1.5663
2016-08-03,0.6780,1.0957,1.2173,1.3239,1.5631
2016-08-04,0.6584,1.0605,1.1814,1.2880,1.5277
2016-08-05,0.7370,1.1637,1.2815,1.3836,1.6101
2016-08-08,0.7400,1.1730,1.2905,1.3912,1.6109
2016-08-09,0.7250,1.1374,1.2517,1.3502,1.5662
2016-08-10,0.7018,1.0992,1.2135,1.3131,1.5346
2016-08-11,0.7655,1.1786,1.2910,1.3880,1.6023
2016-08-12,0.7275,1.1261,1.2392,1.3369,1.5527
2016-08-15,0.7419,1.1583,1.2728,1.3719,1.5930
2016-08-16,0.7671,1.1861,1.2991,1.3965,1.6142
2016-08-17,0.7530,1.1717,1.2837,1.3801,1.5957
2016-08-18,0.7223,1.1372,1.2514,1.3499,1.5701
2016-08-19,0.7695,1.1972,1.3097,1.4061,1.6199
2016-08-22,0.7617,1.1698,1.2792,1.3729,1.5809
2016-08-23,0.7622,1.1733,1.2808,1.3733,1.5809
2016-08-24,0.7736,1.1707,1.2777,1.3706,1.5815
2016-08-25,0.7935,1.1980,1.3024,1.3933,1.6028
2016-08-26,0.8447,1.2679,1.3695,1.4561,1.6533
2016-08-29,0.8152,1.2166,1.3162,1.4017,1.5965
2016-08-30,0.8135,1.2232,1.3236,1.4090,1.6017
2016-08-31,0.8144,1.2317,1.3350,1.4214,1.6099
2016-09-01,0.8049,1.2224,1.3273,1.4150,1.6046
2016-09-02,0.8130,1.2387,1.3462,1.4373,1.6386
2016-09-06,0.7537,1.1692,1.2804,1.3747,1.5810
2016-09-07,0.7574,1.1647,1.2729,1.3648,1.5677
2016-09-08,0.7949,1.2301,1.3431,1.4385,1.6480
2016-09-09,0.8156,1.2723,1.3914,1.4910,1.7074
2016-09-12,0.8017,1.2526,1.3733,1.4758,1.7022
2016-09-13,0.8307,1.3036,1.4281,1.5336,1.7649
2016-09-14,0.7940,1.2572,1.3843,1.4926,1.7319
2016-09-15,0.7729,1.2421,1.3752,1.4900,1.7466
2016-09-16,0.8093,1.2544,1.3783,1.4858,1.7300
2016-09-19,0.8109,1.2598,1.3830,1.4901,1.7348
2016-09-20,0.8152,1.2516,1.3739,1.4806,1.7248
2016-09-21,0.8232,1.2422,1.3570,1.4584,1.6968
2016-09-22,0.8159,1.2236,1.3320,1.4285,1.6610
2016-09-23,0.7961,1.2061,1.3179,1.4172,1.6543
2016-09-26,0.7776,1.1763,1.2879,1.3875,1.6260
2016-09-27,0.7719,1.1628,1.2700,1.3656,1.5954
2016-09-28,0.7740,1.1723,1.2814,1.3776,1.6044
2016-09-29,0.7571,1.1583,1.2700,1.3678,1.5948
2016-09-30,0.7834,1.1904,1.3029,1.4014,1.6311
2016-10-03,0.8155,1.2262,1.3376,1.4344,1.6581
2016-10-04,0.8448,1.2707,1.3853,1.4856,1.7186
2016-10-05,0.8653,1.3031,1.4182,1.5186,1.7522
2016-10-06,0.8846,1.3346,1.4516,1.5528,1.7847
2016-10-07,0.8737,1.3107,1.4251,1.5255,1.7628
2016-10-11,0.9037,1.3481,1.4629,1.5633,1.7993
2016-10-12,0.9053,1.3581,1.4731,1.5740,1.8131
2016-10-13,0.8836,1.3222,1.4371,1.5383,1.7778
2016-10-14,0.8760,1.3397,1.4610,1.5683,1.8247
2016-10-17,0.8534,1.3151,1.4362,1.5431,1.7976
2016-10-18,0.8427,1.2959,1.4170,1.5245,1.7817
2016-10-19,0.8455,1.2972,1.4211,1.5304,1.7872
2016-10-20,0.8554,1.3094,1.4285,1.5339,1.7848
2016-10-21,0.8647,1.3025,1.4184,1.5213,1.7682
2016-10-24,0.8682,1.3246,1.4424,1.5465,1.7954
2016-10-25,0.8769,1.3251,1.4406,1.5427,1.7875
2016-10-26,0.8873,1.3480,1.4674,1.5723,1.8202
2016-10-27,0.8998,1.3890,1.5136,1.6223,1.8767
2016-10-28,0.8740,1.3780,1.5086,1.6222,1.8840
2016-10-31,0.8715,1.3613,1.4930,1.6075,1.8682
2016-11-01,0.8512,1.3487,1.4831,1.5997,1.8644
2016-11-02,0.8349,1.3160,1.4477,1.5635,1.8325
2016-11-03,0.8343,1.3176,1.4527,1.5721,1.8505
2016-11-04,0.8147,1.2912,1.4246,1.5423,1.8168
2016-11-07,0.8431,1.3402,1.4755,1.5936,1.8648
2016-11-08,0.8897,1.3946,1.5287,1.6446,1.9069
2016-11-09,0.9387,1.5510,1.7062,1.8366,2.1193
2016-11-10,0.9646,1.6221,1.7849,1.9190,2.1980
2016-11-14,1.0339,1.7224,1.8836,2.0139,2.2800
2016-11-15,1.0518,1.7454,1.9049,2.0327,2.2898
2016-11-16,1.0457,1.7464,1.9046,2.0305,2.2806
2016-11-17,1.0749,1.7917,1.9555,2.0865,2.3481
2016-11-18,1.1091,1.8496,2.0158,2.1470,2.4001
2016-11-21,1.1112,1.8442,2.0077,2.1370,2.3884
2016-11-22,1.1128,1.8280,1.9908,2.1212,2.3794
2016-11-23,1.1616,1.8929,2.0519,2.1771,2.4200
2016-11-25,1.1559,1.8949,2.0557,2.1818,2.4231
2016-11-28,1.1351,1.8601,2.0183,2.1425,2.3832
2016-11-29,1.1216,1.8456,2.0041,2.1282,2.3668
2016-11-30,1.1440,1.8937,2.0584,2.1876,2.4353
2016-12-01,1.1800,1.9579,2.1282,2.2620,2.5190
2016-12-02,1.1435,1.9006,2.0721,2.2080,2.4714
2016-12-05,1.1571,1.9036,2.0705,2.2025,2.4576
2016-12-06,1.1452,1.8981,2.0674,2.2015,2.4616
2016-12-07,1.1288,1.8542,2.0209,2.1542,2.4165
2016-12-08,1.1396,1.8882,2.0628,2.2030,2.4799
2016-12-09,1.1638,1.9459,2.1257,2.2690,2.5479
2016-12-12,1.1728,1.9427,2.1241,2.2693,2.5510
2016-12-13,1.1988,1.9575,2.1321,2.2719,2.5450
2016-12-14,1.2979,2.0583,2.2231,2.3532,2.6018
2016-12-15,1.3170,2.1311,2.2990,2.4278,2.6611
2016-12-16,1.3021,2.1126,2.2836,2.4164,2.6627
2016-12-19,1.2715,2.0640,2.2312,2.3611,2.6026
2016-12-20,1.2733,2.0862,2.2560,2.3878,2.6329
2016-12-21,1.2561,2.0674,2.2372,2.3683,2.6095
2016-12-22,1.2527,2.0739,2.2446,2.3758,2.6155
2016-12-23,1.2607,2.0710,2.2399,2.3702,2.6100
2016-12-27,1.2902,2.0954,2.2632,2.3926,2.6319
2016-12-28,1.2599,2.0445,2.2102,2.3389,2.5782
2016-12-29,1.2176,1.9951,2.1644,2.2971,2.5486
2016-12-30,1.2031,1.9682,2.1346,2.2648,2.5119
2017-01-03,1.2238,1.9727,2.1348,2.2618,2.5043
2017-01-04,1.2400,1.9778,2.1369,2.2632,2.5092
2017-01-05,1.1867,1.9020,2.0576,2.1814,2.4235
2017-01-06,1.2335,1.9632,2.1147,2.2339,2.4655
2017-01-09,1.2067,1.9226,2.0731,2.1916,2.4223
2017-01-10,1.2100,1.9224,2.0714,2.1899,2.4244
2017-01-11,1.2050,1.9192,2.0693,2.1874,2.4158
2017-01-12,1.1960,1.9027,2.0519,2.1702,2.4040
2017-01-13,1.2194,1.9395,2.0894,2.2072,2.4372
2017-01-17,1.1721,1.8707,2.0196,2.1379,2.3728
2017-01-18,1.2364,1.9676,2.1173,2.2345,2.4625
2017-01-19,1.2517,2.0060,2.1609,2.2820,2.5140
2017-01-20,1.2167,1.9912,2.1535,2.2799,2.5201
2017-01-23,1.1607,1.9134,2.0736,2.2000,2.4458
2017-01-24,1.2104,1.9771,2.1384,2.2652,2.5099
2017-01-25,1.2292,2.0278,2.1924,2.3208,2.5668
2017-01-26,1.2105,1.9982,2.1665,2.2989,2.5525
2017-01-27,1.2079,1.9867,2.1526,2.2824,2.5309
2017-01-30,1.2047,1.9838,2.1505,2.2814,2.5332
2017-01-31,1.1996,1.9486,2.1107,2.2393,2.4912
2017-02-01,1.2196,1.9820,2.1436,2.2710,2.5186
2017-02-02,1.2022,1.9701,2.1329,2.2614,2.5121
2017-02-03,1.2148,1.9724,2.1360,2.2663,2.5237
2017-02-06,1.1634,1.9017,2.0640,2.1939,2.4520
2017-02-07,1.1693,1.8881,2.0452,2.1712,2.4239
2017-02-08,1.1554,1.8579,2.0127,2.1363,2.3812
2017-02-09,1.1948,1.9202,2.0778,2.2033,2.4503
2017-02-10,1.2050,1.9331,2.0891,2.2135,2.4595
2017-02-13,1.2133,1.9520,2.1103,2.2356,2.4802
2017-02-14,1.2579,2.0107,2.1671,2.2894,2.5252
2017-02-15,1.2861,2.0455,2.2012,2.3228,2.5576
2017-02-16,1.2377,1.9804,2.1366,2.2599,2.5022
2017-02-17,1.2191,1.9520,2.1079,2.2310,2.4737
2017-02-21,1.2284,1.9559,2.1119,2.2352,2.4777
2017-02-22,1.2223,1.9516,2.1058,2.2277,2.4691
2017-02-23,1.1930,1.9091,2.0640,2.1867,2.4307
2017-02-24,1.1504,1.8456,1.9970,2.1178,2.3618
2017-02-27,1.2138,1.9101,2.0587,2.1768,2.4133
2017-02-28,1.2380,1.9326,2.0756,2.1877,2.4086
2017-03-01,1.3023,2.0328,2.1785,2.2908,2.5083
2017-03-02,1.3386,2.0728,2.2179,2.3287,2.5413
2017-03-03,1.3273,2.0610,2.2077,2.3202,2.5350
2017-03-06,1.3280,2.0608,2.2084,2.3218,2.5393
2017-03-07,1.3334,2.0663,2.2133,2.3254,2.5390
2017-03-08,1.3799,2.1251,2.2739,2.3868,2.5996
2017-03-09,1.3988,2.1607,2.3136,2.4296,2.6473
2017-03-10,1.3865,2.1388,2.2903,2.4063,2.6287
2017-03-13,1.4077,2.1690,2.3224,2.4391,2.6610
2017-03-14,1.4038,2.1600,2.3109,2.4252,2.6412
2017-03-15,1.3410,2.0551,2.2040,2.3194,2.5466
2017-03-16,1.3577,2.0781,2.2276,2.3435,2.5715
2017-03-17,1.3497,2.0557,2.2029,2.3176,2.5435
2017-03-20,1.3221,2.0246,2.1723,2.2869,2.5115
2017-03-21,1.2921,1.9865,2.1335,2.2476,2.4713
2017-03-22,1.2831,1.9690,2.1141,2.2269,2.4471
2017-03-23,1.2778,1.9722,2.1196,2.2337,2.4542
2017-03-24,1.2746,1.9635,2.1104,2.2237,2.4411
2017-03-27,1.2807,1.9522,2.0949,2.2054,2.4198
2017-03-28,1.3180,1.9990,2.1413,2.2507,2.4611
2017-03-29,1.2841,1.9611,2.1040,2.2140,2.4271
2017-03-30,1.3004,1.9907,2.1357,2.2476,2.4640
2017-03-31,1.2816,1.9597,2.1063,2.2201,2.4412
2017-04-03,1.2615,1.9040,2.0479,2.1614,2.3866
2017-04-04,1.2771,1.9068,2.0501,2.1644,2.3940
2017-04-05,1.2603,1.8752,2.0202,2.1370,2.3741
2017-04-06,1.2706,1.8868,2.0306,2.1464,2.3812
2017-04-07,1.3193,1.9466,2.0858,2.1961,2.4162
2017-04-10,1.3102,1.9300,2.0693,2.1798,2.4001
2017-04-11,1.2659,1.8615,2.0006,2.1124,2.3397
2017-04-12,1.2577,1.8416,1.9791,2.0901,2.3173
2017-04-13,1.2319,1.7958,1.9320,2.0429,2.2738
2017-04-17,1.2296,1.8144,1.9550,2.0684,2.3007
2017-04-18,1.1912,1.7363,1.8719,1.9829,2.2149
2017-04-19,1.2031,1.7697,1.9077,2.0198,2.2505
2017-04-20,1.2226,1.8027,1.9411,2.0527,2.2801
2017-04-21,1.2100,1.7903,1.9301,2.0430,2.2735
2017-04-24,1.2530,1.8329,1.9717,2.0841,2.3150
2017-04-25,1.3031,1.8909,2.0311,2.1448,2.3779
2017-04-26,1.2867,1.8631,2.0027,2.1166,2.3509
2017-04-27,1.2654,1.8409,1.9815,2.0963,2.3339
2017-04-28,1.2811,1.8421,1.9798,2.0921,2.3249
2017-05-01,1.2923,1.8673,2.0078,2.1227,2.3610
2017-05-02,1.2757,1.8340,1.9728,2.0871,2.3264
2017-05-03,1.3145,1.8829,2.0206,2.1329,2.3651
2017-05-04,1.3252,1.9087,2.0496,2.1638,2.3976
2017-05-05,1.3284,1.9071,2.0459,2.1587,2.3924
2017-05-08,1.3499,1.9291,2.0697,2.1848,2.4232
2017-05-09,1.3699,1.9606,2.1016,2.2157,2.4490
2017-05-10,1.3720,1.9593,2.1008,2.2159,2.4526
2017-05-11,1.3575,1.9427,2.0847,2.2000,2.4376
2017-05-12,1.3082,1.8702,2.0117,2.1285,2.3754
2017-05-15,1.3121,1.8820,2.0238,2.1406,2.3882
2017-05-16,1.3103,1.8713,2.0112,2.1268,2.3727
2017-05-17,1.2615,1.7794,1.9131,2.0253,2.2697
2017-05-18,1.2796,1.7955,1.9269,2.0368,2.2750
2017-05-19,1.2871,1.8049,1.9354,2.0441,2.2777
2017-05-22,1.2937,1.8145,1.9475,2.0573,2.2902
2017-05-23,1.3170,1.8557,1.9892,2.0983,2.3264
2017-05-24,1.3009,1.8210,1.9532,2.0629,2.2968
2017-05-25,1.2990,1.8150,1.9466,2.0555,2.2875
2017-05-26,1.2935,1.8220,1.9527,2.0598,2.2877
2017-05-30,1.2881,1.7863,1.9141,2.0202,2.2485
2017-05-31,1.2874,1.7852,1.9131,2.0184,2.2430
2017-06-01,1.2962,1.7931,1.9200,2.0247,2.2491
2017-06-02,1.2907,1.7419,1.8620,1.9630,2.1837
2017-06-05,1.3103,1.7661,1.8862,1.9878,2.2121
2017-06-06,1.2929,1.7338,1.8513,1.9511,2.1735
2017-06-07,1.3208,1.7679,1.8849,1.9837,2.2025
2017-06-08,1.3270,1.7817,1.8999,1.9989,2.2170
2017-06-09,1.3525,1.8020,1.9177,2.0152,2.2314
2017-06-12,1.3663,1.8014,1.9160,2.0141,2.2350
2017-06-13,1.3766,1.8072,1.9200,2.0161,2.2333
2017-06-14,1.3616,1.7631,1.8693,1.9606,2.1699
2017-06-15,1.3707,1.7814,1.8882,1.9790,2.1834
2017-06-16,1.3436,1.7708,1.8798,1.9712,2.1744
2017-06-19,1.3877,1.8178,1.9245,2.0135,2.2085
2017-06-20,1.3721,1.7910,1.8953,1.9824,2.1735
2017-06-21,1.3756,1.7978,1.9024,1.9894,2.1784
2017-06-22,1.3580,1.7821,1.8881,1.9761,2.1670
2017-06-23,1.3561,1.7795,1.8856,1.9742,2.1672
2017-06-26,1.3547,1.7750,1.8807,1.9688,2.1600
2017-06-27,1.3815,1.8327,1.9434,2.0346,2.2281
2017-06-28,1.3584,1.8226,1.9410,2.0391,2.2468
2017-06-29,1.3862,1.8600,1.9831,2.0853,2.2987
2017-06-30,1.3983,1.8970,2.0226,2.1251,2.3331
2017-07-03,1.4266,1.9425,2.0695,2.1723,2.3780
2017-07-05,1.4235,1.9292,2.0534,2.1539,2.3560
2017-07-06,1.4213,1.9527,2.0826,2.1878,2.3993
2017-07-07,1.4256,1.9663,2.0983,2.2052,2.4206
2017-07-10,1.4078,1.9441,2.0770,2.1851,2.4039
2017-07-11,1.3940,1.9298,2.0638,2.1726,2.3927
2017-07-12,1.3655,1.8858,2.0186,2.1274,2.3502
2017-07-13,1.3884,1.9044,2.0364,2.1454,2.3724
2017-07-14,1.3735,1.8794,2.0107,2.1201,2.3513
2017-07-17,1.3744,1.8654,1.9943,2.1026,2.3335
2017-07-18,1.3701,1.8378,1.9609,2.0651,2.2912
2017-07-19,1.3700,1.8411,1.9657,2.0709,2.2973
2017-07-20,1.3688,1.8356,1.9596,2.0646,2.2903
2017-07-21,1.3554,1.8173,1.9401,2.0436,2.2655
2017-07-24,1.3755,1.8354,1.9567,2.0591,2.2804
2017-07-25,1.4068,1.9048,2.0309,2.1358,2.3577
2017-07-26,1.3633,1.8428,1.9717,2.0807,2.3157
2017-07-27,1.3635,1.8590,1.9913,2.1026,2.3406
2017-07-28,1.3555,1.8476,1.9781,2.0878,2.3220
2017-07-31,1.3604,1.8504,1.9808,2.0900,2.3224
2017-08-01,1.3544,1.8213,1.9476,2.0542,2.2840
2017-08-02,1.3652,1.8353,1.9607,2.0658,2.2890
2017-08-03,1.3443,1.8060,1.9306,2.0352,2.2570
2017-08-04,1.3661,1.8348,1.9599,2.0653,2.2913
2017-08-07,1.3672,1.8300,1.9547,2.0596,2.2839
2017-08-08,1.3743,1.8507,1.9772,2.0834,2.3097
2017-08-09,1.3456,1.8166,1.9415,2.0458,2.2674
2017-08-10,1.3435,1.7909,1.9107,2.0117,2.2304
2017-08-11,1.3052,1.7560,1.8814,1.9873,2.2156
2017-08-14,1.3359,1.7919,1.9173,2.0233,2.2505
2017-08-15,1.3630,1.8386,1.9650,2.0708,2.2950
2017-08-16,1.3443,1.8008,1.9247,2.0296,2.2564
2017-08-17,1.3249,1.7714,1.8932,1.9960,2.2176
2017-08-18,1.3275,1.7786,1.8994,2.0012,2.2206
2017-08-21,1.3232,1.7704,1.8918,1.9937,2.2113
2017-08-22,1.3412,1.8019,1.9242,2.0265,2.2436
2017-08-23,1.3282,1.7622,1.8811,1.9817,2.1985
2017-08-24,1.3445,1.7873,1.9058,2.0057,2.2202
2017-08-25,1.3488,1.7750,1.8897,1.9868,2.1979
2017-08-28,1.3389,1.7546,1.8705,1.9697,2.1874
2017-08-29,1.3198,1.7268,1.8415,1.9396,2.1558
2017-08-30,1.3286,1.7452,1.8592,1.9559,2.1676
2017-08-31,1.3264,1.7240,1.8349,1.9298,2.1394
2017-09-01,1.3485,1.7568,1.8693,1.9659,2.1810
2017-09-05,1.2946,1.6749,1.7855,1.8809,2.0941
2017-09-06,1.3045,1.7074,1.8200,1.9156,2.1257
2017-09-07,1.2762,1.6544,1.7644,1.8587,2.0679
2017-09-08,1.2759,1.6627,1.7730,1.8673,2.0766
2017-09-11,1.3294,1.7347,1.8473,1.9432,2.1544
2017-09-12,1.3426,1.7671,1.8819,1.9786,2.1884
2017-09-13,1.3612,1.7902,1.9053,2.0027,2.2139
2017-09-14,1.3736,1.8039,1.9166,2.0107,2.2120
2017-09-15,1.3986,1.8226,1.9325,2.0244,2.2214
2017-09-18,1.4091,1.8431,1.9566,2.0511,2.2519
2017-09-19,1.4131,1.8523,1.9659,2.0603,2.2610
2017-09-20,1.4617,1.9023,2.0126,2.1042,2.2983
2017-09-21,1.4580,1.9000,2.0093,2.0996,2.2890
2017-09-22,1.4550,1.8881,1.9968,2.0872,2.2794
2017-09-25,1.4340,1.8525,1.9578,2.0455,2.2335
2017-09-26,1.4473,1.8747,1.9802,2.0677,2.2540
2017-09-27,1.4737,1.9167,2.0289,2.1225,2.3222
2017-09-28,1.4565,1.9025,2.0188,2.1164,2.3252
2017-09-29,1.4852,1.9366,2.0501,2.1444,2.3435
2017-10-02,1.4981,1.9503,2.0625,2.1556,2.3523
2017-10-03,1.4867,1.9332,2.0469,2.1415,2.3411
2017-10-04,1.4875,1.9331,2.0472,2.1421,2.3423
2017-10-05,1.5033,1.9548,2.0684,2.1626,2.3612
2017-10-06,1.5290,1.9782,2.0910,2.1843,2.3809
2017-10-10,1.5176,1.9566,2.0683,2.1613,2.3574
2017-10-11,1.5283,1.9571,2.0663,2.1576,2.3523
2017-10-12,1.5297,1.9518,2.0583,2.1471,2.3360
2017-10-13,1.5170,1.9170,2.0191,2.1049,2.2896
2017-10-16,1.5570,1.9576,2.0542,2.1347,2.3083
2017-10-17,1.5612,1.9666,2.0618,2.1405,2.3082
2017-10-18,1.5803,1.9958,2.0935,2.1747,2.3490
2017-10-19,1.5697,1.9848,2.0828,2.1638,2.3355
2017-10-20,1.5916,2.0308,2.1333,2.2174,2.3939
2017-10-23,1.5741,2.0115,2.1155,2.2012,2.3818
2017-10-24,1.5967,2.0471,2.1538,2.2414,2.4241
2017-10-25,1.5997,2.0584,2.1679,2.2581,2.4467
2017-10-26,1.6208,2.0785,2.1872,2.2768,2.4647
2017-10-27,1.5989,2.0450,2.1528,2.2418,2.4286
2017-10-30,1.5814,2.0042,2.1083,2.1949,2.3794
2017-10-31,1.6014,2.0199,2.1215,2.2057,2.3840
2017-11-01,1.6205,2.0236,2.1208,2.2016,2.3742
2017-11-02,1.6145,2.0091,2.1054,2.1857,2.3565
2017-11-03,1.6237,2.0038,2.0962,2.1734,2.3391
2017-11-06,1.6233,1.9916,2.0820,2.1578,2.3213
2017-11-07,1.6359,1.9927,2.0804,2.1539,2.3123
2017-11-08,1.6507,2.0127,2.1002,2.1734,2.3310
2017-11-09,1.6379,2.0070,2.0993,2.1769,2.3437
2017-11-10,1.6666,2.0642,2.1623,2.2441,2.4176
2017-11-13,1.6951,2.0824,2.1750,2.2521,2.4166
2017-11-14,1.6937,2.0694,2.1602,2.2358,2.3971
2017-11-15,1.6900,2.0390,2.1231,2.1934,2.3454
2017-11-16,1.7174,2.0722,2.1577,2.2292,2.3832
2017-11-17,1.7255,2.0626,2.1445,2.2135,2.3638
2017-11-20,1.7539,2.0971,2.1774,2.2443,2.3871
2017-11-21,1.7742,2.1105,2.1856,2.2476,2.3810
2017-11-22,1.7379,2.0597,2.1369,2.2023,2.3468
2017-11-24,1.7514,2.0752,2.1531,2.2188,2.3630
2017-11-27,1.7449,2.0592,2.1361,2.2015,2.3475
2017-11-28,1.7552,2.0722,2.1488,2.2138,2.3581
2017-11-29,1.7688,2.0993,2.1795,2.2476,2.3983
2017-11-30,1.7964,2.1478,2.2289,2.2963,2.4407
2017-12-01,1.7946,2.1272,2.2010,2.2612,2.3873
2017-12-04,1.8225,2.1490,2.2188,2.2757,2.3955
2017-12-05,1.8409,2.1500,2.2148,2.2672,2.3769
2017-12-06,1.8148,2.1162,2.1804,2.2329,2.3449
2017-12-07,1.8189,2.1412,2.2110,2.2681,2.3895
2017-12-08,1.8186,2.1429,2.2152,2.2744,2.3991
2017-12-11,1.8421,2.1610,2.2286,2.2838,2.4021
2017-12-12,1.8492,2.1718,2.2422,2.2997,2.4196
2017-12-13,1.8031,2.1150,2.1883,2.2489,2.3763
2017-12-14,1.8305,2.1336,2.2005,2.2550,2.3677
2017-12-15,1.8564,2.1518,2.2138,2.2636,2.3656
2017-12-18,1.8508,2.1642,2.2334,2.2899,2.4071
2017-12-19,1.8752,2.2173,2.2931,2.3549,2.4818
2017-12-20,1.8846,2.2381,2.3175,2.3825,2.5171
2017-12-21,1.8968,2.2439,2.3195,2.3806,2.5050
2017-12-22,1.9138,2.2498,2.3230,2.3822,2.5038
2017-12-26,1.9219,2.2444,2.3130,2.3686,2.4846
2017-12-27,1.8990,2.2054,2.2705,2.3229,2.4304
2017-12-28,1.9086,2.2167,2.2849,2.3397,2.4492
2017-12-29,1.8926,2.1944,2.2624,2.3172,2.4263
2018-01-02,1.9223,2.2357,2.3061,2.3630,2.4776
2018-01-03,1.9311,2.2344,2.2998,2.3526,2.4610
2018-01-04,1.9566,2.2583,2.3197,2.3686,2.4682
2018-01-05,1.9638,2.2741,2.3372,2.3872,2.4878
2018-01-08,1.9666,2.2805,2.3449,2.3960,2.4979
2018-01-09,1.9767,2.3190,2.3905,2.4476,2.5625
2018-01-10,1.9723,2.3137,2.3864,2.4449,2.5633
2018-01-11,1.9791,2.3121,2.3817,2.4378,2.5523
2018-01-12,2.0015,2.3373,2.4053,2.4589,2.5638
2018-01-16,2.0179,2.3451,2.4083,2.4575,2.5537
2018-01-17,2.0405,2.3802,2.4426,2.4902,2.5803
2018-01-18,2.0524,2.4119,2.4804,2.5334,2.6344
2018-01-19,2.0688,2.4362,2.5035,2.5547,2.6506
2018-01-22,2.0761,2.4518,2.5198,2.5714,2.6671
2018-01-23,2.0568,2.4147,2.4818,2.5334,2.6321
2018-01-24,2.0720,2.4346,2.5015,2.5532,2.6541
2018-01-25,2.0768,2.4219,2.4840,2.5317,2.6254
2018-01-26,2.1187,2.4725,2.5327,2.5778,2.6629
2018-01-29,2.1254,2.4965,2.5614,2.6101,2.6999
2018-01-30,2.1283,2.5131,2.5817,2.6337,2.7312
2018-01-31,2.1525,2.5284,2.5926,2.6401,2.7249
2018-02-01,2.1696,2.5770,2.6467,2.6984,2.7910
2018-02-02,2.1632,2.6007,2.6813,2.7423,2.8525
2018-02-05,2.1068,2.5180,2.6002,2.6644,2.7858
2018-02-06,2.1374,2.5434,2.6211,2.6815,2.7973
2018-02-07,2.1743,2.5909,2.6730,2.7374,2.8619
2018-02-08,2.1688,2.5858,2.6720,2.7407,2.8763
2018-02-09,2.1102,2.5339,2.6300,2.7080,2.8618
2018-02-12,2.1515,2.5828,2.6776,2.7519,2.8885
2018-02-13,2.1627,2.5631,2.6514,2.7219,2.8568
2018-02-14,2.2417,2.6680,2.7538,2.8206,2.9452
2018-02-15,2.2453,2.6630,2.7461,2.8103,2.9282
2018-02-16,2.2418,2.6448,2.7251,2.7875,2.9034
2018-02-20,2.2655,2.6588,2.7356,2.7955,2.9099
2018-02-21,2.2838,2.6989,2.7797,2.8428,2.9646
2018-02-22,2.2704,2.6757,2.7566,2.8202,2.9443
2018-02-23,2.2592,2.6406,2.7175,2.7783,2.8977
2018-02-26,2.2381,2.6188,2.6965,2.7585,2.8816
2018-02-27,2.2796,2.6786,2.7539,2.8120,2.9231
2018-02-28,2.2729,2.6581,2.7314,2.7877,2.8929
2018-03-01,2.2372,2.5950,2.6670,2.7237,2.8339
2018-03-02,2.2643,2.6427,2.7168,2.7748,2.8870
2018-03-05,2.2629,2.6541,2.7313,2.7915,2.9064
2018-03-06,2.2690,2.6576,2.7339,2.7929,2.9025
2018-03-07,2.2768,2.6615,2.7362,2.7943,2.9053
2018-03-08,2.2716,2.6427,2.7148,2.7710,2.8786
2018-03-09,2.2886,2.6697,2.7428,2.7996,2.9086
2018-03-12,2.2840,2.6489,2.7202,2.7756,2.8804
2018-03-13,2.2719,2.6282,2.6978,2.7518,2.8537
2018-03-14,2.2711,2.6146,2.6807,2.7316,2.8264
2018-03-15,2.2907,2.6271,2.6901,2.7383,2.8286
2018-03-16,2.3088,2.6546,2.7182,2.7665,2.8558
2018-03-19,2.3174,2.6568,2.7200,2.7683,2.8588
2018-03-20,2.3464,2.6959,2.7574,2.8039,2.8915
2018-03-21,2.3265,2.6899,2.7573,2.8084,2.9018
2018-03-22,2.3028,2.6385,2.6990,2.7449,2.8306
2018-03-23,2.2828,2.6163,2.6800,2.7294,2.8244
2018-03-26,2.3135,2.6552,2.7168,2.7636,2.8515
2018-03-27,2.2720,2.5835,2.6431,2.6896,2.7799
2018-03-28,2.2916,2.5972,2.6537,2.6969,2.7792
2018-03-29,2.2823,2.5715,2.6243,2.6648,2.7426
2018-04-02,2.2610,2.5553,2.6122,2.6564,2.7407
2018-04-03,2.3016,2.6110,2.6658,2.7076,2.7889
2018-04-04,2.3090,2.6209,2.6744,2.7150,2.7947
2018-04-05,2.3271,2.6477,2.7019,2.7436,2.8286
2018-04-06,2.2909,2.5939,2.6467,2.6872,2.7676
2018-04-09,2.3041,2.6119,2.6632,2.7019,2.7769
2018-04-10,2.3304,2.6349,2.6838,2.7206,2.7929
2018-04-11,2.3307,2.6253,2.6721,2.7071,2.7751
2018-04-12,2.3659,2.6804,2.7281,2.7630,2.8292
2018-04-13,2.3837,2.6805,2.7241,2.7560,2.8179
2018-04-16,2.3994,2.6924,2.7350,2.7660,2.8255
2018-04-17,2.4102,2.6871,2.7267,2.7552,2.8094
2018-04-18,2.4489,2.7340,2.7744,2.8049,2.8685
2018-04-19,2.4575,2.7726,2.8195,2.8536,2.9179
2018-04-20,2.4808,2.8092,2.8583,2.8937,2.9584
2018-04-23,2.5014,2.8379,2.8865,2.9206,2.9787
2018-04-24,2.4896,2.8358,2.8895,2.9281,2.9960
2018-04-25,2.4963,2.8524,2.9094,2.9515,3.0291
2018-04-26,2.4944,2.8323,2.8850,2.9238,2.9961
2018-04-27,2.4870,2.8101,2.8585,2.8936,2.9575
2018-04-30,2.4973,2.8055,2.8507,2.8835,2.9445
2018-05-01,2.5189,2.8257,2.8690,2.9011,2.9640
2018-05-02,2.5070,2.8162,2.8619,2.8959,2.9634
2018-05-03,2.4971,2.7923,2.8366,2.8704,2.9395
2018-05-04,2.5183,2.7924,2.8420,2.8813,2.9600
2018-05-07,2.5179,2.7954,2.8467,2.8869,2.9654
2018-05-08,2.5343,2.8205,2.8722,2.9118,2.9861
2018-05-09,2.5504,2.8476,2.8998,2.9400,3.0167
2018-05-10,2.5542,2.8391,2.8870,2.9230,2.9900
2018-05-11,2.5617,2.8428,2.8880,2.9222,2.9865
2018-05-14,2.5679,2.8612,2.9081,2.9434,3.0088
2018-05-15,2.6060,2.9323,2.9828,3.0202,3.0889
2018-05-16,2.6060,2.9504,2.9999,3.0360,3.1018
2018-05-17,2.5940,2.9525,3.0067,3.0466,3.1199
2018-05-18,2.5768,2.9035,2.9573,2.9978,3.0733
2018-05-21,2.5918,2.9043,2.9564,2.9962,3.0716
2018-05-22,2.5953,2.9055,2.9583,2.9987,3.0756
2018-05-23,2.5406,2.8422,2.8968,2.9396,3.0233
2018-05-24,2.5117,2.8291,2.8782,2.9148,2.9843
2018-05-25,2.4842,2.7836,2.8323,2.8687,2.9374
2018-05-29,2.3290,2.6011,2.6555,2.6984,2.7822
2018-05-30,2.4210,2.6954,2.7414,2.7763,2.8442
2018-05-31,2.4254,2.6937,2.7389,2.7726,2.8347
2018-06-01,2.4818,2.7620,2.8062,2.8383,2.8961
2018-06-04,2.5186,2.8058,2.8496,2.8813,2.9384
2018-06-05,2.4949,2.7778,2.8226,2.8554,2.9152
2018-06-06,2.5318,2.8323,2.8801,2.9150,2.9777
2018-06-07,2.5104,2.7915,2.8368,2.8701,2.9306
2018-06-08,2.5088,2.7922,2.8377,2.8713,2.9330
2018-06-11,2.5401,2.8182,2.8615,2.8938,2.9557
2018-06-12,2.5587,2.8240,2.8721,2.9080,2.9737
2018-06-13,2.6004,2.8566,2.9008,2.9342,2.9963
2018-06-14,2.5803,2.8245,2.8652,2.8957,2.9523
2018-06-15,2.5661,2.8193,2.8598,2.8896,2.9440
2018-06-18,2.5686,2.8113,2.8533,2.8848,2.9435
2018-06-19,2.5536,2.7753,2.8169,2.8489,2.9101
2018-06-20,2.5725,2.8102,2.8532,2.8861,2.9484
2018-06-21,2.5598,2.7812,2.8230,2.8560,2.9206
2018-06-22,2.5610,2.7837,2.8257,2.8585,2.9220
2018-06-25,2.5473,2.7537,2.7959,2.8298,2.8972
2018-06-26,2.5416,2.7566,2.8002,2.8347,2.9022
2018-06-27,2.5167,2.7150,2.7559,2.7885,2.8530
2018-06-28,2.5264,2.7331,2.7733,2.8046,2.8646
2018-06-29,2.5334,2.7418,2.7810,2.8117,2.8712
2018-07-02,2.5628,2.7609,2.7975,2.8266,2.8846
2018-07-03,2.5455,2.7301,2.7644,2.7922,2.8494
2018-07-05,2.5700,2.7443,2.7734,2.7972,2.8470
2018-07-06,2.5475,2.7250,2.7562,2.7816,2.8340
2018-07-09,2.5731,2.7614,2.7935,2.8189,2.8694
2018-07-10,2.6019,2.7791,2.8082,2.8314,2.8780
2018-07-11,2.5897,2.7557,2.7848,2.8084,2.8566
2018-07-12,2.6017,2.7620,2.7909,2.8147,2.8625
2018-07-13,2.5918,2.7399,2.7685,2.7925,2.8420
2018-07-16,2.6040,2.7580,2.7876,2.8123,2.8629
2018-07-17,2.6211,2.7718,2.8005,2.8245,2.8746
2018-07-18,2.6195,2.7785,2.8065,2.8304,2.8834
2018-07-19,2.6015,2.7467,2.7750,2.7993,2.8531
2018-07-20,2.6064,2.7773,2.8124,2.8422,2.9067
2018-07-23,2.6461,2.8392,2.8775,2.9095,2.9773
2018-07-24,2.6439,2.8327,2.8677,2.8969,2.9598
2018-07-25,2.6463,2.8262,2.8586,2.8865,2.9481
2018-07-26,2.6854,2.8736,2.9059,2.9334,2.9936
2018-07-27,2.6719,2.8564,2.8858,2.9114,2.9703
2018-07-30,2.6706,2.8647,2.8978,2.9257,2.9876
2018-07-31,2.6773,2.8490,2.8776,2.9031,2.9628
2018-08-01,2.6846,2.8843,2.9190,2.9478,3.0098
2018-08-02,2.6684,2.8615,2.8971,2.9270,2.9927
2018-08-03,2.6496,2.8243,2.8600,2.8907,2.9596
2018-08-06,2.6530,2.8128,2.8462,2.8757,2.9446
2018-08-07,2.6791,2.8492,2.8825,2.9117,2.9799
2018-08-08,2.6832,2.8474,2.8799,2.9087,2.9760
2018-08-09,2.6573,2.8162,2.8479,2.8758,2.9402
2018-08-10,2.6183,2.7572,2.7884,2.8165,2.8841
2018-08-13,2.6200,2.7577,2.7876,2.8154,2.8850
2018-08-14,2.6400,2.7767,2.8065,2.8339,2.9019
2018-08-15,2.6211,2.7423,2.7711,2.7983,2.8672
2018-08-16,2.6299,2.7585,2.7868,2.8129,2.8780
2018-08-17,2.6260,2.7586,2.7860,2.8113,2.8747
2018-08-20,2.5942,2.7129,2.7398,2.7652,2.8296
2018-08-21,2.6162,2.7381,2.7633,2.7871,2.8487
2018-08-22,2.6004,2.7159,2.7402,2.7635,2.8256
2018-08-23,2.6118,2.7241,2.7451,2.7653,2.8200
2018-08-24,2.6240,2.7336,2.7533,2.7723,2.8239
2018-08-27,2.6421,2.7547,2.7760,2.7963,2.8503
2018-08-28,2.6629,2.7877,2.8102,2.8312,2.8863
2018-08-29,2.6772,2.8017,2.8207,2.8382,2.8854
2018-08-30,2.6473,2.7697,2.7892,2.8075,2.8573
2018-08-31,2.6341,2.7570,2.7811,2.8038,2.8641
2018-09-04,2.6648,2.7912,2.8169,2.8412,2.9051
2018-09-05,2.6566,2.7861,2.8132,2.8388,2.9060
2018-09-06,2.6485,2.7677,2.7941,2.8195,2.8868
2018-09-07,2.7138,2.8396,2.8633,2.8858,2.9458
2018-09-10,2.7169,2.8390,2.8609,2.8815,2.9367
2018-09-11,2.7547,2.8819,2.9045,2.9254,2.9806
2018-09-12,2.7534,2.8754,2.8956,2.9144,2.9654
2018-09-13,2.7595,2.8785,2.8986,2.9174,2.9677
2018-09-14,2.7867,2.9097,2.9292,2.9473,2.9953
2018-09-17,2.7844,2.9056,2.9260,2.9449,2.9950
2018-09-18,2.8097,2.9508,2.9756,2.9983,3.0560
2018-09-19,2.8201,2.9708,2.9972,3.0212,3.0816
2018-09-20,2.8201,2.9710,2.9962,3.0186,3.0738
2018-09-21,2.8188,2.9672,2.9923,3.0147,3.0704
2018-09-24,2.8210,2.9752,3.0017,3.0250,3.0817
2018-09-25,2.8362,2.9937,3.0199,3.0428,3.0981
2018-09-26,2.8220,2.9635,2.9880,3.0098,3.0640
2018-09-27,2.8285,2.9632,2.9859,3.0064,3.0586
2018-09-28,2.8173,2.9492,2.9749,2.9983,3.0567
2018-10-01,2.8237,2.9704,3.0001,3.0270,3.0925
2018-10-02,2.8155,2.9483,2.9744,2.9985,3.0590
2018-10-03,2.8602,3.0242,3.0560,3.0845,3.1530
2018-10-04,2.8886,3.0600,3.0950,3.1262,3.1996
2018-10-05,2.8974,3.0867,3.1262,3.1610,3.2416
2018-10-09,2.8945,3.0682,3.1040,3.1362,3.2122
2018-10-10,2.8853,3.0645,3.1047,3.1406,3.2251
2018-10-11,2.8636,3.0137,3.0460,3.0759,3.1505
2018-10-12,2.8582,3.0135,3.0481,3.0795,3.1558
2018-10-15,2.8688,3.0247,3.0591,3.0906,3.1679
2018-10-16,2.8756,3.0282,3.0597,3.0887,3.1608
2018-10-17,2.8963,3.0542,3.0872,3.1174,3.1917
2018-10-18,2.8812,3.0343,3.0682,3.0997,3.1782
2018-10-19,2.9191,3.0649,3.0971,3.1276,3.2054
2018-10-22,2.9177,3.0603,3.0919,3.1221,3.2004
2018-10-23,2.8897,3.0294,3.0619,3.0935,3.1762
2018-10-24,2.8286,2.9503,2.9833,3.0163,3.1059
2018-10-25,2.8584,2.9936,3.0258,3.0572,3.1414
2018-10-26,2.8101,2.9230,2.9567,2.9909,3.0847
2018-10-29,2.8154,2.9255,2.9581,2.9915,3.0849
2018-10-30,2.8515,2.9605,2.9930,3.0264,3.1200
2018-10-31,2.8780,2.9999,3.0332,3.0668,3.1594
2018-11-01,2.8556,2.9782,3.0143,3.0503,3.1476
2018-11-02,2.9154,3.0553,3.0911,3.1266,3.2223
2018-11-05,2.9144,3.0462,3.0794,3.1124,3.2031
2018-11-06,2.9328,3.0673,3.1009,3.1337,3.2209
2018-11-07,2.9562,3.0829,3.1131,3.1431,3.2253
2018-11-08,2.9786,3.1091,3.1379,3.1661,3.2423
2018-11-09,2.9410,3.0612,3.0915,3.1214,3.2013
2018-11-13,2.8942,2.9992,3.0303,3.0618,3.1481
2018-11-14,2.8709,2.9697,3.0024,3.0358,3.1277
2018-11-15,2.8629,2.9529,2.9859,3.0204,3.1170
2018-11-16,2.8242,2.9136,2.9493,2.9863,3.0877
2018-11-19,2.7979,2.8866,2.9262,2.9665,3.0736
2018-11-20,2.8113,2.8951,2.9317,2.9694,3.0719
2018-11-21,2.8225,2.9090,2.9450,2.9819,3.0812
2018-11-23,2.8119,2.8916,2.9283,2.9660,3.0677
2018-11-26,2.8409,2.9191,2.9512,2.9851,3.0807
2018-11-27,2.8416,2.9112,2.9425,2.9762,3.0727
2018-11-28,2.8066,2.9029,2.9295,2.9584,3.0513
2018-11-29,2.8172,2.8786,2.9054,2.9381,3.0439
2018-11-30,2.8114,2.8680,2.8898,2.9175,3.0139
2018-12-03,2.8344,2.8556,2.8737,2.9002,2.9961
2018-12-04,2.8102,2.8080,2.8214,2.8406,2.9119
2018-12-06,2.7727,2.7689,2.7838,2.8047,2.8799
2018-12-07,2.7319,2.7280,2.7427,2.7658,2.8557
2018-12-10,2.7392,2.7298,2.7423,2.7634,2.8486
2018-12-11,2.7913,2.7784,2.7900,2.8102,2.8899
2018-12-12,2.7836,2.7961,2.8104,2.8312,2.9089
2018-12-13,2.7538,2.7892,2.8039,2.8227,2.8939
2018-12-14,2.7185,2.7696,2.7898,2.8109,2.8766
2018-12-17,2.6835,2.7264,2.7477,2.7707,2.8432
2018-12-18,2.6452,2.6877,2.7119,2.7378,2.8157
2018-12-19,2.6317,2.6535,2.6721,2.6932,2.7598
2018-12-20,2.6565,2.6876,2.7042,2.7224,2.7818
2018-12-21,2.6324,2.6686,2.6917,2.7164,2.7891
2018-12-24,2.5707,2.6084,2.6353,2.6639,2.7452
2018-12-26,2.6215,2.6782,2.7066,2.7354,2.8143
2018-12-27,2.5678,2.6130,2.6471,2.6819,2.7742
2018-12-28,2.5318,2.5620,2.5971,2.6335,2.7311
2018-12-31,2.5028,2.5212,2.5587,2.5979,2.7019
2019-01-02,2.5096,2.5034,2.5316,2.5638,2.6591
2019-01-03,2.4007,2.3808,2.4145,2.4529,2.5639
2019-01-04,2.5082,2.5065,2.5329,2.5640,2.6611
2019-01-07,2.5449,2.5504,2.5739,2.6018,2.6924
2019-01-08,2.5857,2.5942,2.6136,2.6368,2.7149
2019-01-09,2.5676,2.5851,2.6098,2.6384,2.7291
2019-01-10,2.5647,2.5826,2.6072,2.6359,2.7288
2019-01-11,2.5450,2.5496,2.5741,2.6036,2.7008
2019-01-14,2.5385,2.5501,2.5759,2.6064,2.7062
2019-01-15,2.5352,2.5534,2.5814,2.6136,2.7156
2019-01-16,2.5472,2.5709,2.5973,2.6273,2.7226
2019-01-17,2.5707,2.6047,2.6302,2.6585,2.7469
2019-01-18,2.6083,2.6508,2.6736,2.6985,2.7769
2019-01-22,2.5759,2.6016,2.6241,2.6497,2.7326
2019-01-23,2.5835,2.6164,2.6392,2.6647,2.7466
2019-01-24,2.5591,2.5795,2.6017,2.6274,2.7113
2019-01-25,2.5907,2.6174,2.6392,2.6641,2.7449
2019-01-28,2.5865,2.6098,2.6313,2.6562,2.7382
2019-01-29,2.5648,2.5752,2.5958,2.6205,2.7046
2019-01-30,2.5160,2.5239,2.5532,2.5875,2.6956
2019-01-31,2.4612,2.4556,2.4836,2.5170,2.6236
2019-02-01,2.5178,2.5391,2.5652,2.5949,2.6886
2019-02-04,2.5352,2.5681,2.5952,2.6256,2.7216
2019-02-05,2.5237,2.5494,2.5755,2.6053,2.7004
2019-02-06,2.5177,2.5379,2.5638,2.5939,2.6912
2019-02-07,2.4827,2.4911,2.5169,2.5476,2.6472
2019-02-08,2.4667,2.4734,2.5006,2.5324,2.6330
2019-02-11,2.4867,2.5024,2.5289,2.5595,2.6558
2019-02-12,2.5040,2.5273,2.5541,2.5846,2.6809
2019-02-13,2.5337,2.5661,2.5901,2.6171,2.7034
2019-02-14,2.4989,2.5129,2.5367,2.5647,2.6567
2019-02-15,2.5152,2.5290,2.5499,2.5746,2.6577
2019-02-19,2.4977,2.5070,2.5300,2.5571,2.6467
2019-02-20,2.4979,2.5062,2.5286,2.5554,2.6449
2019-02-21,2.5222,2.5445,2.5671,2.5937,2.6829
2019-02-22,2.4875,2.5004,2.5272,2.5582,2.6563
2019-02-25,2.5011,2.5147,2.5408,2.5711,2.6686
2019-02-26,2.4789,2.4838,2.5098,2.5405,2.6386
2019-02-27,2.4996,2.5245,2.5545,2.5885,2.6941
2019-02-28,2.5211,2.5604,2.5917,2.6259,2.7302
2019-03-01,2.5533,2.6008,2.6299,2.6617,2.7603
2019-03-04,2.5386,2.5676,2.5944,2.6247,2.7214
2019-03-05,2.5447,2.5684,2.5932,2.6219,2.7159
2019-03-06,2.5154,2.5304,2.5561,2.5861,2.6842
2019-03-07,2.4754,2.4755,2.5024,2.5345,2.6389
2019-03-08,2.4644,2.4568,2.4830,2.5146,2.6183
2019-03-11,2.4796,2.4775,2.5027,2.5332,2.6351
2019-03-12,2.4561,2.4452,2.4710,2.5024,2.6044
2019-03-13,2.4558,2.4485,2.4750,2.5068,2.6094
2019-03-14,2.4654,2.4645,2.4917,2.5243,2.6315
2019-03-15,2.4437,2.4311,2.4569,2.4887,2.5944
2019-03-18,2.4556,2.4483,2.4731,2.5035,2.6056
2019-03-19,2.4623,2.4566,2.4809,2.5110,2.6138
2019-03-20,2.4022,2.3769,2.4038,2.4376,2.5513
2019-03-21,2.4045,2.3796,2.4048,2.4369,2.5458
2019-03-22,2.3211,2.2750,2.3041,2.3404,2.4566
2019-03-25,2.2704,2.2409,2.2779,2.3203,2.4446
2019-03-26,2.2565,2.2144,2.2508,2.2939,2.4240
2019-03-27,2.2339,2.2054,2.2419,2.2830,2.4020
2019-03-28,2.2508,2.2262,2.2599,2.2978,2.4069
2019-03-29,2.2823,2.2528,2.2811,2.3145,2.4167
2019-04-01,2.3335,2.3330,2.3627,2.3971,2.5022
2019-04-02,2.3137,2.3100,2.3413,2.3773,2.4863
2019-04-03,2.3385,2.3447,2.3777,2.4152,2.5287
2019-04-04,2.3390,2.3410,2.3721,2.4080,2.5189
2019-04-05,2.3439,2.3382,2.3672,2.4013,2.5082
2019-04-08,2.3563,2.3549,2.3844,2.4190,2.5269
2019-04-09,2.3460,2.3361,2.3653,2.4000,2.5095
2019-04-10,2.3211,2.3033,2.3335,2.3695,2.4816
2019-04-11,2.3503,2.3397,2.3682,2.4022,2.5109
2019-04-12,2.3912,2.4044,2.4335,2.4666,2.5686
2019-04-15,2.3881,2.3946,2.4224,2.4546,2.5562
2019-04-16,2.4067,2.4308,2.4614,2.4955,2.5990
2019-04-17,2.3961,2.4246,2.4581,2.4948,2.6030
2019-04-18,2.3779,2.3956,2.4289,2.4656,2.5735
2019-04-22,2.3819,2.4119,2.4482,2.4877,2.6020
2019-04-23,2.3597,2.3852,2.4233,2.4648,2.5846
2019-04-24,2.3217,2.3360,2.3743,2.4162,2.5367
2019-04-25,2.3301,2.3506,2.3886,2.4297,2.5468
2019-04-26,2.2887,2.3117,2.3535,2.3975,2.5189
2019-04-29,2.3023,2.3377,2.3820,2.4280,2.5526
2019-04-30,2.2704,2.2995,2.3452,2.3927,2.5205
2019-05-01,2.3165,2.3324,2.3694,2.4101,2.5276
2019-05-02,2.3416,2.3676,2.4047,2.4450,2.5602
2019-05-03,2.3364,2.3538,2.3895,2.4288,2.5428
2019-05-06,2.3103,2.3205,2.3573,2.3978,2.5147
2019-05-07,2.2815,2.2748,2.3093,2.3481,2.4619
2019-05-08,2.2955,2.3080,2.3452,2.3854,2.4990
2019-05-09,2.2672,2.2697,2.3070,2.3476,2.4628
2019-05-10,2.2697,2.2857,2.3259,2.3681,2.4828
2019-05-13,2.1907,2.1996,2.2440,2.2902,2.4130
2019-05-14,2.2104,2.2227,2.2668,2.3129,2.4364
2019-05-15,2.1727,2.1727,2.2167,2.2633,2.3897
2019-05-16,2.2009,2.1979,2.2408,2.2869,2.4145
2019-05-17,2.1999,2.1926,2.2344,2.2796,2.4045
2019-05-20,2.2241,2.2228,2.2638,2.3080,2.4303
2019-05-21,2.2589,2.2514,2.2884,2.3296,2.4482
2019-05-22,2.2345,2.2098,2.2464,2.2880,2.4099
2019-05-23,2.1498,2.1237,2.1638,2.2075,2.3288
2019-05-24,2.1730,2.1425,2.1809,2.2230,2.3413
2019-05-28,2.1321,2.0872,2.1238,2.1646,2.2806
2019-05-29,2.1129,2.0768,2.1145,2.1554,2.2682
2019-05-30,2.0851,2.0484,2.0865,2.1268,2.2357
2019-05-31,1.9681,1.9542,1.9997,2.0445,2.1581
2019-06-03,1.8537,1.8567,1.9081,1.9577,2.0826
2019-06-04,1.9051,1.9145,1.9660,2.0166,2.1460
2019-06-05,1.8640,1.8911,1.9477,2.0028,2.1422
2019-06-06,1.9030,1.9128,1.9622,2.0124,2.1457
2019-06-07,1.8680,1.8774,1.9248,1.9730,2.1009
2019-06-10,1.9199,1.9360,1.9835,2.0321,2.1620
2019-06-11,1.9419,1.9428,1.9882,2.0357,2.1642
2019-06-12,1.8977,1.9024,1.9515,2.0021,2.1378
2019-06-13,1.8518,1.8636,1.9153,1.9681,2.1079
2019-06-14,1.8702,1.8730,1.9197,1.9685,2.1022
2019-06-17,1.8825,1.8775,1.9212,1.9676,2.0968
2019-06-18,1.8814,1.8560,1.8958,1.9397,2.0667
2019-06-19,1.7701,1.7959,1.8495,1.9022,2.0392
2019-06-20,1.7486,1.7734,1.8251,1.8771,2.0166
2019-06-21,1.7939,1.8323,1.8855,1.9383,2.0774
2019-06-24,1.7486,1.7802,1.8346,1.8884,2.0301
2019-06-25,1.7478,1.7632,1.8153,1.8680,2.0091
2019-06-26,1.8089,1.8267,1.8769,1.9280,2.0651
2019-06-27,1.7751,1.7875,1.8377,1.8886,2.0248
2019-06-28,1.7726,1.7775,1.8260,1.8761,2.0142
2019-07-01,1.8110,1.8093,1.8558,1.9054,2.0451
2019-07-02,1.7865,1.7655,1.8080,1.8548,1.9917
2019-07-03,1.7841,1.7529,1.7913,1.8345,1.9632
2019-07-05,1.8948,1.8580,1.8895,1.9276,2.0511
2019-07-08,1.9093,1.8718,1.9009,1.9365,2.0521
2019-07-09,1.9337,1.8974,1.9259,1.9605,2.0730
2019-07-10,1.8464,1.8469,1.8897,1.9362,2.0707
2019-07-11,1.8791,1.9020,1.9481,1.9966,2.1329
2019-07-12,1.8633,1.8843,1.9318,1.9816,2.1218
2019-07-15,1.8555,1.8683,1.9137,1.9620,2.0996
2019-07-16,1.8887,1.9061,1.9500,1.9968,2.1305
2019-07-17,1.8578,1.8517,1.8911,1.9349,2.0655
2019-07-18,1.7878,1.7970,1.8431,1.8923,2.0334
2019-07-19,1.8246,1.8164,1.8581,1.9047,2.0443
2019-07-22,1.8281,1.8216,1.8646,1.9120,2.0516
2019-07-23,1.8480,1.8438,1.8868,1.9343,2.0749
2019-07-24,1.8450,1.8340,1.8741,1.9185,2.0511
2019-07-25,1.8795,1.8646,1.9022,1.9447,2.0750
2019-07-26,1.8853,1.8729,1.9099,1.9509,2.0749
2019-07-29,1.8679,1.8519,1.8889,1.9302,2.0562
2019-07-30,1.8627,1.8551,1.8926,1.9334,2.0558
2019-07-31,1.9045,1.8564,1.8829,1.9149,2.0210
2019-08-01,1.7453,1.7005,1.7335,1.7714,1.8923
2019-08-02,1.7353,1.6849,1.7125,1.7456,1.8557
2019-08-05,1.6144,1.5689,1.5995,1.6343,1.7485
2019-08-06,1.6147,1.5510,1.5808,1.6154,1.7263
2019-08-07,1.6008,1.5399,1.5682,1.6016,1.7099
2019-08-08,1.6318,1.5573,1.5817,1.6124,1.7177
2019-08-09,1.6521,1.5863,1.6102,1.6400,1.7417
2019-08-12,1.5965,1.5093,1.5289,1.5546,1.6466
2019-08-13,1.6798,1.5825,1.5934,1.6108,1.6829
2019-08-14,1.6103,1.5227,1.5301,1.5427,1.6012
2019-08-15,1.5157,1.4368,1.4489,1.4661,1.5381
2019-08-16,1.5062,1.4442,1.4619,1.4835,1.5619
2019-08-19,1.5618,1.4945,1.5126,1.5352,1.6167
2019-08-20,1.5168,1.4427,1.4610,1.4841,1.5678
2019-08-21,1.5852,1.4944,1.5081,1.5280,1.6069
2019-08-22,1.6228,1.5172,1.5291,1.5492,1.6322
2019-08-23,1.5320,1.4234,1.4364,1.4570,1.5406
2019-08-26,1.5642,1.4501,1.4614,1.4809,1.5636
2019-08-27,1.5439,1.4117,1.4193,1.4355,1.5093
2019-08-28,1.5308,1.3941,1.4016,1.4180,1.4938
2019-08-29,1.5594,1.4246,1.4332,1.4505,1.5265
2019-08-30,1.5356,1.4087,1.4220,1.4426,1.5236
2019-09-03,1.4943,1.3695,1.3860,1.4100,1.4992
2019-09-04,1.4691,1.3455,1.3654,1.3932,1.4935
2019-09-05,1.5772,1.4574,1.4731,1.4977,1.5924
2019-09-06,1.5674,1.4480,1.4628,1.4861,1.5749
2019-09-09,1.6165,1.5129,1.5299,1.5555,1.6514
2019-09-10,1.7103,1.6063,1.6188,1.6409,1.7328
2019-09-11,1.7093,1.6278,1.6433,1.6671,1.7589
2019-09-12,1.7539,1.6760,1.6896,1.7118,1.8017
2019-09-13,1.8336,1.7827,1.7973,1.8196,1.9089
2019-09-16,1.7897,1.7228,1.7389,1.7623,1.8515
2019-09-17,1.7708,1.6924,1.7094,1.7341,1.8254
2019-09-18,1.8045,1.7142,1.7238,1.7422,1.8218
2019-09-19,1.7814,1.6907,1.7024,1.7223,1.8027
2019-09-20,1.7341,1.6414,1.6548,1.6754,1.7546
2019-09-23,1.7097,1.6158,1.6291,1.6500,1.7323
2019-09-24,1.6453,1.5408,1.5548,1.5760,1.6571
2019-09-25,1.7173,1.6228,1.6365,1.6580,1.7418
2019-09-26,1.7074,1.6104,1.6214,1.6402,1.7176
2019-09-27,1.6760,1.5822,1.5962,1.6177,1.7011
2019-09-30,1.6644,1.5719,1.5870,1.6097,1.6951
2019-10-01,1.6048,1.5271,1.5484,1.5762,1.6719
2019-10-02,1.5336,1.4588,1.4845,1.5168,1.6239
2019-10-03,1.4386,1.3703,1.4018,1.4396,1.5592
2019-10-04,1.4480,1.3656,1.3910,1.4239,1.5350
2019-10-07,1.5075,1.4139,1.4339,1.4631,1.5710
2019-10-08,1.4704,1.3831,1.4074,1.4402,1.5541
2019-10-09,1.5113,1.4347,1.4568,1.4877,1.5997
2019-10-10,1.5689,1.5124,1.5327,1.5617,1.6717
2019-10-11,1.6518,1.6202,1.6379,1.6634,1.7646
2019-10-15,1.6442,1.6258,1.6433,1.6680,1.7681
2019-10-16,1.6043,1.5939,1.6157,1.6446,1.7535
2019-10-17,1.6106,1.6037,1.6248,1.6527,1.7590
2019-10-18,1.5924,1.5902,1.6146,1.6458,1.7595
2019-10-21,1.6279,1.6342,1.6578,1.6876,1.7983
2019-10-22,1.6231,1.6237,1.6452,1.6732,1.7787
2019-10-23,1.6138,1.6121,1.6340,1.6625,1.7694
2019-10-24,1.6179,1.6161,1.6385,1.6675,1.7763
2019-10-25,1.6530,1.6539,1.6734,1.6994,1.8017
2019-10-28,1.6734,1.6940,1.7173,1.7461,1.8529
2019-10-29,1.6702,1.6888,1.7113,1.7392,1.8436
2019-10-30,1.6371,1.6387,1.6583,1.6842,1.7857
2019-10-31,1.5485,1.5372,1.5602,1.5904,1.7026
2019-11-01,1.5843,1.5776,1.5972,1.6237,1.7289
2019-11-04,1.6172,1.6298,1.6526,1.6814,1.7900
2019-11-05,1.6536,1.6944,1.7223,1.7548,1.8679
2019-11-06,1.6314,1.6604,1.6857,1.7161,1.8256
2019-11-07,1.6959,1.7681,1.7998,1.8340,1.9443
2019-11-08,1.6962,1.7761,1.8106,1.8475,1.9651
2019-11-12,1.6821,1.7558,1.7890,1.8248,1.9400
2019-11-13,1.6540,1.7125,1.7442,1.7796,1.8980
2019-11-14,1.6123,1.6525,1.6843,1.7211,1.8454
2019-11-15,1.6346,1.6758,1.7047,1.7383,1.8549
2019-11-18,1.6179,1.6506,1.6792,1.7131,1.8322
2019-11-19,1.6200,1.6420,1.6667,1.6969,1.8069
2019-11-20,1.5917,1.5944,1.6171,1.6463,1.7559
2019-11-21,1.6236,1.6395,1.6621,1.6903,1.7950
2019-11-22,1.6365,1.6462,1.6665,1.6925,1.7911
2019-11-25,1.6351,1.6424,1.6623,1.6878,1.7854
2019-11-26,1.6186,1.6149,1.6347,1.6610,1.7615
2019-11-27,1.6591,1.6588,1.6769,1.7011,1.7949
2019-11-29,1.6487,1.6545,1.6776,1.7062,1.8081
2019-12-02,1.6461,1.6789,1.7108,1.7475,1.8680
2019-12-03,1.5762,1.5696,1.5966,1.6303,1.7473
2019-12-04,1.6182,1.6297,1.6539,1.6842,1.7944
2019-12-05,1.6260,1.6500,1.6767,1.7088,1.8212
2019-12-06,1.6553,1.6990,1.7261,1.7571,1.8634
2019-12-09,1.6547,1.6974,1.7231,1.7524,1.8532
2019-12-10,1.6739,1.7177,1.7417,1.7688,1.8613
2019-12-11,1.6427,1.6703,1.6923,1.7185,1.8126
2019-12-12,1.6932,1.7635,1.7929,1.8240,1.9229
2019-12-13,1.6436,1.6869,1.7130,1.7428,1.8449
2019-12-16,1.6735,1.7429,1.7733,1.8059,1.9098
2019-12-17,1.6675,1.7379,1.7692,1.8028,1.9103
2019-12-18,1.6729,1.7620,1.7978,1.8351,1.9501
2019-12-19,1.6536,1.7472,1.7873,1.8281,1.9470
2019-12-20,1.6634,1.7527,1.7920,1.8323,1.9510
2019-12-23,1.6846,1.7708,1.8056,1.8419,1.9543
2019-12-24,1.6480,1.7356,1.7757,1.8167,1.9360
2019-12-26,1.6576,1.7361,1.7738,1.8132,1.9317
2019-12-27,1.6147,1.6963,1.7388,1.7826,1.9095
2019-12-30,1.6028,1.6964,1.7442,1.7922,1.9281
2019-12-31,1.6008,1.7146,1.7660,1.8164,1.9550
2020-01-02,1.5957,1.6811,1.7261,1.7723,1.9057
2020-01-03,1.5542,1.6111,1.6512,1.6941,1.8245
2020-01-06,1.5685,1.6230,1.6617,1.7038,1.8344
2020-01-07,1.5735,1.6374,1.6776,1.7208,1.8542
2020-01-08,1.6104,1.6785,1.7180,1.7613,1.8981
2020-01-09,1.5970,1.6601,1.6998,1.7430,1.8768
2020-01-10,1.5922,1.6449,1.6815,1.7219,1.8487
2020-01-13,1.6031,1.6611,1.6981,1.7387,1.8668
2020-01-14,1.5932,1.6393,1.6736,1.7121,1.8364
2020-01-15,1.5757,1.6116,1.6449,1.6826,1.8041
2020-01-16,1.5855,1.6356,1.6703,1.7087,1.8303
2020-01-17,1.5876,1.6414,1.6785,1.7204,1.8561
2020-01-21,1.5488,1.5866,1.6239,1.6658,1.7988
2020-01-22,1.5399,1.5861,1.6233,1.6638,1.7892
2020-01-23,1.5244,1.5575,1.5920,1.6304,1.7514
2020-01-24,1.5043,1.5220,1.5543,1.5913,1.7114
2020-01-27,1.4489,1.4400,1.4694,1.5044,1.6210
2020-01-28,1.4770,1.4755,1.5060,1.5420,1.6606
2020-01-29,1.4361,1.4218,1.4525,1.4885,1.6064
2020-01-30,1.4171,1.3999,1.4295,1.4648,1.5830
2020-01-31,1.3473,1.3299,1.3636,1.4021,1.5255
2020-02-03,1.3791,1.3626,1.3935,1.4291,1.5450
2020-02-04,1.4357,1.4302,1.4614,1.4978,1.6171
2020-02-05,1.4689,1.4755,1.5081,1.5459,1.6690
2020-02-06,1.4688,1.4684,1.4988,1.5343,1.6507
2020-02-07,1.4314,1.4203,1.4499,1.4849,1.6005
2020-02-10,1.4027,1.3853,1.4159,1.4523,1.5721
2020-02-11,1.4317,1.4147,1.4442,1.4797,1.5979
2020-02-12,1.4590,1.4578,1.4888,1.5252,1.6443
2020-02-13,1.4588,1.4479,1.4766,1.5114,1.6288
2020-02-14,1.4446,1.4289,1.4569,1.4912,1.6076
2020-02-18,1.4206,1.3994,1.4259,1.4587,1.5711
2020-02-19,1.4364,1.4172,1.4420,1.4731,1.5821
2020-02-20,1.4053,1.3764,1.3998,1.4296,1.5353
2020-02-21,1.3533,1.3136,1.3366,1.3661,1.4715
2020-02-24,1.2664,1.2284,1.2539,1.2853,1.3949
2020-02-25,1.2122,1.1723,1.1986,1.2306,1.3413
2020-02-26,1.1792,1.1661,1.1952,1.2286,1.3412
2020-02-27,1.1333,1.1279,1.1598,1.1956,1.3116
2020-02-28,0.8853,0.9230,0.9680,1.0131,1.1444
2020-03-02,0.8859,0.9090,0.9480,0.9902,1.1242
2020-03-03,0.7607,0.8001,0.8441,0.8926,1.0491
2020-03-04,0.7066,0.7881,0.8363,0.8882,1.0520
2020-03-05,0.6288,0.7084,0.7499,0.7961,0.9504
2020-03-06,0.5606,0.6206,0.6500,0.6827,0.7925
2020-03-09,0.4597,0.5166,0.5340,0.5518,0.6191
2020-03-10,0.6333,0.7072,0.7355,0.7659,0.8679
2020-03-11,0.6345,0.7551,0.7799,0.8007,0.8648
2020-03-12,0.6287,0.7676,0.8092,0.8484,0.9612
2020-03-13,0.6199,0.8175,0.8736,0.9201,1.0265
2020-03-16,0.5057,0.6044,0.6506,0.6923,0.8002
2020-03-17,0.5922,0.8018,0.8772,0.9474,1.1255
2020-03-18,0.6638,0.9699,1.0475,1.1163,1.2860
2020-03-19,0.5535,0.8686,0.9584,1.0390,1.2330
2020-03-20,0.4461,0.6985,0.7775,0.8502,1.0312
2020-03-23,0.3526,0.5228,0.5920,0.6584,0.8298
2020-03-24,0.4550,0.6511,0.7105,0.7660,0.9113
2020-03-25,0.4004,0.6480,0.7165,0.7787,0.9355
2020-03-26,0.3379,0.5874,0.6592,0.7250,0.8920
2020-03-27,0.2912,0.4874,0.5538,0.6170,0.7838
2020-03-30,0.2798,0.4687,0.5339,0.5964,0.7650
2020-03-31,0.2770,0.4496,0.5184,0.5869,0.7789
2020-04-01,0.2679,0.4217,0.4787,0.5344,0.6918
2020-04-02,0.2614,0.4436,0.5024,0.5574,0.7064
2020-04-03,0.2793,0.4363,0.4904,0.5446,0.7035
2020-04-06,0.3121,0.4859,0.5421,0.5970,0.7527
2020-04-07,0.3256,0.5288,0.5908,0.6500,0.8108
2020-04-08,0.2951,0.5154,0.5886,0.6578,0.8394
2020-04-09,0.2745,0.4591,0.5306,0.6010,0.7937
2020-04-13,0.2641,0.4841,0.5643,0.6394,0.8320
2020-04-14,0.2457,0.4614,0.5426,0.6197,0.8219
2020-04-15,0.2196,0.3707,0.4359,0.5019,0.6902
2020-04-16,0.2244,0.3791,0.4399,0.5003,0.6703
2020-04-17,0.2309,0.4018,0.4676,0.5327,0.7154
2020-04-20,0.2325,0.3852,0.4440,0.5040,0.6814
2020-04-21,0.2309,0.3716,0.4235,0.4763,0.6345
2020-04-22,0.2352,0.4041,0.4614,0.5182,0.6824
2020-04-23,0.2393,0.3983,0.4519,0.5051,0.6592
2020-04-24,0.2324,0.3962,0.4503,0.5037,0.6570
2020-04-27,0.2518,0.4367,0.4962,0.5543,0.7184
2020-04-28,0.2353,0.4024,0.4573,0.5114,0.6669
2020-04-29,0.2160,0.3941,0.4539,0.5113,0.6710
2020-04-30,0.2160,0.3977,0.4604,0.5212,0.6905
2020-05-01,0.2239,0.4050,0.4657,0.5238,0.6848
2020-05-04,0.2092,0.3947,0.4568,0.5165,0.6826
2020-05-05,0.2143,0.4018,0.4660,0.5275,0.6974
2020-05-06,0.2037,0.4173,0.4924,0.5640,0.7572
2020-05-07,0.1556,0.3397,0.4090,0.4757,0.6575
2020-05-08,0.1804,0.3745,0.4485,0.5203,0.7169
2020-05-11,0.1996,0.3999,0.4751,0.5483,0.7492
2020-05-12,0.1899,0.3784,0.4502,0.5201,0.7122
2020-05-13,0.1759,0.3514,0.4200,0.4869,0.6718
2020-05-14,0.1704,0.3447,0.4117,0.4766,0.6543
2020-05-15,0.1672,0.3481,0.4203,0.4900,0.6776
2020-05-18,0.2010,0.4105,0.4877,0.5619,0.7620
2020-05-19,0.1858,0.3798,0.4561,0.5307,0.7366
2020-05-20,0.1837,0.3695,0.4431,0.5151,0.7136
2020-05-21,0.1872,0.3725,0.4439,0.5136,0.7062
2020-05-22,0.1874,0.3611,0.4280,0.4939,0.6795
2020-05-26,0.1914,0.3770,0.4497,0.5214,0.7222
2020-05-27,0.2002,0.3682,0.4367,0.5053,0.7028
2020-05-28,0.1921,0.3749,0.4484,0.5210,0.7259
2020-05-29,0.1743,0.3356,0.4060,0.4764,0.6777
2020-06-01,0.1782,0.3389,0.4098,0.4813,0.6892
2020-06-02,0.1855,0.3544,0.4266,0.4989,0.7069
2020-06-03,0.2173,0.4136,0.4928,0.5709,0.7892
2020-06-04,0.2132,0.4383,0.5259,0.6109,0.8429
2020-06-05,0.2368,0.5061,0.6027,0.6937,0.9310
2020-06-08,0.2461,0.4866,0.5783,0.6668,0.9040
2020-06-09,0.2227,0.4460,0.5353,0.6219,0.8545
2020-06-10,0.1931,0.3736,0.4569,0.5401,0.7721
2020-06-11,0.2026,0.3503,0.4169,0.4848,0.6835
2020-06-12,0.2023,0.3647,0.4381,0.5123,0.7249
2020-06-15,0.1982,0.3669,0.4412,0.5157,0.7271
2020-06-16,0.2072,0.3818,0.4607,0.5407,0.7694
2020-06-17,0.2040,0.3755,0.4523,0.5299,0.7527
2020-06-18,0.2039,0.3674,0.4382,0.5100,0.7186
2020-06-19,0.1989,0.3652,0.4367,0.5086,0.7163
2020-06-22,0.2009,0.3694,0.4417,0.5144,0.7231
2020-06-23,0.1978,0.3661,0.4400,0.5147,0.7295
2020-06-24,0.1887,0.3524,0.4226,0.4933,0.6975
2020-06-25,0.1889,0.3551,0.4257,0.4961,0.6969
2020-06-26,0.1720,0.3264,0.3945,0.4630,0.6589
2020-06-29,0.1600,0.3078,0.3775,0.4481,0.6511
2020-06-30,0.1593,0.3188,0.3923,0.4662,0.6755
2020-07-01,0.1721,0.3440,0.4194,0.4939,0.7012
2020-07-02,0.1606,0.3271,0.4029,0.4781,0.6882
2020-07-06,0.1704,0.3381,0.4137,0.4894,0.7026
2020-07-07,0.1677,0.3172,0.3866,0.4566,0.6571
2020-07-08,0.1638,0.3223,0.3947,0.4670,0.6703
2020-07-09,0.1598,0.3045,0.3703,0.4361,0.6225
2020-07-10,0.1628,0.3293,0.3995,0.4682,0.6576
2020-07-13,0.1630,0.3199,0.3883,0.4563,0.6464
2020-07-14,0.1618,0.3125,0.3785,0.4443,0.6303
2020-07-15,0.1587,0.3127,0.3811,0.4497,0.6435
2020-07-16,0.1533,0.3058,0.3728,0.4398,0.6291
2020-07-17,0.1526,0.3127,0.3816,0.4502,0.6429
2020-07-20,0.1576,0.3108,0.3769,0.4429,0.6306
2020-07-21,0.1489,0.2972,0.3626,0.4282,0.6153
2020-07-22,0.1542,0.2986,0.3619,0.4256,0.6088
2020-07-23,0.1583,0.2966,0.3572,0.4181,0.5927
2020-07-24,0.1537,0.2985,0.3610,0.4232,0.5986
2020-07-27,0.1650,0.3157,0.3792,0.4425,0.6214
2020-07-28,0.1482,0.2894,0.3506,0.4120,0.5861
2020-07-29,0.1347,0.2746,0.3386,0.4029,0.5854
2020-07-30,0.1234,0.2548,0.3156,0.3768,0.5502
2020-07-31,0.1132,0.2427,0.3055,0.3687,0.5470
2020-08-03,0.1136,0.2463,0.3106,0.3758,0.5613
2020-08-04,0.1090,0.2216,0.2800,0.3401,0.5159
2020-08-05,0.1196,0.2457,0.3076,0.3706,0.5508
2020-08-06,0.1213,0.2421,0.3021,0.3636,0.5410
2020-08-07,0.1318,0.2602,0.3219,0.3851,0.5685
2020-08-10,0.1349,0.2677,0.3314,0.3964,0.5839
2020-08-11,0.1548,0.3038,0.3721,0.4412,0.6383
2020-08-12,0.1633,0.3302,0.4030,0.4762,0.6814
2020-08-13,0.1716,0.3501,0.4252,0.5001,0.7103
2020-08-14,0.1567,0.3331,0.4108,0.4887,0.7076
2020-08-17,0.1565,0.3200,0.3930,0.4675,0.6833
2020-08-18,0.1471,0.3092,0.3822,0.4561,0.6670
2020-08-19,0.1445,0.3114,0.3864,0.4624,0.6793
2020-08-20,0.1404,0.2978,0.3688,0.4405,0.6462
2020-08-21,0.1484,0.2988,0.3667,0.4359,0.6362
2020-08-24,0.1574,0.3106,0.3788,0.4482,0.6494
2020-08-25,0.1580,0.3250,0.3988,0.4734,0.6855
2020-08-26,0.1597,0.3236,0.3981,0.4740,0.6923
2020-08-27,0.1632,0.3437,0.4248,0.5076,0.7456
2020-08-28,0.1374,0.3165,0.4030,0.4915,0.7442
2020-08-31,0.1351,0.3069,0.3910,0.4772,0.7234
2020-09-01,0.1308,0.2882,0.3663,0.4469,0.6795
2020-09-02,0.1372,0.2884,0.3625,0.4387,0.6584
2020-09-03,0.1288,0.2683,0.3387,0.4117,0.6249
2020-09-04,0.1557,0.3306,0.4089,0.4886,0.7168
2020-09-08,0.1468,0.3050,0.3808,0.4590,0.6862
2020-09-09,0.1481,0.3092,0.3867,0.4668,0.6992
2020-09-10,0.1388,0.2946,0.3707,0.4491,0.6761
2020-09-11,0.1325,0.2854,0.3616,0.4403,0.6678
2020-09-14,0.1389,0.2933,0.3686,0.4462,0.6712
2020-09-15,0.1379,0.2960,0.3707,0.4476,0.6709
2020-09-16,0.1407,0.3028,0.3797,0.4585,0.6850
2020-09-17,0.1351,0.3027,0.3804,0.4593,0.6837
2020-09-18,0.1397,0.3086,0.3868,0.4667,0.6960
2020-09-21,0.1384,0.2971,0.3720,0.4493,0.6741
2020-09-22,0.1327,0.2908,0.3664,0.4443,0.6704
2020-09-23,0.1383,0.2971,0.3720,0.4490,0.6724
2020-09-24,0.1346,0.2953,0.3696,0.4452,0.6620
2020-09-25,0.1289,0.2868,0.3609,0.4368,0.6547
2020-09-28,0.1289,0.2866,0.3612,0.4377,0.6589
2020-09-29,0.1247,0.2767,0.3509,0.4273,0.6493
2020-09-30,0.1308,0.2968,0.3742,0.4534,0.6819
2020-10-01,0.1335,0.2944,0.3702,0.4480,0.6740
2020-10-02,0.1360,0.3074,0.3858,0.4657,0.6953
2020-10-05,0.1513,0.3569,0.4441,0.5314,0.7753
2020-10-06,0.1509,0.3425,0.4267,0.5120,0.7551
2020-10-07,0.1626,0.3744,0.4624,0.5507,0.7983
2020-10-08,0.1433,0.3492,0.4379,0.5265,0.7720
2020-10-09,0.1597,0.3661,0.4536,0.5409,0.7833
2020-10-13,0.1432,0.3312,0.4145,0.4986,0.7363
2020-10-14,0.1417,0.3267,0.4087,0.4915,0.7257
2020-10-15,0.1437,0.3383,0.4222,0.5062,0.7404
2020-10-16,0.1436,0.3448,0.4300,0.5147,0.7493
2020-10-19,0.1484,0.3564,0.4447,0.5320,0.7712
2020-10-20,0.1491,0.3684,0.4610,0.5529,0.8045
2020-10-21,0.1518,0.3799,0.4754,0.5697,0.8255
2020-10-22,0.1562,0.4049,0.5058,0.6041,0.8663
2020-10-23,0.1580,0.3987,0.4965,0.5922,0.8490
2020-10-26,0.1488,0.3772,0.4711,0.5633,0.8119
2020-10-27,0.1464,0.3629,0.4534,0.5431,0.7883
2020-10-28,0.1478,0.3627,0.4538,0.5439,0.7891
2020-10-29,0.1516,0.3972,0.4972,0.5943,0.8499
2020-10-30,0.1518,0.4113,0.5172,0.6196,0.8860
2020-11-02,0.1546,0.4052,0.5078,0.6076,0.8697
2020-11-03,0.1628,0.4224,0.5281,0.6306,0.8985
2020-11-04,0.1439,0.3523,0.4434,0.5341,0.7812
2020-11-05,0.1506,0.3615,0.4516,0.5408,0.7835
2020-11-06,0.1560,0.3885,0.4834,0.5768,0.8291
2020-11-09,0.1871,0.4682,0.5759,0.6803,0.9550
2020-11-10,0.1920,0.4860,0.5970,0.7035,0.9799
2020-11-12,0.1741,0.4244,0.5223,0.6180,0.8737
2020-11-13,0.1771,0.4340,0.5337,0.6308,0.8885
2020-11-16,0.1763,0.4393,0.5411,0.6401,0.9023
2020-11-17,0.1709,0.4137,0.5101,0.6049,0.8605
2020-11-18,0.1715,0.4282,0.5265,0.6221,0.8764
2020-11-19,0.1656,0.4162,0.5119,0.6049,0.8514
2020-11-20,0.1592,0.4078,0.5018,0.5924,0.8297
2020-11-23,0.1586,0.4190,0.5164,0.6100,0.8538
2020-11-24,0.1569,0.4245,0.5261,0.6239,0.8784
2020-11-25,0.1546,0.4194,0.5221,0.6214,0.8807
2020-11-27,0.1514,0.3950,0.4936,0.5891,0.8396
2020-11-30,0.1417,0.3921,0.4927,0.5902,0.8447
2020-12-01,0.1635,0.4453,0.5536,0.6576,0.9251
2020-12-02,0.1596,0.4499,0.5629,0.6716,0.9522
2020-12-03,0.1514,0.4320,0.5422,0.6484,0.9228
2020-12-04,0.1491,0.4507,0.5683,0.6814,0.9713
2020-12-07,0.1398,0.4220,0.5356,0.6457,0.9324
2020-12-08,0.1391,0.4183,0.5284,0.6350,0.9131
2020-12-09,0.1495,0.4351,0.5473,0.6556,0.9367
2020-12-10,0.1344,0.4124,0.5235,0.6307,0.9069
2020-12-11,0.1159,0.3894,0.5019,0.6106,0.8906
2020-12-14,0.1139,0.3869,0.5002,0.6099,0.8929
2020-12-15,0.1159,0.3988,0.5150,0.6270,0.9138
2020-12-16,0.1189,0.3965,0.5125,0.6250,0.9156
2020-12-17,0.1234,0.4074,0.5238,0.6368,0.9293
2020-12-18,0.1204,0.4099,0.5292,0.6447,0.9424
2020-12-21,0.1218,0.4131,0.5324,0.6476,0.9429
2020-12-22,0.1160,0.3948,0.5117,0.6251,0.9174
2020-12-23,0.1177,0.4100,0.5327,0.6516,0.9557
2020-12-24,0.1213,0.3997,0.5179,0.6330,0.9306
2020-12-28,0.1219,0.4000,0.5186,0.6341,0.9320
2020-12-29,0.1222,0.4007,0.5197,0.6357,0.9363
2020-12-30,0.1205,0.3936,0.5122,0.6281,0.9277
2020-12-31,0.1157,0.3889,0.5068,0.6219,0.9192
2021-01-04,0.1085,0.3801,0.4982,0.6141,0.9164
2021-01-05,0.1150,0.3977,0.5190,0.6378,0.9468
2021-01-06,0.1390,0.4542,0.5841,0.7104,1.0364
2021-01-07,0.1386,0.4820,0.6190,0.7502,1.0808
2021-01-08,0.1411,0.5122,0.6553,0.7905,1.1237
2021-01-11,0.1455,0.5250,0.6716,0.8098,1.1465
2021-01-12,0.1409,0.5224,0.6693,0.8076,1.1446
2021-01-13,0.1405,0.5003,0.6401,0.7723,1.0969
2021-01-14,0.1431,0.5141,0.6613,0.8011,1.1461
2021-01-15,0.1289,0.4844,0.6269,0.7633,1.1045
2021-01-19,0.1217,0.4757,0.6197,0.7574,1.1003
2021-01-20,0.1199,0.4741,0.6173,0.7543,1.0961
2021-01-21,0.1153,0.4774,0.6252,0.7668,1.1193
2021-01-22,0.1143,0.4654,0.6099,0.7487,1.0968
2021-01-25,0.1122,0.4405,0.5770,0.7093,1.0467
2021-01-26,0.1097,0.4431,0.5799,0.7120,1.0476
2021-01-27,0.1138,0.4358,0.5697,0.6996,1.0321
2021-01-28,0.1163,0.4527,0.5906,0.7237,1.0618
2021-01-29,0.1132,0.4760,0.6227,0.7630,1.1128
2021-02-01,0.1035,0.4499,0.5948,0.7346,1.0869
2021-02-02,0.1107,0.4709,0.6190,0.7611,1.1171
2021-02-03,0.1130,0.4876,0.6394,0.7847,1.1472
2021-02-04,0.1089,0.4883,0.6406,0.7866,1.1530
2021-02-05,0.1020,0.4950,0.6531,0.8048,1.1854
2021-02-08,0.1125,0.5059,0.6623,0.8116,1.1839
2021-02-09,0.1148,0.5026,0.6570,0.8050,1.1766
2021-02-10,0.1080,0.4809,0.6315,0.7767,1.1451
2021-02-11,0.1072,0.4851,0.6381,0.7854,1.1575
2021-02-12,0.1095,0.5129,0.6739,0.8277,1.2116
2021-02-16,0.1263,0.5837,0.7564,0.9183,1.3104
2021-02-17,0.1122,0.5809,0.7572,0.9212,1.3129
2021-02-18,0.1087,0.5737,0.7503,0.9151,1.3096
2021-02-19,0.1110,0.6035,0.7881,0.9597,1.3681
2021-02-22,0.1183,0.6193,0.8056,0.9790,1.3943
2021-02-23,0.1162,0.6091,0.7958,0.9707,1.3934
2021-02-24,0.1289,0.6312,0.8178,0.9921,1.4135
2021-02-25,0.1957,0.8207,1.0206,1.1979,1.5986
2021-02-26,0.1654,0.7655,0.9586,1.1286,1.5081
2021-03-01,0.1422,0.7267,0.9255,1.1037,1.5089
2021-03-02,0.1381,0.6910,0.8849,1.0611,1.4705
2021-03-03,0.1595,0.7420,0.9407,1.1198,1.5294
2021-03-04,0.1646,0.7905,1.0009,1.1885,1.6082
2021-03-05,0.1669,0.8090,1.0209,1.2080,1.6208
2021-03-08,0.1855,0.8618,1.0744,1.2594,1.6587
2021-03-09,0.1866,0.8329,1.0373,1.2162,1.6085
2021-03-10,0.1754,0.8032,1.0061,1.1850,1.5817
2021-03-11,0.1621,0.7936,1.0008,1.1841,1.5925
2021-03-12,0.1739,0.8611,1.0824,1.2769,1.7043
2021-03-15,0.1709,0.8515,1.0698,1.2614,1.6827
2021-03-16,0.1646,0.8408,1.0604,1.2540,1.6824
2021-03-17,0.1446,0.8101,1.0364,1.2387,1.6925
2021-03-18,0.1595,0.8733,1.1093,1.3176,1.7731
2021-03-19,0.1606,0.9031,1.1438,1.3538,1.8036
2021-03-22,0.1569,0.8771,1.1100,1.3136,1.7499
2021-03-23,0.1514,0.8396,1.0652,1.2635,1.6939
2021-03-24,0.1472,0.8295,1.0533,1.2499,1.6754
2021-03-25,0.1415,0.8274,1.0546,1.2548,1.6898
2021-03-26,0.1469,0.8595,1.0920,1.2955,1.7321
2021-03-29,0.1516,0.8969,1.1370,1.3453,1.7863
2021-03-30,0.1556,0.9110,1.1509,1.3574,1.7880
2021-03-31,0.1683,0.9319,1.1712,1.3769,1.8050
2021-04-01,0.1723,0.9153,1.1454,1.3424,1.7510
2021-04-02,0.2053,0.9724,1.2002,1.3925,1.7853
2021-04-05,0.1861,0.9475,1.1796,1.3777,1.7869
2021-04-06,0.1697,0.8869,1.1138,1.3105,1.7272
2021-04-07,0.1653,0.8835,1.1128,1.3124,1.7377
2021-04-08,0.1567,0.8556,1.0795,1.2747,1.6932
2021-04-09,0.1702,0.8854,1.1110,1.3065,1.7197
2021-04-12,0.1842,0.9054,1.1297,1.3234,1.7326
2021-04-13,0.1683,0.8605,1.0814,1.2737,1.6855
2021-04-14,0.1726,0.8767,1.0970,1.2883,1.6974
2021-04-15,0.1610,0.8190,1.0291,1.2129,1.6106
2021-04-16,0.1757,0.8455,1.0580,1.2434,1.6428
2021-04-19,0.1689,0.8516,1.0697,1.2601,1.6687
2021-04-20,0.1608,0.8216,1.0361,1.2244,1.6327
2021-04-21,0.1579,0.8165,1.0303,1.2180,1.6248
2021-04-22,0.1584,0.8176,1.0304,1.2166,1.6183
2021-04-23,0.1708,0.8396,1.0518,1.2368,1.6345
2021-04-26,0.1818,0.8504,1.0605,1.2430,1.6333
2021-04-27,0.1823,0.8810,1.0983,1.2860,1.6831
2021-04-28,0.1729,0.8686,1.0886,1.2792,1.6833
2021-04-29,0.1707,0.8731,1.0962,1.2901,1.7013
2021-04-30,0.1684,0.8702,1.0938,1.2881,1.6994
2021-05-03,0.1618,0.8475,1.0688,1.2623,1.6770
2021-05-04,0.1599,0.8370,1.0557,1.2469,1.6575
2021-05-05,0.1527,0.8147,1.0322,1.2231,1.6355
2021-05-06,0.1569,0.8171,1.0327,1.2220,1.6308
2021-05-07,0.1470,0.7953,1.0150,1.2112,1.6443
2021-05-10,0.1542,0.8120,1.0337,1.2317,1.6691
2021-05-11,0.1603,0.8242,1.0467,1.2453,1.6849
2021-05-12,0.1753,0.8777,1.1071,1.3099,1.7518
2021-05-13,0.1656,0.8535,1.0804,1.2816,1.7243
2021-05-14,0.1609,0.8393,1.0627,1.2608,1.6967
2021-05-17,0.1608,0.8491,1.0728,1.2703,1.7043
2021-05-18,0.1593,0.8386,1.0627,1.2616,1.7015
2021-05-19,0.1700,0.8783,1.1053,1.3049,1.7408
2021-05-20,0.1575,0.8347,1.0571,1.2545,1.6907
2021-05-21,0.1634,0.8461,1.0671,1.2622,1.6900
2021-05-24,0.1591,0.8315,1.0500,1.2436,1.6703
2021-05-25,0.1486,0.7972,1.0109,1.2008,1.6215
2021-05-26,0.1467,0.8052,1.0222,1.2144,1.6374
2021-05-27,0.1477,0.8205,1.0430,1.2396,1.6691
2021-05-28,0.1419,0.7989,1.0183,1.2128,1.6403
2021-06-01,0.1491,0.8221,1.0459,1.2440,1.6782
2021-06-02,0.1455,0.8100,1.0298,1.2247,1.6553
2021-06-03,0.1653,0.8512,1.0727,1.2670,1.6888
2021-06-04,0.1547,0.8001,1.0128,1.2012,1.6168
2021-06-07,0.1600,0.8079,1.0202,1.2079,1.6225
2021-06-08,0.1538,0.7852,0.9926,1.1768,1.5863
2021-06-09,0.1568,0.7603,0.9617,1.1420,1.5480
2021-06-10,0.1496,0.7392,0.9358,1.1119,1.5103
2021-06-11,0.1601,0.7645,0.9612,1.1357,1.5262
2021-06-14,0.1692,0.7993,0.9992,1.1752,1.5655
2021-06-15,0.1739,0.8025,1.0018,1.1776,1.5689
2021-06-16,0.2194,0.8917,1.0928,1.2657,1.6347
2021-06-17,0.2340,0.8966,1.0833,1.2414,1.5753
2021-06-18,0.2748,0.8935,1.0593,1.1994,1.4993
2021-06-21,0.2743,0.9048,1.0789,1.2274,1.5494
2021-06-22,0.2475,0.8804,1.0570,1.2081,1.5363
2021-06-23,0.2658,0.9010,1.0766,1.2265,1.5508
2021-06-24,0.2724,0.9049,1.0788,1.2269,1.5468
2021-06-25,0.2756,0.9302,1.1101,1.2633,1.5940
2021-06-28,0.2587,0.9030,1.0771,1.2244,1.5407
2021-06-29,0.2600,0.8999,1.0744,1.2222,1.5402
2021-06-30,0.2557,0.8793,1.0485,1.1921,1.5032
2021-07-01,0.2639,0.9032,1.0736,1.2172,1.5255
2021-07-02,0.2489,0.8688,1.0373,1.1802,1.4893
2021-07-06,0.2306,0.8154,0.9768,1.1150,1.4199
2021-07-07,0.2269,0.7937,0.9487,1.0810,1.3730
2021-07-08,0.2024,0.7518,0.9087,1.0443,1.3455
2021-07-09,0.2290,0.8013,0.9632,1.1026,1.4113
2021-07-12,0.2435,0.8132,0.9732,1.1114,1.4193
2021-07-13,0.2687,0.8549,1.0139,1.1508,1.4555
2021-07-14,0.2422,0.8108,0.9666,1.1007,1.4009
2021-07-15,0.2385,0.7867,0.9331,1.0587,1.3418
2021-07-16,0.2434,0.7930,0.9394,1.0652,1.3493
2021-07-19,0.2200,0.7036,0.8380,0.9556,1.2290
2021-07-20,0.2053,0.7001,0.8435,0.9698,1.2635
2021-07-21,0.2207,0.7494,0.9002,1.0321,1.3339
2021-07-22,0.2106,0.7231,0.8714,1.0016,1.3001
2021-07-23,0.2146,0.7385,0.8905,1.0240,1.3293
2021-07-26,0.2139,0.7431,0.8947,1.0270,1.3283
2021-07-27,0.2068,0.7172,0.8631,0.9911,1.2859
2021-07-28,0.2118,0.7264,0.8716,0.9986,1.2928
2021-07-29,0.2061,0.7372,0.8879,1.0190,1.3178
2021-07-30,0.1933,0.7073,0.8556,0.9854,1.2833
2021-08-02,0.1824,0.6688,0.8121,0.9387,1.2348
2021-08-03,0.1787,0.6590,0.8017,0.9280,1.2232
2021-08-04,0.1895,0.6791,0.8175,0.9385,1.2190
2021-08-05,0.2157,0.7289,0.8680,0.9880,1.2616
2021-08-06,0.2301,0.7817,0.9285,1.0543,1.3382
2021-08-09,0.2417,0.8017,0.9487,1.0744,1.3579
2021-08-10,0.2613,0.8345,0.9805,1.1044,1.3833
2021-08-11,0.2438,0.8179,0.9668,1.0937,1.3799
2021-08-12,0.2495,0.8408,0.9908,1.1173,1.3995
2021-08-13,0.2412,0.8026,0.9432,1.0620,1.3303
2021-08-16,0.2283,0.7654,0.9041,1.0229,1.2957
2021-08-17,0.2379,0.7792,0.9164,1.0335,1.3014
2021-08-18,0.2443,0.7896,0.9261,1.0419,1.3047
2021-08-19,0.2480,0.7827,0.9137,1.0245,1.2772
2021-08-20,0.2528,0.8000,0.9326,1.0437,1.2921
2021-08-23,0.2512,0.7852,0.9177,1.0297,1.2827
2021-08-24,0.2536,0.8112,0.9485,1.0637,1.3212
2021-08-25,0.2553,0.8447,0.9898,1.1111,1.3777
2021-08-26,0.2536,0.8461,0.9907,1.1110,1.3735
2021-08-27,0.2297,0.8059,0.9518,1.0741,1.3432
2021-08-30,0.2175,0.7816,0.9271,1.0498,1.3211
2021-08-31,0.2210,0.7840,0.9330,1.0592,1.3387
2021-09-01,0.2228,0.7908,0.9375,1.0614,1.3350
2021-09-02,0.2256,0.7862,0.9307,1.0527,1.3229
2021-09-03,0.2228,0.7985,0.9483,1.0747,1.3534
2021-09-07,0.2362,0.8341,0.9885,1.1182,1.4013
2021-09-08,0.2338,0.8171,0.9657,1.0905,1.3655
2021-09-09,0.2329,0.7980,0.9419,1.0627,1.3285
2021-09-10,0.2380,0.8292,0.9782,1.1024,1.3719
2021-09-13,0.2312,0.8180,0.9648,1.0868,1.3511
2021-09-14,0.2296,0.7936,0.9336,1.0498,1.3022
2021-09-15,0.2316,0.8142,0.9570,1.0748,1.3280
2021-09-16,0.2406,0.8484,0.9946,1.1140,1.3658
2021-09-17,0.2525,0.8802,1.0288,1.1494,1.4016
2021-09-20,0.2423,0.8355,0.9770,1.0927,1.3380
2021-09-21,0.2419,0.8439,0.9881,1.1058,1.3529
2021-09-22,0.2676,0.8655,1.0015,1.1112,1.3415
2021-09-23,0.2901,0.9401,1.0856,1.2018,1.4402
2021-09-24,0.3059,0.9754,1.1267,1.2480,1.4972
2021-09-27,0.3119,0.9969,1.1507,1.2730,1.5194
2021-09-28,0.3128,1.0253,1.1884,1.3187,1.5814
2021-09-29,0.3019,1.0153,1.1830,1.3179,1.5910
2021-09-30,0.2899,0.9917,1.1579,1.2918,1.5650
2021-10-01,0.2699,0.9439,1.1086,1.2430,1.5217
2021-10-04,0.2849,0.9583,1.1217,1.2550,1.5314
2021-10-05,0.2967,0.9924,1.1602,1.2968,1.5787
2021-10-06,0.3066,0.9973,1.1614,1.2943,1.5678
2021-10-07,0.3224,1.0341,1.2018,1.3376,1.6173
2021-10-08,0.3372,1.0629,1.2328,1.3701,1.6516
2021-10-12,0.3667,1.0823,1.2403,1.3662,1.6220
2021-10-13,0.3860,1.0931,1.2419,1.3587,1.5925
2021-10-14,0.3715,1.0547,1.2025,1.3198,1.5578
2021-10-15,0.4214,1.1330,1.2781,1.3914,1.6176
2021-10-18,0.4430,1.1600,1.2996,1.4072,1.6182
2021-10-19,0.4263,1.1717,1.3244,1.4436,1.6789
2021-10-20,0.4160,1.1664,1.3196,1.4396,1.6805
2021-10-21,0.4803,1.2265,1.3738,1.4879,1.7130
2021-10-22,0.5010,1.2220,1.3607,1.4682,1.6828
2021-10-25,0.4749,1.1912,1.3337,1.4452,1.6700
2021-10-26,0.4851,1.1956,1.3329,1.4395,1.6533
2021-10-27,0.4988,1.1625,1.2840,1.3781,1.5695
2021-10-28,0.5004,1.1919,1.3198,1.4183,1.6143
2021-10-29,0.4867,1.1821,1.3131,1.4141,1.6141
2021-11-01,0.5225,1.2059,1.3338,1.4335,1.6362
2021-11-02,0.4705,1.1579,1.2903,1.3934,1.6008
2021-11-03,0.4993,1.1984,1.3307,1.4331,1.6381
2021-11-04,0.4365,1.1105,1.2444,1.3498,1.5662
2021-11-05,0.4198,1.0566,1.1818,1.2805,1.4857
2021-11-08,0.4795,1.1377,1.2600,1.3546,1.5462
2021-11-09,0.4440,1.0864,1.2055,1.2980,1.4870
2021-11-10,0.5498,1.2272,1.3414,1.4276,1.5989
2021-11-12,0.5635,1.2449,1.3587,1.4449,1.6175
2021-11-15,0.5680,1.2708,1.3902,1.4814,1.6664
2021-11-16,0.5646,1.2763,1.3973,1.4898,1.6773
2021-11-17,0.5522,1.2521,1.3712,1.4627,1.6504
2021-11-18,0.5464,1.2374,1.3551,1.4454,1.6300
2021-11-19,0.5657,1.2321,1.3391,1.4207,1.5889
2021-11-22,0.6416,1.3316,1.4399,1.5211,1.6834
2021-11-23,0.6260,1.3432,1.4587,1.5459,1.7208
2021-11-24,0.6637,1.3511,1.4578,1.5378,1.6963
2021-11-26,0.5286,1.1806,1.2858,1.3663,1.5322
2021-11-29,0.5359,1.1966,1.3078,1.3933,1.5695
2021-11-30,0.5472,1.1558,1.2554,1.3322,1.4925
2021-12-01,0.6062,1.1573,1.2590,1.3387,1.5002
2021-12-02,0.6521,1.2140,1.3001,1.3660,1.5047
2021-12-03,0.6248,1.1406,1.2193,1.2810,1.4175
2021-12-06,0.6736,1.2153,1.2974,1.3605,1.4948
2021-12-07,0.7267,1.2688,1.3494,1.4108,1.5406
2021-12-08,0.7158,1.2776,1.3608,1.4248,1.5642
2021-12-09,0.7268,1.2696,1.3459,1.4049,1.5380
2021-12-10,0.7094,1.2680,1.3449,1.4039,1.5358
2021-12-13,0.6937,1.2281,1.2994,1.3542,1.4796
2021-12-14,0.7090,1.2513,1.3231,1.3776,1.4994
2021-12-15,0.7375,1.2779,1.3507,1.4063,1.5318
2021-12-16,0.6852,1.1970,1.2827,1.3497,1.4967
2021-12-17,0.7023,1.1964,1.2758,1.3375,1.4731
2021-12-20,0.6892,1.1858,1.2695,1.3360,1.4860
2021-12-21,0.7299,1.2455,1.3295,1.3948,1.5364
2021-12-22,0.7314,1.2427,1.3238,1.3861,1.5205
2021-12-23,0.7580,1.2651,1.3484,1.4136,1.5567
2021-12-27,0.7793,1.2696,1.3462,1.4060,1.5412
2021-12-28,0.7747,1.2645,1.3433,1.4054,1.5465
2021-12-29,0.7747,1.2995,1.3887,1.4594,1.6155
2021-12-30,0.7642,1.2728,1.3601,1.4296,1.5837
2021-12-31,0.7549,1.2655,1.3551,1.4258,1.5780
2022-01-03,0.8093,1.3706,1.4686,1.5447,1.7019
2022-01-04,0.7873,1.3688,1.4757,1.5600,1.7357
2022-01-05,0.8495,1.4315,1.5316,1.6093,1.7702
2022-01-06,0.9032,1.4796,1.5738,1.6458,1.7927
2022-01-07,0.9027,1.5068,1.6094,1.6877,1.8427
2022-01-10,0.9419,1.5380,1.6337,1.7054,1.8465
2022-01-11,0.9348,1.5191,1.6134,1.6845,1.8253
2022-01-12,0.9442,1.5110,1.6013,1.6703,1.8121
2022-01-13,0.9227,1.4755,1.5659,1.6354,1.7787
2022-01-14,1.0056,1.5618,1.6492,1.7163,1.8574
2022-01-18,1.0695,1.6546,1.7440,1.8108,1.9444
2022-01-19,1.0578,1.6280,1.7144,1.7790,1.9090
2022-01-20,1.0762,1.6261,1.7081,1.7702,1.8999
2022-01-21,1.0234,1.5539,1.6351,1.6968,1.8253
2022-01-24,0.9934,1.5358,1.6256,1.6948,1.8382
2022-01-25,1.0314,1.5709,1.6576,1.7242,1.8627
2022-01-26,1.1374,1.6709,1.7470,1.8043,1.9252
2022-01-27,1.1921,1.6696,1.7305,1.7763,1.8788
2022-01-28,1.1667,1.6234,1.6856,1.7335,1.8430
2022-01-31,1.1801,1.6296,1.6940,1.7449,1.8636
2022-02-01,1.1839,1.6414,1.7062,1.7569,1.8745
2022-02-02,1.1691,1.6185,1.6810,1.7301,1.8467
2022-02-03,1.2035,1.6633,1.7263,1.7753,1.8892
2022-02-04,1.3336,1.7864,1.8448,1.8892,1.9922
2022-02-07,1.3211,1.7702,1.8279,1.8726,1.9794
2022-02-08,1.3697,1.8175,1.8728,1.9157,2.0196
2022-02-09,1.3919,1.8246,1.8737,1.9120,2.0104
2022-02-10,1.6245,1.9767,2.0030,2.0244,2.0965
2022-02-11,1.5338,1.8618,1.8902,1.9151,2.0000
2022-02-14,1.6241,1.9298,1.9546,1.9781,2.0630
2022-02-15,1.6183,1.9613,1.9947,2.0252,2.1237
2022-02-16,1.5632,1.9241,1.9634,1.9982,2.1029
2022-02-17,1.5234,1.8702,1.9068,1.9400,2.0456
2022-02-18,1.5178,1.8372,1.8692,1.8995,2.0009
2022-02-22,1.5860,1.8731,1.8957,1.9188,2.0084
2022-02-23,1.6184,1.9155,1.9388,1.9629,2.0555
2022-02-24,1.5646,1.8664,1.8951,1.9251,2.0338
2022-02-25,1.5962,1.8948,1.9205,1.9472,2.0474
2022-02-28,1.4624,1.7452,1.7713,1.7977,1.8978
2022-03-01,1.3410,1.5971,1.6252,1.6563,1.7766
2022-03-02,1.5433,1.7737,1.7944,1.8201,1.9271
2022-03-03,1.5647,1.7717,1.7858,1.8077,1.9155
2022-03-04,1.5233,1.6728,1.6729,1.6852,1.7844
2022-03-07,1.5766,1.7377,1.7364,1.7457,1.8321
2022-03-08,1.6616,1.8307,1.8260,1.8325,1.9135
2022-03-09,1.7045,1.8988,1.8963,1.9030,1.9797
2022-03-10,1.7393,1.9547,1.9525,1.9581,2.0303
2022-03-11,1.7710,1.9893,1.9831,1.9840,2.0443
2022-03-14,1.8840,2.1270,2.1270,2.1324,2.1948
2022-03-15,1.8773,2.1351,2.1347,2.1390,2.1990
2022-03-16,1.9742,2.2089,2.2015,2.1999,2.2432
2022-03-17,1.9705,2.2072,2.2022,2.2043,2.2611
2022-03-18,2.0092,2.1777,2.1588,2.1514,2.1951
2022-03-21,2.1847,2.3740,2.3531,2.3430,2.3751
2022-03-22,2.2208,2.4318,2.4156,2.4078,2.4380
2022-03-23,2.1788,2.3767,2.3640,2.3590,2.3897
2022-03-24,2.1970,2.4060,2.3936,2.3874,2.4104
2022-03-25,2.3484,2.5891,2.5857,2.5782,2.5634
2022-03-28,2.3991,2.5843,2.5543,2.5328,2.5250
2022-03-29,2.3944,2.5392,2.4997,2.4727,2.4652
2022-03-30,2.3518,2.4851,2.4438,2.4160,2.4099
2022-03-31,2.3212,2.4586,2.4178,2.3895,2.3793
2022-04-01,2.4774,2.5929,2.5333,2.4877,2.4386
2022-04-04,2.4603,2.5990,2.5484,2.5105,2.4773
2022-04-05,2.5370,2.7179,2.6747,2.6403,2.6028
2022-04-06,2.5272,2.7318,2.7045,2.6840,2.6707
2022-04-07,2.4998,2.7395,2.7276,2.7201,2.7296
2022-04-08,2.5648,2.8020,2.7885,2.7808,2.7947
2022-04-11,2.5413,2.8270,2.8245,2.8242,2.8495
2022-04-12,2.4102,2.6971,2.7086,2.7223,2.7815
2022-04-13,2.3939,2.6875,2.6961,2.7067,2.7597
2022-04-14,2.5019,2.8144,2.8278,2.8412,2.8931
2022-04-18,2.4962,2.8137,2.8338,2.8534,2.9180
2022-04-19,2.6293,2.9291,2.9378,2.9483,2.9961
2022-04-20,2.6150,2.8842,2.8849,2.8875,2.9145
2022-04-21,2.7048,2.9685,2.9655,2.9636,2.9776
2022-04-22,2.7279,2.9558,2.9505,2.9491,2.9715
2022-04-25,2.6454,2.8614,2.8531,2.8498,2.8731
2022-04-26,2.5660,2.8019,2.7992,2.7994,2.8282
2022-04-27,2.5962,2.8351,2.8355,2.8390,2.8749
2022-04-28,2.6478,2.8850,2.8833,2.8840,2.9095
2022-04-29,2.7267,2.9450,2.9411,2.9403,2.9624
2022-05-02,2.7533,3.0257,3.0289,3.0324,3.0595
2022-05-03,2.7986,3.0287,3.0252,3.0231,3.0370
2022-05-04,2.6984,2.9457,2.9544,2.9636,3.0031
2022-05-05,2.7474,3.0310,3.0521,3.0714,3.1298
2022-05-06,2.7673,3.0836,3.1140,3.1394,3.2051
2022-05-09,2.6327,2.9738,3.0112,3.0421,3.1212
2022-05-10,2.6579,2.9408,2.9657,2.9882,3.0551
2022-05-11,2.6732,2.9110,2.9270,2.9437,3.0024
2022-05-12,2.5814,2.8294,2.8434,2.8603,2.9300
2022-05-13,2.6401,2.9102,2.9310,2.9521,3.0254
2022-05-16,2.6019,2.8447,2.8626,2.8834,2.9655
2022-05-17,2.7343,2.9752,2.9838,2.9958,3.0567
2022-05-18,2.6882,2.9074,2.9082,2.9133,2.9603
2022-05-19,2.6345,2.8544,2.8571,2.8650,2.9236
2022-05-20,2.5988,2.8073,2.8101,2.8171,2.8683
2022-05-23,2.6447,2.8924,2.8937,2.8993,2.9529
2022-05-24,2.4970,2.7766,2.7798,2.7849,2.8388
2022-05-25,2.4851,2.7364,2.7443,2.7560,2.8256
2022-05-26,2.4677,2.7367,2.7444,2.7555,2.8276
2022-05-27,2.4725,2.7512,2.7577,2.7649,2.8217
2022-05-31,2.5308,2.8428,2.8562,2.8681,2.9301
2022-06-01,2.6601,2.9615,2.9659,2.9696,3.0114
2022-06-02,2.6513,2.9435,2.9479,2.9512,2.9920
2022-06-03,2.6825,2.9747,2.9790,2.9827,3.0249
2022-06-06,2.7527,3.0577,3.0647,3.0709,3.1175
2022-06-07,2.7594,3.0134,3.0157,3.0197,3.0627
2022-06-08,2.7902,3.0512,3.0553,3.0608,3.1084
2022-06-09,2.8397,3.0858,3.0831,3.0825,3.1171
2022-06-10,3.0871,3.2668,3.2548,3.2463,3.2520
2022-06-13,3.4397,3.5769,3.5565,3.5411,3.5275
2022-06-14,3.4988,3.6312,3.6262,3.6186,3.5997
2022-06-15,3.2660,3.3947,3.4042,3.4128,3.4416
2022-06-16,3.2112,3.3798,3.3663,3.3536,3.3520
2022-06-17,3.2575,3.3680,3.3628,3.3574,3.3548
2022-06-21,3.2780,3.3961,3.4000,3.4038,3.4239
2022-06-22,3.1334,3.2411,3.2442,3.2475,3.2679
2022-06-23,3.0808,3.1585,3.1619,3.1676,3.1996
2022-06-24,3.1011,3.1844,3.1901,3.1984,3.2383
2022-06-27,3.1715,3.2602,3.2645,3.2706,3.3028
2022-06-28,3.1850,3.2618,3.2672,3.2744,3.3080
2022-06-29,3.1243,3.1676,3.1722,3.1800,3.2177
2022-06-30,2.9996,3.0162,3.0300,3.0481,3.1117
2022-07-01,2.8969,2.8999,2.8989,2.9068,2.9720
2022-07-05,2.8882,2.8347,2.8457,2.8661,2.9502
2022-07-06,3.0414,2.9774,2.9774,2.9873,3.0496
2022-07-07,3.1021,3.0591,3.0595,3.0684,3.1235
2022-07-08,3.1908,3.1457,3.1457,3.1540,3.2072
2022-07-11,3.1371,3.0660,3.0589,3.0615,3.1040
2022-07-12,3.1166,3.0272,3.0172,3.0175,3.0559
2022-07-13,3.2013,3.0436,3.0174,3.0041,3.0162
2022-07-14,3.2108,3.0870,3.0646,3.0530,3.0633
2022-07-15,3.2021,3.0716,3.0464,3.0326,3.0395
2022-07-18,3.2140,3.0834,3.0599,3.0485,3.0647
2022-07-19,3.2782,3.1551,3.1273,3.1109,3.1124
2022-07-20,3.3016,3.1943,3.1653,3.1466,3.1388
2022-07-21,3.1356,3.0246,2.9907,2.9703,2.9784
2022-07-22,3.0174,2.8850,2.8534,2.8359,2.8527
2022-07-25,3.0579,2.9149,2.8821,2.8650,2.8881
2022-07-26,3.0864,2.9256,2.8849,2.8616,2.8756
2022-07-27,3.0152,2.8600,2.8263,2.8096,2.8390
2022-07-28,2.9037,2.7268,2.6970,2.6859,2.7351
2022-07-29,2.9261,2.7386,2.7044,2.6887,2.7264
2022-08-01,2.9250,2.6940,2.6504,2.6282,2.6570
2022-08-02,3.1007,2.8881,2.8335,2.8002,2.8026
2022-08-03,3.1246,2.8911,2.8309,2.7925,2.7829
2022-08-04,3.0521,2.8029,2.7473,2.7147,2.7235
2022-08-05,3.2742,3.0070,2.9366,2.8922,2.8798
2022-08-08,3.2438,2.9524,2.8794,2.8335,2.8192
2022-08-09,3.2958,3.0092,2.9304,2.8777,2.8459
2022-08-10,3.2482,2.9647,2.8931,2.8489,2.8427
2022-08-11,3.2469,3.0167,2.9580,2.9236,2.9346
2022-08-12,3.2685,3.0098,2.9411,2.8993,2.9000
2022-08-15,3.2153,2.9540,2.8867,2.8457,2.8472
2022-08-16,3.2640,2.9985,2.9254,2.8794,2.8716
2022-08-17,3.3179,3.0901,3.0169,2.9675,2.9430
2022-08-18,3.2679,3.0662,2.9994,2.9534,2.9285
2022-08-19,3.3034,3.1441,3.0885,3.0514,3.0413
2022-08-22,3.3688,3.2123,3.1538,3.1135,3.0932
2022-08-23,3.3452,3.2177,3.1669,3.1321,3.1180
2022-08-24,3.4113,3.2775,3.2252,3.1906,3.1824
2022-08-25,3.3948,3.2230,3.1619,3.1202,3.0998
2022-08-26,3.4272,3.2640,3.2025,3.1585,3.1239
2022-08-29,3.4606,3.3238,3.2687,3.2290,3.1975
2022-08-30,3.4975,3.3341,3.2738,3.2308,3.1948
2022-08-31,3.4901,3.3492,3.2986,3.2625,3.2344
2022-09-01,3.5510,3.4436,3.4004,3.3702,3.3525
2022-09-02,3.4554,3.3544,3.3213,3.2996,3.2972
2022-09-06,3.5546,3.4769,3.4453,3.4244,3.4233
2022-09-07,3.5167,3.4133,3.3807,3.3599,3.3596
2022-09-08,3.5653,3.4455,3.4069,3.3815,3.3763
2022-09-09,3.6460,3.4974,3.4525,3.4226,3.4102
2022-09-12,3.6568,3.5153,3.4760,3.4511,3.4494
2022-09-13,3.8336,3.6257,3.5696,3.5303,3.4957
2022-09-14,3.8778,3.6384,3.5755,3.5309,3.4863
2022-09-15,3.9476,3.7015,3.6361,3.5898,3.5407
2022-09-16,3.9384,3.6624,3.5999,3.5601,3.5369
2022-09-19,4.0208,3.7314,3.6613,3.6141,3.5716
2022-09-20,4.0322,3.8017,3.7520,3.7153,3.6634
2022-09-21,4.1078,3.7846,3.7143,3.6664,3.6092
2022-09-22,4.2091,3.9609,3.8997,3.8569,3.8013
2022-09-23,4.2901,4.0160,3.9248,3.8559,3.7599
2022-09-26,4.4079,4.2074,4.1262,4.0620,3.9592
2022-09-27,4.4233,4.2633,4.1946,4.1412,4.0617
2022-09-28,4.1993,3.9700,3.9072,3.8634,3.8166
2022-09-29,4.2713,4.0293,3.9621,3.9153,3.8629
2022-09-30,4.3302,4.1059,4.0396,3.9924,3.9366
2022-10-03,4.2252,3.9466,3.8732,3.8220,3.7711
2022-10-04,4.2063,3.8866,3.8097,3.7585,3.7164
2022-10-05,4.2542,4.0159,3.9655,3.9283,3.8747
2022-10-06,4.3333,4.0944,4.0432,4.0042,3.9415
2022-10-07,4.4158,4.1799,4.1055,4.0512,3.9844
2022-10-11,4.4062,4.1942,4.1467,4.1105,4.0525
2022-10-12,4.3896,4.1671,4.1190,4.0828,4.0271
2022-10-13,4.5586,4.2733,4.2108,4.1633,4.0875
2022-10-14,4.5903,4.3128,4.2509,4.2033,4.1245
2022-10-17,4.5455,4.2959,4.2411,4.1998,4.1363
2022-10-18,4.5193,4.2664,4.2111,4.1700,4.1094
2022-10-19,4.6433,4.3969,4.3317,4.2865,4.2348
2022-10-20,4.7106,4.5014,4.4312,4.3807,4.3228
2022-10-21,4.5806,4.3834,4.3385,4.3132,4.3170
2022-10-24,4.5910,4.4007,4.3626,4.3442,4.3642
2022-10-25,4.5187,4.3282,4.2801,4.2451,4.2088
2022-10-26,4.5164,4.2453,4.1911,4.1602,4.1581
2022-10-27,4.3807,4.1549,4.1209,4.1012,4.1001
2022-10-28,4.5190,4.2312,4.1942,4.1749,4.1762
2022-10-31,4.5841,4.3027,4.2656,4.2454,4.2433
2022-11-01,4.5845,4.3305,4.2862,4.2561,4.2248
2022-11-02,4.7019,4.3365,4.2711,4.2360,4.2403
2022-11-03,4.8009,4.3936,4.3264,4.2912,4.2886
2022-11-04,4.7518,4.3666,4.3174,4.2974,4.3228
2022-11-07,4.8100,4.4201,4.3732,4.3554,4.3834
2022-11-08,4.7603,4.3411,4.2943,4.2750,4.2927
2022-11-09,4.7024,4.3089,4.2733,4.2624,4.2948
2022-11-10,4.3614,4.0053,3.9549,3.9273,3.9349
2022-11-14,4.4342,4.0656,4.0116,3.9808,3.9806
2022-11-15,4.3835,3.9889,3.9324,3.9008,3.9030
2022-11-16,4.3546,3.8946,3.8242,3.7817,3.7645
2022-11-17,4.4373,4.0010,3.9302,3.8850,3.8528
2022-11-18,4.4972,4.0631,3.9897,3.9410,3.8973
2022-11-21,4.5946,4.0452,3.9886,3.9607,3.9562
2022-11-22,4.5051,4.0351,3.9525,3.8957,3.8335
2022-11-23,4.4863,3.9859,3.8982,3.8380,3.7703
2022-11-25,4.4640,3.9491,3.8614,3.8024,3.7429
2022-11-28,4.4776,3.9679,3.8806,3.8214,3.7591
2022-11-29,4.4923,4.0063,3.9239,3.8688,3.8142
2022-11-30,4.4051,3.8853,3.8064,3.7586,3.7358
2022-12-01,4.2934,3.7299,3.6492,3.6026,3.5909
2022-12-02,4.3089,3.7271,3.6428,3.5930,3.5720
2022-12-05,4.4198,3.8707,3.7805,3.7212,3.6648
2022-12-06,4.3686,3.7908,3.6962,3.6339,3.5739
2022-12-07,4.2848,3.6835,3.5885,3.5275,3.4751
2022-12-08,4.3373,3.7674,3.6746,3.6135,3.5523
2022-12-09,4.3572,3.8118,3.7260,3.6715,3.6270
2022-12-12,4.4065,3.8613,3.7721,3.7134,3.6556
2022-12-13,4.2700,3.7121,3.6254,3.5710,3.5311
2022-12-14,4.2638,3.6929,3.6057,3.5516,3.5154
2022-12-15,4.2684,3.6784,3.5838,3.5227,3.4700
2022-12-16,4.2221,3.6645,3.5824,3.5334,3.5108
2022-12-19,4.2781,3.7581,3.6790,3.6306,3.6022
2022-12-20,4.3022,3.8392,3.7726,3.7340,3.7233
2022-12-21,4.2676,3.8222,3.7621,3.7291,3.7273
2022-12-22,4.2992,3.8381,3.7692,3.7278,3.7086
2022-12-23,4.3508,3.9041,3.8378,3.7984,3.7833
2022-12-27,4.4162,3.9976,3.9356,3.8990,3.8866
2022-12-28,4.4179,4.0182,3.9611,3.9286,3.9246
2022-12-29,4.4255,3.9940,3.9307,3.8935,3.8817
2022-12-30,4.4893,4.0437,3.9785,3.9402,3.9281
2023-01-03,4.4465,3.9763,3.9041,3.8597,3.8346
2023-01-04,4.4016,3.8898,3.8107,3.7618,3.7321
2023-01-05,4.4683,3.9428,3.8567,3.8005,3.7498
2023-01-06,4.2894,3.7204,3.6467,3.6067,3.6028
2023-01-09,4.2502,3.6892,3.6204,3.5840,3.5842
2023-01-10,4.2916,3.7448,3.6825,3.6522,3.6658
2023-01-11,4.2563,3.6840,3.6191,3.5876,3.6007
2023-01-12,4.1736,3.5585,3.4910,3.4595,3.4798
2023-01-13,4.2505,3.6330,3.5532,3.5110,3.5159
2023-01-17,4.2066,3.6286,3.5660,3.5374,3.5591
2023-01-18,4.0964,3.4585,3.3918,3.3620,3.3881
2023-01-19,4.1396,3.4994,3.4320,3.4012,3.4228
2023-01-20,4.1911,3.5781,3.5115,3.4805,3.5011
2023-01-23,4.2433,3.6328,3.5618,3.5265,3.5381
2023-01-24,4.2225,3.5942,3.5191,3.4800,3.4813
2023-01-25,4.2085,3.5769,3.5050,3.4693,3.4794
2023-01-26,4.2489,3.6200,3.5459,3.5077,3.5100
2023-01-27,4.2674,3.6485,3.5767,3.5398,3.5407
2023-01-30,4.3096,3.7007,3.6238,3.5812,3.5686
2023-01-31,4.2608,3.6505,3.5815,3.5468,3.5513
2023-02-01,4.1367,3.4915,3.4287,3.4011,3.4221
2023-02-02,4.1411,3.4998,3.4339,3.4036,3.4207
2023-02-03,4.3408,3.6901,3.6065,3.5601,3.5460
2023-02-06,4.4669,3.8312,3.7358,3.6765,3.6307
2023-02-07,4.4933,3.8694,3.7749,3.7160,3.6727
2023-02-08,4.4728,3.8382,3.7482,3.6946,3.6628
2023-02-09,4.5199,3.8949,3.7989,3.7387,3.6933
2023-02-10,4.5384,3.9445,3.8603,3.8096,3.7775
2023-02-13,4.5608,3.9457,3.8510,3.7911,3.7409
2023-02-14,4.6473,4.0340,3.9310,3.8615,3.7852
2023-02-15,4.6723,4.0601,3.9968,3.9576,3.9089
2023-02-16,4.6688,4.0929,4.0000,3.9396,3.8845
2023-02-17,4.6510,4.0491,3.9575,3.9000,3.8544
2023-02-21,4.7414,4.1829,4.0932,4.0350,3.9816
2023-02-22,4.7456,4.1764,4.1187,4.0825,4.0349
2023-02-23,4.7308,4.1407,4.0796,4.0410,3.9896
2023-02-24,4.8404,4.2351,4.1675,4.1245,4.0666
2023-02-27,4.8180,4.2009,4.1343,4.0930,4.0411
2023-02-28,4.8391,4.2008,4.1314,4.0885,4.0355
2023-03-01,4.9288,4.2976,4.2274,4.1838,4.1278
2023-03-02,4.9389,4.3549,4.2916,4.2518,4.1982
2023-03-03,4.9135,4.2873,4.2134,4.1653,4.0951
2023-03-06,4.8878,4.3239,4.2211,4.1473,4.0436
2023-03-07,5.0550,4.3447,4.2473,4.1800,4.0760
2023-03-08,5.1060,4.3708,4.2664,4.1939,4.0803
2023-03-09,4.9456,4.2571,4.1671,4.1062,4.0186
2023-03-10,4.6634,4.0088,3.9203,3.8595,3.7730
2023-03-13,4.1344,3.7145,3.6664,3.6391,3.6258
2023-03-14,4.3011,3.8278,3.7652,3.7272,3.6978
2023-03-15,4.0273,3.6435,3.5970,3.5708,3.5635
2023-03-16,4.2553,3.7627,3.6942,3.6540,3.6347
2023-03-17,3.9118,3.5170,3.4813,3.4654,3.4806
2023-03-20,4.0216,3.6328,3.5927,3.5717,3.5722
2023-03-21,4.2560,3.7904,3.7329,3.6999,3.6814
2023-03-22,4.0496,3.6020,3.5643,3.5488,3.5683
2023-03-23,3.8447,3.4504,3.4270,3.4225,3.4655
2023-03-24,3.8406,3.4628,3.4369,3.4294,3.4643
2023-03-27,4.0673,3.6467,3.6100,3.5948,3.6158
2023-03-28,4.1347,3.6853,3.6404,3.6193,3.6312
2023-03-29,4.1695,3.7145,3.6678,3.6453,3.6537
2023-03-30,4.1864,3.7011,3.6516,3.6273,3.6325
2023-03-31,4.1331,3.6351,3.5875,3.5641,3.5677
2023-04-03,4.0566,3.5518,3.5104,3.4930,3.5098
2023-04-04,3.9175,3.4291,3.3981,3.3898,3.4264
2023-04-05,3.8715,3.3947,3.3619,3.3506,3.3781
2023-04-06,3.9034,3.4020,3.3635,3.3483,3.3706
2023-04-07,4.0610,3.5198,3.4715,3.4494,3.4599
2023-04-10,4.0764,3.5472,3.4981,3.4742,3.4783
2023-04-11,4.1061,3.5667,3.5145,3.4891,3.4931
2023-04-12,4.0277,3.4922,3.4517,3.4373,3.4665
2023-04-13,4.0417,3.5332,3.4965,3.4840,3.5130
2023-04-14,4.1620,3.6293,3.5845,3.5660,3.5846
2023-04-17,4.2417,3.7148,3.6679,3.6474,3.6615
2023-04-18,4.2604,3.7046,3.6523,3.6286,3.6414
2023-04-19,4.3080,3.7398,3.6818,3.6540,3.6605
2023-04-20,4.2123,3.6550,3.6059,3.5856,3.6058
2023-04-21,4.2299,3.6820,3.6353,3.6164,3.6375
2023-04-24,4.1790,3.6213,3.5762,3.5586,3.5823
2023-04-25,3.9701,3.4550,3.4271,3.4221,3.4646
2023-04-26,4.0089,3.4866,3.4584,3.4538,3.4991
2023-04-27,4.1768,3.6264,3.5869,3.5737,3.6036
2023-04-28,4.1334,3.5426,3.5007,3.4865,3.5152
2023-05-01,4.2172,3.6588,3.6227,3.6136,3.6544
2023-05-02,4.0553,3.4791,3.4470,3.4426,3.4966
2023-05-03,3.9782,3.3893,3.3648,3.3684,3.4425
2023-05-04,3.8373,3.3196,3.3127,3.3289,3.4240
2023-05-05,3.9931,3.4364,3.4156,3.4215,3.4989
2023-05-08,4.0727,3.5197,3.4975,3.5020,3.5770
2023-05-09,4.0886,3.5280,3.5052,3.5103,3.5894
2023-05-10,3.9625,3.4094,3.3964,3.4099,3.5063
2023-05-11,3.9572,3.3903,3.3691,3.3746,3.4528
2023-05-12,4.0404,3.4800,3.4548,3.4561,3.5231
2023-05-15,4.0432,3.4903,3.4730,3.4820,3.5672
2023-05-16,4.1130,3.5454,3.5250,3.5320,3.6143
2023-05-17,4.1883,3.6053,3.5748,3.5740,3.6454
2023-05-18,4.3102,3.7173,3.6801,3.6732,3.7307
2023-05-19,4.3391,3.7743,3.7395,3.7332,3.7868
2023-05-22,4.3574,3.7832,3.7502,3.7461,3.8058
2023-05-23,4.3793,3.7746,3.7358,3.7286,3.7883
2023-05-24,4.4376,3.8087,3.7660,3.7562,3.8130
2023-05-25,4.6062,3.9561,3.8983,3.8758,3.9085
2023-05-26,4.6491,3.9734,3.9059,3.8752,3.8918
2023-05-30,4.5366,3.8514,3.7916,3.7672,3.7932
2023-05-31,4.4627,3.7778,3.7229,3.7025,3.7350
2023-06-01,4.4066,3.7333,3.6828,3.6658,3.7032
2023-06-02,4.5586,3.8687,3.8038,3.7743,3.7867
2023-06-05,4.5293,3.8525,3.7908,3.7638,3.7811
2023-06-06,4.5675,3.8741,3.8050,3.7723,3.7814
2023-06-07,4.6114,3.9595,3.8972,3.8693,3.8844
2023-06-08,4.5782,3.8964,3.8263,3.7931,3.8039
2023-06-09,4.6420,3.9472,3.8691,3.8286,3.8236
2023-06-12,4.6147,3.9192,3.8452,3.8085,3.8113
2023-06-13,4.7236,4.0444,3.9612,3.9157,3.9025
2023-06-14,4.7948,4.0839,3.9826,3.9215,3.8796
2023-06-15,4.6708,3.9399,3.8481,3.7974,3.7813
2023-06-16,4.7492,4.0193,3.9146,3.8518,3.8140
2023-06-20,4.7283,3.9881,3.8838,3.8216,3.7834
2023-06-21,4.7281,3.9768,3.8706,3.8071,3.7669
2023-06-22,4.8010,4.0577,3.9482,3.8812,3.8353
2023-06-23,4.7613,4.0125,3.9084,3.8459,3.8023
2023-06-26,4.7398,3.9833,3.8825,3.8236,3.7876
2023-06-27,4.8218,4.0476,3.9349,3.8658,3.8143
2023-06-28,4.7849,3.9880,3.8736,3.8045,3.7585
2023-06-29,4.9478,4.1460,4.0515,4.0016,3.9718
2023-06-30,4.9211,4.1540,4.0579,3.9943,3.9109
2023-07-03,4.9898,4.2206,4.1197,4.0513,3.9550
2023-07-05,4.9886,4.2746,4.1842,4.1238,4.0415
2023-07-06,5.0436,4.3880,4.3019,4.2421,4.1512
2023-07-07,4.9845,4.3707,4.2926,4.2393,4.1627
2023-07-10,4.9140,4.2655,4.1796,4.1285,4.0854
2023-07-11,4.9238,4.2691,4.1765,4.1179,4.0559
2023-07-12,4.7870,4.0865,3.9969,3.9465,3.9255
2023-07-13,4.6520,3.9431,3.8644,3.8249,3.8275
2023-07-14,4.7881,4.0539,3.9517,3.8921,3.8637
2023-07-17,4.7706,4.0302,3.9293,3.8715,3.8488
2023-07-18,4.7749,4.0225,3.9160,3.8535,3.8236
2023-07-19,4.7753,3.9969,3.8825,3.8132,3.7705
2023-07-20,4.8408,4.1018,3.9904,3.9216,3.8736
2023-07-21,4.8517,4.1122,3.9986,3.9272,3.8713
2023-07-24,4.8823,4.1642,4.0572,3.9889,3.9182
2023-07-25,4.9132,4.2204,4.1163,4.0482,3.9692
2023-07-26,4.9020,4.1205,4.0272,3.9789,3.9571
2023-07-27,4.9595,4.3002,4.2019,4.1385,4.0699
2023-07-28,4.9097,4.2320,4.1344,4.0726,4.0116
2023-07-31,4.9226,4.2016,4.1147,4.0689,4.0477
2023-08-01,4.9510,4.2715,4.2011,4.1609,4.1290
2023-08-02,4.9185,4.2766,4.1944,4.1487,4.1277
2023-08-03,4.9371,4.3346,4.2586,4.2196,4.2311
2023-08-04,4.8202,4.1770,4.1026,4.0672,4.0894
2023-08-07,4.8131,4.1885,4.1239,4.0969,4.1332
2023-08-08,4.7878,4.1303,4.0595,4.0281,4.0586
2023-08-09,4.8282,4.1550,4.0751,4.0355,4.0498
2023-08-10,4.8589,4.2343,4.1639,4.1306,4.1494
2023-08-11,4.9272,4.3318,4.2584,4.2202,4.2236
2023-08-14,4.9845,4.3828,4.2962,4.2455,4.2258
2023-08-15,4.9658,4.3851,4.3087,4.2672,4.2646
2023-08-16,5.0040,4.4453,4.3692,4.3269,4.3216
2023-08-17,4.9767,4.4444,4.3794,4.3467,4.3569
2023-08-18,4.9539,4.4054,4.3363,4.3008,4.3113
2023-08-21,5.0091,4.4824,4.4157,4.3819,4.3957
2023-08-22,5.0570,4.5105,4.4639,4.4428,4.4448
2023-08-23,4.9697,4.3895,4.3088,4.2628,4.2497
2023-08-24,5.0096,4.4254,4.3434,4.2964,4.2828
2023-08-25,5.0522,4.4662,4.3804,4.3290,4.3017
2023-08-28,5.0263,4.4184,4.3316,4.2811,4.2620
2023-08-29,4.9187,4.2988,4.2204,4.1789,4.1810
2023-08-30,4.9215,4.3085,4.2334,4.1944,4.1974
2023-08-31,4.8900,4.2712,4.1995,4.1633,4.1678
2023-09-01,4.9020,4.3261,4.2648,4.2372,4.2591
2023-09-05,4.9837,4.4095,4.3414,4.3084,4.3257
2023-09-06,5.0495,4.4809,4.4335,4.4101,4.4029
2023-09-07,4.9866,4.4167,4.3472,4.3121,4.3227
2023-09-08,5.0041,4.4294,4.3546,4.3140,4.3106
2023-09-11,5.0019,4.4391,4.3692,4.3328,4.3372
2023-09-12,5.0230,4.4444,4.3660,4.3223,4.3149
2023-09-13,5.0004,4.4205,4.3447,4.3036,4.3001
2023-09-14,5.0254,4.4564,4.3783,4.3350,4.3304
2023-09-15,5.0482,4.4926,4.4466,4.4249,4.4236
2023-09-18,5.0734,4.5000,4.4493,4.4241,4.4163
2023-09-19,5.1068,4.5626,4.5034,4.4696,4.4467
2023-09-20,5.1322,4.5649,4.5002,4.4619,4.4295
2023-09-21,5.1426,4.6452,4.6051,4.5871,4.5903
2023-09-22,5.1155,4.6044,4.5624,4.5430,4.5442
2023-09-25,5.1179,4.6559,4.6293,4.6232,4.6541
2023-09-26,5.1244,4.6614,4.6362,4.6323,4.6707
2023-09-27,5.1777,4.7243,4.7000,4.6965,4.7337
2023-09-28,5.1027,4.6719,4.6555,4.6585,4.7090
2023-09-29,5.0850,4.6503,4.6384,4.6464,4.7107
2023-10-02,5.1453,4.7506,4.7413,4.7498,4.8102
2023-10-03,5.1883,4.8425,4.8410,4.8560,4.9304
2023-10-04,5.0827,4.7537,4.7566,4.7739,4.8499
2023-10-05,5.0638,4.7215,4.7260,4.7471,4.8381
2023-10-06,5.1114,4.7734,4.7628,4.7763,4.8796
2023-10-10,5.0048,4.6480,4.6419,4.6598,4.7706
2023-10-11,5.0211,4.6198,4.5958,4.5984,4.6793
2023-10-12,5.0913,4.7266,4.7245,4.7415,4.8275
2023-10-13,5.0741,4.6758,4.6656,4.6769,4.7536
2023-10-16,5.1139,4.7419,4.7358,4.7516,4.8422
2023-10-17,5.2255,4.8877,4.8774,4.8875,4.9595
2023-10-18,5.2269,4.9481,4.9331,4.9381,5.0101
2023-10-19,5.1853,4.9681,4.9740,4.9969,5.1033
2023-10-20,5.1064,4.8867,4.9006,4.9307,5.0498
2023-10-23,5.0802,4.8320,4.8409,4.8660,4.9714
2023-10-24,5.1082,4.8394,4.8410,4.8602,4.9544
2023-10-25,5.1601,4.9355,4.9443,4.9690,5.0735
2023-10-26,5.0827,4.8390,4.8496,4.8760,4.9823
2023-10-27,5.0409,4.7967,4.8128,4.8447,4.9648
2023-10-30,5.0661,4.8332,4.8495,4.8809,4.9979
2023-10-31,5.0943,4.8467,4.8583,4.8862,4.9976
2023-11-01,4.9721,4.7052,4.7213,4.7539,4.8764
2023-11-02,5.0080,4.6756,4.6685,4.6822,4.7712
2023-11-03,4.8538,4.5210,4.5256,4.5506,4.6650
2023-11-06,4.9551,4.6330,4.6317,4.6513,4.7562
2023-11-07,4.9259,4.5688,4.5602,4.5737,4.6652
2023-11-08,4.9375,4.5497,4.5413,4.5504,4.6128
2023-11-09,5.0367,4.6823,4.6794,4.6926,4.7617
2023-11-10,5.0589,4.6903,4.6806,4.6882,4.7457
2023-11-13,5.0409,4.6968,4.6915,4.7014,4.7603
2023-11-14,4.8253,4.4461,4.4378,4.4521,4.5459
2023-11-15,4.9242,4.5482,4.5321,4.5404,4.6278
2023-11-16,4.8480,4.4571,4.4447,4.4573,4.5554
2023-11-17,4.8959,4.4763,4.4497,4.4508,4.5316
2023-11-20,4.8974,4.4644,4.4349,4.4336,4.5091
2023-11-21,4.8705,4.4396,4.4145,4.4178,4.5048
2023-11-22,4.8948,4.4626,4.4366,4.4380,4.5163
2023-11-24,4.9446,4.5201,4.5088,4.5204,4.5999
2023-11-27,4.8729,4.4330,4.4069,4.4090,4.4917
2023-11-28,4.7646,4.3382,4.3275,4.3434,4.4523
2023-11-29,4.6721,4.2651,4.2607,4.2795,4.3832
2023-11-30,4.7436,4.3522,4.3470,4.3660,4.4748
2023-12-01,4.5749,4.1874,4.1892,4.2125,4.3230
2023-12-04,4.6586,4.2727,4.2682,4.2857,4.3837
2023-12-05,4.5932,4.1850,4.1765,4.1900,4.2764
2023-12-06,4.6121,4.1582,4.1361,4.1392,4.2081
2023-12-07,4.5910,4.1546,4.1378,4.1453,4.2231
2023-12-08,4.7156,4.2788,4.2510,4.2490,4.3102
2023-12-11,4.7175,4.2829,4.2565,4.2556,4.3188
2023-12-12,4.7218,4.2583,4.2240,4.2179,4.2773
2023-12-13,4.4777,4.0393,4.0265,4.0377,4.1243
2023-12-14,4.3810,3.9399,3.9242,3.9304,3.9978
2023-12-15,4.4371,3.9512,3.9237,3.9220,3.9797
2023-12-18,4.4464,3.9826,3.9592,3.9600,4.0204
2023-12-19,4.4298,3.9755,3.9532,3.9541,4.0120
2023-12-20,4.3477,3.9009,3.8813,3.8834,3.9405
2023-12-21,4.3381,3.9152,3.9000,3.9054,3.9684
2023-12-22,4.3090,3.9121,3.9024,3.9112,3.9780
2023-12-26,4.3310,3.9205,3.9054,3.9100,3.9696
2023-12-27,4.2679,3.8279,3.8032,3.7997,3.8459
2023-12-28,4.3031,3.8774,3.8543,3.8510,3.8928
2023-12-29,4.2715,3.8823,3.8725,3.8808,3.9458
2024-01-02,4.3484,3.9594,3.9446,3.9486,4.0043
2024-01-03,4.3334,3.9273,3.9114,3.9151,3.9718
2024-01-04,4.3897,3.9990,3.9849,3.9907,4.0540
2024-01-05,4.4028,4.0435,4.0346,4.0441,4.1140
2024-01-08,4.3589,3.9938,3.9868,3.9981,4.0716
2024-01-09,4.3649,3.9996,3.9918,4.0020,4.0725
2024-01-10,4.3667,4.0116,4.0058,4.0177,4.0924
2024-01-11,4.2655,3.9354,3.9372,3.9546,4.0388
2024-01-12,4.1365,3.8695,3.8830,3.9089,4.0088
2024-01-16,4.2263,3.9721,3.9894,4.0188,4.1266
2024-01-17,4.3392,4.0437,4.0499,4.0706,4.1601
2024-01-18,4.3442,4.0637,4.0743,4.0990,4.1989
2024-01-19,4.3965,4.0921,4.0969,4.1176,4.2105
2024-01-22,4.3738,4.0439,4.0460,4.0653,4.1589
2024-01-23,4.3692,4.0697,4.0777,4.1012,4.2014
2024-01-24,4.3999,4.1064,4.1150,4.1395,4.2427
2024-01-25,4.3295,4.0501,4.0634,4.0911,4.1988
2024-01-26,4.3657,4.0807,4.0904,4.1149,4.2157
2024-01-29,4.3110,3.9999,4.0064,4.0288,4.1273
2024-01-30,4.3629,4.0252,4.0230,4.0382,4.1214
2024-01-31,4.2721,3.9336,3.9342,3.9517,4.0399
2024-02-01,4.1963,3.8289,3.8174,3.8260,3.9038
2024-02-02,4.3750,4.0180,4.0100,4.0192,4.0858
2024-02-05,4.4754,4.1505,4.1450,4.1556,4.2236
2024-02-06,4.4001,4.0647,4.0595,4.0708,4.1417
2024-02-07,4.4159,4.0815,4.0762,4.0875,4.1593
2024-02-08,4.4575,4.1481,4.1456,4.1586,4.2316
2024-02-09,4.4777,4.1691,4.1652,4.1767,4.2454
2024-02-12,4.4714,4.1559,4.1525,4.1652,4.2382
2024-02-13,4.6572,4.3318,4.3198,4.3253,4.3830
2024-02-14,4.5889,4.2745,4.2672,4.2765,4.3420
2024-02-15,4.5700,4.2447,4.2373,4.2470,4.3146
2024-02-16,4.6496,4.3133,4.2999,4.3054,4.3677
2024-02-20,4.6001,4.2742,4.2661,4.2759,4.3465
2024-02-21,4.6466,4.3240,4.3151,4.3244,4.3941
2024-02-22,4.6971,4.3556,4.3382,4.3403,4.3959
2024-02-23,4.6801,4.3016,4.2757,4.2721,4.3217
2024-02-26,4.7121,4.3295,4.3016,4.2961,4.3418
2024-02-27,4.7202,4.3465,4.3209,4.3178,4.3704
2024-02-28,4.6642,4.2966,4.2763,4.2770,4.3332
2024-02-29,4.6593,4.2838,4.2616,4.2605,4.3124
2024-03-01,4.5526,4.1918,4.1785,4.1844,4.2472
2024-03-04,4.6217,4.2392,4.2192,4.2206,4.2791
2024-03-05,4.5604,4.1598,4.1372,4.1361,4.1870
2024-03-06,4.5769,4.1472,4.1161,4.1084,4.1492
2024-03-07,4.5252,4.1069,4.0820,4.0793,4.1289
2024-03-08,4.5050,4.0907,4.0693,4.0702,4.1293
2024-03-11,4.5407,4.1125,4.0859,4.0824,4.1324
2024-03-12,4.6109,4.1855,4.1564,4.1508,4.1975
2024-03-13,4.6354,4.2175,4.1880,4.1820,4.2283
2024-03-14,4.7034,4.3200,4.2943,4.2905,4.3383
2024-03-15,4.7380,4.3524,4.3210,4.3123,4.3520
2024-03-18,4.7517,4.3780,4.3486,4.3412,4.3813
2024-03-19,4.7046,4.3304,4.3061,4.3024,4.3456
2024-03-20,4.6269,4.2795,4.2647,4.2678,4.3215
2024-03-21,4.6450,4.2857,4.2680,4.2693,4.3212
2024-03-22,4.5990,4.2289,4.2098,4.2099,4.2584
2024-03-25,4.6228,4.2598,4.2415,4.2422,4.2927
2024-03-26,4.6317,4.2530,4.2316,4.2302,4.2779
2024-03-27,4.6066,4.2139,4.1898,4.1868,4.2338
2024-03-28,4.6605,4.2403,4.2062,4.1959,4.2332
2024-04-01,4.7438,4.3576,4.3262,4.3178,4.3591
2024-04-02,4.7270,4.3720,4.3484,4.3462,4.3990
2024-04-03,4.7009,4.3576,4.3383,4.3391,4.3946
2024-04-04,4.6732,4.3192,4.2981,4.2977,4.3510
2024-04-05,4.7585,4.4030,4.3768,4.3726,4.4230
2024-04-08,4.8038,4.4511,4.4199,4.4107,4.4503
2024-04-09,4.7597,4.3970,4.3654,4.3558,4.3923
2024-04-10,4.9845,4.6369,4.5919,4.5687,4.5767
2024-04-11,4.9627,4.6312,4.5887,4.5676,4.5825
2024-04-12,4.9026,4.5632,4.5240,4.5065,4.5280
2024-04-15,4.9571,4.6606,4.6286,4.6168,4.6510
2024-04-16,4.9884,4.7080,4.6780,4.6664,4.6940
2024-04-17,4.9495,4.6357,4.5981,4.5816,4.6081
2024-04-18,4.9897,4.6972,4.6625,4.6469,4.6680
2024-04-19,4.9758,4.6783,4.6429,4.6267,4.6455
2024-04-22,4.9708,4.6743,4.6404,4.6256,4.6477
2024-04-23,4.9332,4.6381,4.6086,4.5986,4.6337
2024-04-24,4.9521,4.6714,4.6455,4.6386,4.6801
2024-04-25,5.0094,4.7370,4.7089,4.6992,4.7319
2024-04-26,5.0078,4.7144,4.6823,4.6695,4.6962
2024-04-29,4.9848,4.6748,4.6393,4.6243,4.6502
2024-04-30,5.0494,4.7443,4.7057,4.6874,4.7052
2024-05-01,4.9745,4.6602,4.6267,4.6135,4.6426
2024-05-02,4.9056,4.5878,4.5621,4.5568,4.6029
2024-05-03,4.8220,4.4979,4.4768,4.4758,4.5287
2024-05-06,4.8431,4.5004,4.4712,4.4637,4.5083
2024-05-07,4.8440,4.4874,4.4542,4.4434,4.4812
2024-05-08,4.8538,4.5140,4.4840,4.4755,4.5155
2024-05-09,4.8233,4.4783,4.4510,4.4445,4.4858
2024-05-10,4.8716,4.5279,4.4969,4.4876,4.5274
2024-05-13,4.8641,4.5136,4.4820,4.4723,4.5111
2024-05-14,4.8218,4.4701,4.4436,4.4381,4.4811
2024-05-15,4.7337,4.3639,4.3398,4.3368,4.3853
2024-05-16,4.7917,4.4101,4.3849,4.3798,4.4157
2024-05-17,4.8189,4.4475,4.4142,4.4037,4.4416
2024-05-20,4.8345,4.4659,4.4326,4.4220,4.4597
2024-05-21,4.8235,4.4406,4.4049,4.3930,4.4311
2024-05-22,4.8666,4.4737,4.4306,4.4120,4.4375
2024-05-23,4.9218,4.5324,4.4996,4.4883,4.5117
2024-05-24,4.9371,4.5340,4.5021,4.4909,4.5105
2024-05-28,4.9533,4.5885,4.5457,4.5264,4.5501
2024-05-29,4.9785,4.6527,4.6351,4.6333,4.6660
2024-05-30,4.9340,4.5912,4.5713,4.5686,4.6025
2024-05-31,4.8904,4.5398,4.5215,4.5201,4.5563
2024-06-03,4.8294,4.4392,4.4017,4.3885,4.4253
2024-06-04,4.7781,4.3644,4.3252,4.3114,4.3495
2024-06-05,4.7363,4.3232,4.2875,4.2764,4.3153
2024-06-06,4.7232,4.3054,4.2693,4.2581,4.2983
2024-06-07,4.8701,4.4698,4.4275,4.4103,4.4403
2024-06-10,4.8746,4.4948,4.4734,4.4708,4.5079
2024-06-11,4.8220,4.4195,4.3838,4.3729,4.4153
2024-06-12,4.7528,4.3325,4.2981,4.2891,4.3362
2024-06-13,4.6853,4.2506,4.2176,4.2105,4.2632
2024-06-14,4.6880,4.2397,4.2018,4.1908,4.2362
2024-06-17,4.7522,4.3126,4.2703,4.2549,4.2923
2024-06-18,4.6919,4.2499,4.2138,4.2031,4.2441
2024-06-20,4.7087,4.2749,4.2409,4.2321,4.2770
2024-06-21,4.7088,4.2785,4.2441,4.2347,4.2776
2024-06-24,4.7125,4.2827,4.2469,4.2357,4.2732
2024-06-25,4.7064,4.2698,4.2330,4.2212,4.2576
2024-06-26,4.7661,4.3502,4.3160,4.3064,4.3478
2024-06-27,4.7362,4.3157,4.2825,4.2739,4.3176
2024-06-28,4.7448,4.3551,4.3303,4.3286,4.3851
2024-07-01,4.7940,4.4551,4.4411,4.4483,4.5235
2024-07-02,4.7598,4.4050,4.3883,4.3937,4.4674
2024-07-03,4.7233,4.3421,4.3220,4.3248,4.3934
2024-07-05,4.6187,4.2357,4.2214,4.2300,4.3118
2024-07-08,4.6327,4.2407,4.2225,4.2278,4.3043
2024-07-09,4.6363,4.2563,4.2426,4.2518,4.3347
2024-07-10,4.6332,4.2486,4.2334,4.2407,4.3188
2024-07-11,4.5106,4.1391,4.1304,4.1430,4.2298
2024-07-12,4.4574,4.1113,4.1101,4.1276,4.2197
2024-07-15,4.4551,4.1380,4.1430,4.1657,4.2686
2024-07-16,4.4346,4.0930,4.0918,4.1094,4.2015
2024-07-17,4.4304,4.0786,4.0764,4.0934,4.1860
2024-07-18,4.4673,4.1216,4.1199,4.1381,4.2351
2024-07-19,4.4989,4.1689,4.1667,4.1839,4.2778
2024-07-22,4.5099,4.1812,4.1794,4.1972,4.2935
2024-07-23,4.4731,4.1587,4.1605,4.1804,4.2786
2024-07-24,4.4444,4.1609,4.1724,4.2006,4.3162
2024-07-25,4.4697,4.1656,4.1700,4.1923,4.2963
2024-07-26,4.4061,4.0897,4.0950,4.1186,4.2266
2024-07-29,4.3996,4.0711,4.0739,4.0957,4.2013
2024-07-30,4.3762,4.0467,4.0495,4.0714,4.1773
2024-07-31,4.3167,3.9778,3.9808,4.0027,4.1082
2024-08-01,4.1728,3.8582,3.8672,3.8927,4.0026
2024-08-02,3.8842,3.6342,3.6503,3.6804,3.8000
2024-08-05,3.9002,3.6395,3.6494,3.6741,3.7831
2024-08-06,3.9989,3.7510,3.7668,3.7957,3.9093
2024-08-07,4.0168,3.8130,3.8351,3.8682,3.9871
2024-08-08,4.0533,3.8526,3.8741,3.9065,4.0238
2024-08-09,4.0690,3.8180,3.8361,3.8670,3.9820
2024-08-12,4.0221,3.7668,3.7864,3.8193,3.9401
2024-08-13,3.9471,3.6995,3.7174,3.7485,3.8683
2024-08-14,3.9510,3.6913,3.7050,3.7323,3.8443
2024-08-15,4.0973,3.8091,3.8201,3.8460,3.9520
2024-08-16,4.0592,3.7873,3.7952,3.8177,3.9180
2024-08-19,4.0603,3.7712,3.7750,3.7943,3.8879
2024-08-20,3.9918,3.7194,3.7256,3.7461,3.8413
2024-08-21,3.9251,3.6696,3.6804,3.7046,3.8080
2024-08-22,4.0013,3.7444,3.7550,3.7794,3.8830
2024-08-23,3.9082,3.6739,3.6892,3.7174,3.8298
2024-08-26,3.9222,3.6874,3.7021,3.7293,3.8388
2024-08-27,3.8952,3.6858,3.7072,3.7399,3.8588
2024-08-28,3.8962,3.6885,3.7106,3.7441,3.8655
2024-08-29,3.9214,3.7161,3.7387,3.7726,3.8942
2024-08-30,3.9419,3.7538,3.7771,3.8114,3.9338
2024-09-03,3.8947,3.6875,3.7075,3.7392,3.8575
2024-09-04,3.7766,3.5977,3.6218,3.6563,3.7795
2024-09-05,3.7599,3.5745,3.5974,3.6307,3.7509
2024-09-06,3.6727,3.5346,3.5657,3.6048,3.7348
2024-09-09,3.6757,3.5203,3.5476,3.5844,3.7121
2024-09-10,3.6006,3.4583,3.4893,3.5286,3.6608
2024-09-11,3.6352,3.4728,3.5010,3.5379,3.6644
2024-09-12,3.6460,3.4991,3.5282,3.5661,3.6957
2024-09-13,3.5749,3.4577,3.4895,3.5298,3.6663
2024-09-16,3.5577,3.4399,3.4688,3.5063,3.6358
2024-09-17,3.5889,3.4663,3.4934,3.5295,3.6562
2024-09-18,3.5999,3.5067,3.5389,3.5797,3.7172
2024-09-19,3.5845,3.5237,3.5605,3.6037,3.7428
2024-09-20,3.5591,3.5122,3.5502,3.5945,3.7365
2024-09-23,3.5687,3.5355,3.5738,3.6176,3.7571
2024-09-24,3.5248,3.5049,3.5478,3.5957,3.7451
2024-09-25,3.5676,3.5525,3.5957,3.6444,3.7961
2024-09-26,3.6330,3.5836,3.6184,3.6607,3.8007
2024-09-27,3.5680,3.5283,3.5660,3.6108,3.7574
2024-09-30,3.6638,3.6066,3.6393,3.6796,3.8149
2024-10-01,3.6214,3.5407,3.5711,3.6104,3.7471
2024-10-02,3.6399,3.5747,3.6083,3.6506,3.7948
2024-10-03,3.7103,3.6477,3.6803,3.7210,3.8586
2024-10-04,3.9357,3.8347,3.8543,3.8832,3.9931
2024-10-07,4.0052,3.8863,3.9115,3.9452,4.0582
2024-10-08,3.9799,3.8870,3.9091,3.9402,4.0540
2024-10-09,4.0149,3.9206,3.9494,3.9851,4.0992
2024-10-10,3.9920,3.9293,3.9599,3.9965,4.1149
2024-10-11,3.9527,3.8987,3.9377,3.9819,4.1147
2024-10-15,3.9581,3.8770,3.9034,3.9368,4.0504
2024-10-16,3.9391,3.8633,3.8912,3.9259,4.0417
2024-10-17,3.9790,3.9175,3.9550,3.9979,4.1273
2024-10-18,3.9535,3.8970,3.9362,3.9806,4.1138
2024-10-21,4.0331,3.9945,4.0368,4.0838,4.2219
2024-10-22,4.0491,4.0211,4.0627,4.1084,4.2417
2024-10-23,4.0974,4.0707,4.1100,4.1534,4.2806
2024-10-24,4.0800,4.0505,4.0868,4.1272,4.2466
2024-10-25,4.1155,4.0893,4.1264,4.1676,4.2891
2024-10-28,4.1449,4.1278,4.1647,4.2051,4.3226
2024-10-29,4.1328,4.1231,4.1621,4.2042,4.3252
2024-10-30,4.1790,4.1565,4.1888,4.2249,4.3314
2024-10-31,4.1718,4.1653,4.1959,4.2288,4.3237
2024-11-01,4.2231,4.2325,4.2691,4.3083,4.4197
2024-11-04,4.1887,4.1843,4.2172,4.2530,4.3566
2024-11-05,4.2053,4.1775,4.2039,4.2343,4.3256
2024-11-06,4.2771,4.2943,4.3303,4.3686,4.4764
2024-11-07,4.2197,4.1916,4.2229,4.2592,4.3697
2024-11-08,4.2771,4.2052,4.2181,4.2408,4.3363
2024-11-12,4.3620,4.3291,4.3455,4.3695,4.4634
2024-11-13,4.2965,4.3097,4.3414,4.3776,4.4892
2024-11-14,4.3595,4.3281,4.3445,4.3679,4.4573
2024-11-15,4.3174,4.3089,4.3372,4.3703,4.4725
2024-11-18,4.2982,4.2883,4.3182,4.3530,4.4612
2024-11-19,4.2909,4.2605,4.2865,4.3188,4.4241
2024-11-20,4.3283,4.2839,4.3004,4.3258,4.4279
2024-11-21,4.3584,4.3133,4.3279,4.3510,4.4467
2024-11-22,4.3729,4.3145,4.3260,4.3466,4.4372
2024-11-25,4.2934,4.1803,4.1846,4.2012,4.2908
2024-11-26,4.3000,4.2006,4.2113,4.2333,4.3310
2024-11-27,4.2598,4.1435,4.1514,4.1722,4.2729
2024-11-29,4.2035,4.0742,4.0882,4.1143,4.2193
2024-12-02,4.2182,4.0948,4.1022,4.1221,4.2171
2024-12-03,4.2158,4.1242,4.1363,4.1592,4.2576
2024-12-04,4.1619,4.0837,4.1030,4.1308,4.2287
2024-12-05,4.1802,4.0802,4.0878,4.1067,4.1965
2024-12-06,4.1371,4.0452,4.0571,4.0800,4.1787
2024-12-09,4.1576,4.0816,4.0933,4.1156,4.2155
2024-12-10,4.1694,4.1053,4.1179,4.1403,4.2378
2024-12-11,4.1846,4.1420,4.1594,4.1857,4.2914
2024-12-12,4.2068,4.1899,4.2120,4.2417,4.3528
2024-12-13,4.2531,4.2666,4.2925,4.3242,4.4341
2024-12-16,4.2530,4.2612,4.2858,4.3164,4.4238
2024-12-17,4.2539,4.2674,4.2932,4.3247,4.4331
2024-12-18,4.3414,4.4139,4.4420,4.4707,4.5546
2024-12-19,4.3319,4.4362,4.4748,4.5134,4.6225
2024-12-20,4.3123,4.3826,4.4164,4.4525,4.5628
2024-12-23,4.3523,4.4502,4.4882,4.5269,4.6381
2024-12-24,4.3529,4.4625,4.4999,4.5368,4.6390
2024-12-26,4.3380,4.4383,4.4761,4.5141,4.6228
2024-12-27,4.3358,4.4638,4.5075,4.5504,4.6684
2024-12-30,4.2687,4.3769,4.4197,4.4633,4.5892
2024-12-31,4.2715,4.3914,4.4362,4.4813,4.6089
2025-01-02,4.2630,4.3804,4.4254,4.4707,4.6005
2025-01-03,4.2906,4.4204,4.4661,4.5112,4.6367
2025-01-06,4.2896,4.4270,4.4755,4.5235,4.6567
2025-01-07,4.3103,4.4669,4.5205,4.5728,4.7154
2025-01-08,4.2993,4.4535,4.5080,4.5618,4.7103
2025-01-09,4.2927,4.4660,4.5229,4.5778,4.7253
2025-01-10,4.4011,4.5998,4.6555,4.7063,4.8317
2025-01-13,4.4164,4.6152,4.6712,4.7223,4.8484
2025-01-14,4.3919,4.5936,4.6521,4.7061,4.8413
2025-01-15,4.2996,4.4532,4.5060,4.5577,4.6981
2025-01-16,4.2636,4.3977,4.4537,4.5091,4.6568
2025-01-17,4.2999,4.4239,4.4710,4.5184,4.6527
2025-01-21,4.2987,4.4043,4.4460,4.4886,4.6117
2025-01-22,4.3153,4.4287,4.4716,4.5149,4.6382
2025-01-23,4.3095,4.4523,4.5010,4.5487,4.6793
2025-01-24,4.2980,4.4336,4.4817,4.5294,4.6616
2025-01-27,4.2079,4.3447,4.3948,4.4421,4.5642
2025-01-28,4.2135,4.3490,4.4017,4.4520,4.5817
2025-01-29,4.2423,4.3675,4.4174,4.4650,4.5890
2025-01-30,4.2097,4.3245,4.3745,4.4229,4.5504
2025-01-31,4.2416,4.3817,4.4342,4.4840,4.6125
2025-02-03,4.2801,4.3617,4.3995,4.4395,4.5603
2025-02-04,4.2259,4.3333,4.3806,4.4265,4.5474
2025-02-05,4.1929,4.2579,4.2978,4.3382,4.4493
2025-02-06,4.2198,4.2912,4.3285,4.3656,4.4670
2025-02-07,4.3011,4.3505,4.3782,4.4088,4.5067
2025-02-10,4.2955,4.3488,4.3780,4.4102,4.5126
2025-02-11,4.3086,4.3739,4.4064,4.4415,4.5502
2025-02-12,4.3791,4.4818,4.5193,4.5568,4.6634
2025-02-13,4.3289,4.3909,4.4208,4.4530,4.5524
2025-02-14,4.2815,4.3336,4.3632,4.3960,4.5005
2025-02-18,4.3215,4.4019,4.4361,4.4718,4.5791
2025-02-19,4.2957,4.3683,4.4035,4.4413,4.5572
2025-02-20,4.2819,4.3449,4.3784,4.4149,4.5292
2025-02-21,4.1951,4.2689,4.3089,4.3489,4.4589
2025-02-24,4.1734,4.2432,4.2844,4.3261,4.4409
2025-02-25,4.1081,4.1377,4.1758,4.2167,4.3352
2025-02-26,4.0776,4.0881,4.1256,4.1663,4.2854
2025-02-27,4.0829,4.1125,4.1539,4.1976,4.3226
2025-02-28,4.0114,4.0529,4.0977,4.1439,4.2733
2025-03-03,3.9693,3.9897,4.0315,4.0758,4.2024
2025-03-04,3.9711,4.0257,4.0743,4.1239,4.2618
2025-03-05,4.0175,4.0933,4.1420,4.1909,4.3243
2025-03-06,3.9881,4.0834,4.1380,4.1920,4.3366
2025-03-07,4.0130,4.1086,4.1634,4.2176,4.3630
2025-03-10,3.9171,4.0007,4.0563,4.1118,4.2626
2025-03-11,3.9550,4.0470,4.1058,4.1642,4.3209
2025-03-12,4.0124,4.0975,4.1541,4.2107,4.3638
2025-03-13,3.9614,4.0419,4.0992,4.1568,4.3129
2025-03-14,4.0319,4.1037,4.1566,4.2103,4.3574
2025-03-17,4.0691,4.1160,4.1628,4.2120,4.3517
2025-03-18,4.0509,4.0848,4.1318,4.1819,4.3249
2025-03-19,3.9912,4.0451,4.0963,4.1486,4.2926
2025-03-20,3.9651,4.0208,4.0728,4.1260,4.2732
2025-03-21,3.9509,4.0154,4.0714,4.1286,4.2866
2025-03-24,4.0409,4.1053,4.1596,4.2156,4.3715
2025-03-25,4.0109,4.0744,4.1302,4.1877,4.3474
2025-03-26,4.0325,4.1005,4.1574,4.2164,4.3806
2025-03-27,4.0199,4.1083,4.1713,4.2351,4.4087
2025-03-28,3.9314,3.9967,4.0580,4.1210,4.2956
2025-03-31,3.9171,3.9702,4.0289,4.0900,4.2608
2025-04-01,3.8902,3.9216,3.9765,4.0349,4.2010
2025-04-02,3.9308,3.9614,4.0151,4.0721,4.2340
2025-04-03,3.7403,3.7635,3.8282,3.8966,4.0905
2025-04-04,3.7091,3.7380,3.7990,3.8626,4.0422
2025-04-07,3.7536,3.8352,3.9098,3.9854,4.1916
2025-04-08,3.7429,3.8981,3.9899,4.0797,4.3148
2025-04-09,3.9548,4.0696,4.1439,4.2174,4.4114
2025-04-10,3.8843,4.0504,4.1434,4.2343,4.4713
2025-04-11,3.9997,4.1688,4.2536,4.3355,4.5457
2025-04-14,3.8795,4.0339,4.1229,4.2098,4.4358
2025-04-15,3.8764,3.9977,4.0843,4.1711,4.4023
2025-04-16,3.8028,3.9164,4.0063,4.0965,4.3374
2025-04-17,3.8337,3.9625,4.0563,4.1496,4.3960
2025-04-21,3.7785,3.9776,4.0906,4.2003,4.4811
2025-04-22,3.8330,3.9953,4.0983,4.1997,4.4635
2025-04-23,3.8926,4.0258,4.1172,4.2080,4.4469
2025-04-24,3.8252,3.9425,4.0335,4.1249,4.3674
2025-04-25,3.7959,3.9002,3.9900,4.0806,4.3229
2025-04-28,3.7143,3.8292,3.9243,4.0193,4.2702
2025-04-29,3.6853,3.7859,3.8781,3.9709,4.2184
2025-04-30,3.6274,3.7384,3.8384,3.9388,4.2061
2025-05-01,3.7324,3.8287,3.9244,4.0221,4.2856
2025-05-02,3.8547,3.9346,4.0218,4.1127,4.3626
2025-05-05,3.8624,3.9534,4.0443,4.1381,4.3943
2025-05-06,3.8124,3.9111,4.0055,4.1025,4.3652
2025-05-07,3.8071,3.8807,3.9708,4.0643,4.3206
2025-05-08,3.9202,4.0111,4.0967,4.1854,4.4285
2025-05-09,3.9079,4.0075,4.0947,4.1843,4.4276
2025-05-12,4.0135,4.1079,4.1884,4.2720,4.5025
2025-05-13,4.0436,4.1345,4.2157,4.3018,4.5444
2025-05-14,4.0800,4.1785,4.2580,4.3423,4.5805
2025-05-15,3.9900,4.0774,4.1619,4.2509,4.4989
2025-05-16,4.0084,4.0702,4.1492,4.2349,4.4811
2025-05-19,3.9921,4.0758,4.1620,4.2532,4.5081
2025-05-20,3.9906,4.0793,4.1690,4.2640,4.5298
2025-05-21,4.0249,4.1565,4.2560,4.3587,4.6384
2025-05-22,4.0215,4.1218,4.2165,4.3168,4.5975
2025-05-23,4.0274,4.0996,4.1902,4.2880,4.5669
2025-05-27,3.9930,4.0374,4.1219,4.2152,4.4864
2025-05-28,4.0232,4.0751,4.1609,4.2548,4.5257
2025-05-29,3.9752,4.0208,4.1076,4.2019,4.4714
2025-05-30,3.9383,3.9906,4.0821,4.1801,4.4555
2025-06-02,3.9679,4.0298,4.1221,4.2216,4.5042
2025-06-03,3.9893,4.0467,4.1354,4.2318,4.5084
2025-06-04,3.9026,3.9488,4.0379,4.1339,4.4058
2025-06-05,3.9571,4.0089,4.0915,4.1809,4.4364
2025-06-06,4.0601,4.1404,4.2219,4.3089,4.5552
2025-06-09,4.0303,4.1064,4.1899,4.2787,4.5287
2025-06-10,4.0280,4.0950,4.1764,4.2634,4.5099
2025-06-11,3.9637,4.0281,4.1124,4.2021,4.4545
2025-06-12,3.9261,3.9786,4.0598,4.1464,4.3910
2025-06-13,3.9703,4.0274,4.1097,4.1985,4.4526
2025-06-16,3.9879,4.0513,4.1374,4.2299,4.4931
2025-06-17,3.9651,3.9972,4.0771,4.1650,4.4202
2025-06-18,3.9539,3.9928,4.0756,4.1654,4.4226
2025-06-20,3.9211,3.9747,4.0615,4.1545,4.4173
2025-06-23,3.8553,3.9164,4.0079,4.1045,4.3739
2025-06-24,3.8194,3.8711,3.9629,4.0602,4.3321
2025-06-25,3.8053,3.8575,3.9507,4.0494,4.3257
2025-06-26,3.7501,3.8126,3.9101,4.0124,4.2951
2025-06-27,3.7799,3.8470,3.9450,4.0475,4.3308
2025-06-30,3.7476,3.8044,3.8987,3.9974,4.2700
2025-07-01,3.8075,3.8539,3.9412,4.0337,4.2923
2025-07-02,3.8160,3.8833,3.9752,4.0715,4.3379
2025-07-03,3.9097,3.9524,4.0390,4.1310,4.3885
2025-07-07,3.9137,3.9744,4.0658,4.1628,4.4340
2025-07-08,3.9245,3.9993,4.0926,4.1901,4.4588
2025-07-09,3.8731,3.9291,4.0195,4.1149,4.3801
2025-07-10,3.8863,3.9440,4.0324,4.1257,4.3854
2025-07-11,3.9161,4.0017,4.0969,4.1962,4.4695
2025-07-14,3.9066,3.9945,4.0913,4.1919,4.4683
2025-07-15,3.9646,4.0620,4.1584,4.2586,4.5339
2025-07-16,3.8992,4.0005,4.1033,4.2096,4.4994
2025-07-17,3.9299,4.0190,4.1185,4.2226,4.5091
2025-07-18,3.8848,3.9750,4.0769,4.1831,4.4742
2025-07-21,3.8591,3.9262,4.0243,4.1275,4.4133
2025-07-22,3.8391,3.8921,3.9886,4.0911,4.3781
2025-07-23,3.8914,3.9535,4.0476,4.1474,4.4265
2025-07-24,3.9294,3.9878,4.0787,4.1758,4.4496
2025-07-25,3.9179,3.9628,4.0508,4.1459,4.4172
2025-07-28,3.9256,3.9858,4.0767,4.1737,4.4471
2025-07-29,3.8865,3.9161,4.0006,4.0925,4.3559
2025-07-30,3.9571,3.9738,4.0544,4.1435,4.4022
2025-07-31,3.9560,3.9705,4.0507,4.1390,4.3948
2025-08-01,3.7111,3.7855,3.8808,3.9799,4.2536
2025-08-04,3.6963,3.7628,3.8576,3.9571,4.2341
2025-08-05,3.7290,3.7795,3.8699,3.9663,4.2377
2025-08-06,3.7101,3.7764,3.8723,3.9734,4.2554
2025-08-07,3.7425,3.8041,3.8966,3.9946,4.2697
2025-08-08,3.7672,3.8467,3.9399,4.0376,4.3099
2025-08-11,3.7677,3.8427,3.9340,4.0301,4.2991
2025-08-12,3.7390,3.8388,3.9370,4.0389,4.3202
2025-08-13,3.6873,3.7830,3.8811,3.9829,4.2639
2025-08-14,3.7431,3.8302,3.9273,4.0297,4.3157
2025-08-15,3.7653,3.8574,3.9576,4.0632,4.3582
2025-08-18,3.7739,3.8641,3.9640,4.0700,4.3678
2025-08-19,3.7556,3.8333,3.9311,4.0358,4.3327
2025-08-20,3.7448,3.8164,3.9133,4.0176,4.3149
2025-08-21,3.7931,3.8675,3.9631,4.0657,4.3582
2025-08-22,3.6893,3.7724,3.8744,3.9821,4.2840
2025-08-25,3.7307,3.8035,3.9012,4.0064,4.3065
2025-08-26,3.6754,3.7556,3.8598,3.9708,4.2847
2025-08-27,3.6526,3.7257,3.8321,3.9461,4.2699
2025-08-28,3.6644,3.7140,3.8143,3.9239,4.2412
2025-08-29,3.6398,3.7084,3.8142,3.9285,4.2554
2025-09-02,3.6808,3.7558,3.8619,3.9772,4.3094
2025-09-03,3.6405,3.7062,3.8086,3.9205,4.2446
2025-09-04,3.6113,3.6598,3.7601,3.8710,4.1970
2025-09-05,3.5347,3.6002,3.6993,3.8075,4.1221
2025-09-08,3.5176,3.5823,3.6789,3.7830,4.0815
2025-09-09,3.5602,3.6116,3.7035,3.8048,4.1026
2025-09-10,3.5564,3.5969,3.6839,3.7811,4.0713
2025-09-11,3.5507,3.5876,3.6707,3.7642,4.0458
2025-09-12,3.5757,3.6353,3.7220,3.8171,4.0963
2025-09-15,3.5529,3.6129,3.7014,3.7976,4.0762
2025-09-16,3.5279,3.5989,3.6898,3.7875,4.0673
2025-09-17,3.5474,3.6328,3.7235,3.8195,4.0911
2025-09-18,3.5823,3.6764,3.7672,3.8643,4.1428
2025-09-19,3.5886,3.6952,3.7883,3.8871,4.1683
2025-09-22,3.6132,3.7098,3.7992,3.8960,4.1788
2025-09-23,3.5977,3.6843,3.7723,3.8680,4.1483
2025-09-24,3.6280,3.7258,3.8135,3.9079,4.1827
2025-09-25,3.6846,3.7708,3.8514,3.9398,4.2023
2025-09-26,3.6747,3.7830,3.8682,3.9595,4.2243
2025-09-29,3.6543,3.7506,3.8339,3.9231,4.1807
2025-09-30,3.6285,3.7469,3.8358,3.9288,4.1905
2025-10-01,3.5682,3.6951,3.7882,3.8849,4.1543
2025-10-02,3.5665,3.6835,3.7737,3.8680,4.1328
2025-10-03,3.5953,3.7252,3.8154,3.9088,4.1688
2025-10-06,3.6172,3.7611,3.8541,3.9497,4.2149
2025-10-07,3.5917,3.7202,3.8119,3.9073,4.1742
2025-10-08,3.6065,3.7338,3.8237,3.9170,4.1783
2025-10-09,3.6125,3.7457,3.8360,3.9293,4.1887
2025-10-10,3.5341,3.6597,3.7497,3.8418,4.0958
2025-10-14,3.4876,3.6146,3.7082,3.8039,4.0668
2025-10-15,3.5163,3.6388,3.7313,3.8267,4.0907
2025-10-16,3.4352,3.5612,3.6565,3.7539,4.0205
2025-10-17,3.4730,3.6041,3.6979,3.7935,4.0553
2025-10-20,3.4748,3.5923,3.6836,3.7776,4.0374
2025-10-21,3.4644,3.5717,3.6608,3.7531,4.0093
2025-10-22,3.4545,3.5711,3.6612,3.7535,4.0069
2025-10-23,3.4980,3.6167,3.7058,3.7973,4.0500
2025-10-24,3.4965,3.6164,3.7061,3.7988,4.0560
2025-10-27,3.5158,3.6245,3.7099,3.7990,4.0485
2025-10-28,3.5091,3.6154,3.6996,3.7875,4.0342
2025-10-29,3.6172,3.7102,3.7895,3.8738,4.1141
2025-10-30,3.6283,3.7284,3.8111,3.8985,4.1466
2025-10-31,3.6180,3.7179,3.8025,3.8922,4.1474
2025-11-03,3.6216,3.7264,3.8115,3.9018,4.1601
2025-11-04,3.5971,3.7025,3.7873,3.8775,4.1359
2025-11-05,3.6529,3.7683,3.8536,3.9444,4.2063
2025-11-06,3.5845,3.6950,3.7821,3.8747,4.1407
2025-11-07,3.5738,3.6849,3.7736,3.8682,4.1406
2025-11-10,3.6063,3.7185,3.8041,3.8960,4.1629
2025-11-12,3.5812,3.6775,3.7615,3.8522,4.1171
2025-11-13,3.6079,3.7125,3.7983,3.8902,4.1557
2025-11-14,3.6324,3.7409,3.8274,3.9203,4.1907
2025-11-17,3.6282,3.7262,3.8105,3.9020,4.1711
2025-11-18,3.5923,3.7002,3.7898,3.8858,4.1644
2025-11-19,3.6026,3.7112,3.8011,3.8971,4.1738
2025-11-20,3.5690,3.6791,3.7707,3.8680,4.1464
2025-11-21,3.5230,3.6249,3.7181,3.8183,4.1080
2025-11-24,3.5143,3.6126,3.7040,3.8020,4.0846
2025-11-25,3.4899,3.5754,3.6671,3.7664,4.0552
2025-11-26,3.5058,3.5786,3.6670,3.7634,4.0458
2025-11-28,3.5239,3.6054,3.6946,3.7916,4.0749
2025-12-01,3.5642,3.6731,3.7639,3.8619,4.1483
2025-12-02,3.5383,3.6602,3.7550,3.8558,4.1446
2025-12-03,3.5093,3.6269,3.7217,3.8229,4.1144
2025-12-04,3.5518,3.6842,3.7787,3.8787,4.1649
2025-12-05,3.5857,3.7140,3.8036,3.9005,4.1883
2025-12-08,3.6055,3.7508,3.8413,3.9382,4.2234
2025-12-09,3.6337,3.7769,3.8621,3.9540,4.2289
2025-12-10,3.5612,3.7291,3.8282,3.9294,4.2081
2025-12-11,3.5524,3.7155,3.8101,3.9097,4.1973
2025-12-12,3.5572,3.7496,3.8511,3.9561,4.2531
2025-12-15,3.5296,3.7313,3.8357,3.9425,4.2388
2025-12-16,3.4965,3.6940,3.7999,3.9076,4.2039
2025-12-17,3.5075,3.7020,3.8069,3.9144,4.2128
2025-12-18,3.4830,3.6645,3.7680,3.8750,4.1753
2025-12-19,3.5052,3.6971,3.7997,3.9060,4.2059
2025-12-22,3.5268,3.7172,3.8170,3.9208,4.2177
2025-12-23,3.5602,3.7384,3.8307,3.9282,4.2144
2025-12-24,3.5595,3.7252,3.8147,3.9098,4.1909
2025-12-26,3.5128,3.6941,3.7930,3.8961,4.1904
2025-12-29,3.4905,3.6722,3.7724,3.8763,4.1704
2025-12-30,3.4760,3.6813,3.7860,3.8920,4.1831
2025-12-31,3.5029,3.7310,3.8375,3.9432,4.2277
2026-01-02,3.5037,3.7392,3.8486,3.9574,4.2508
2026-01-05,3.4820,3.7095,3.8187,3.9279,4.2236
2026-01-06,3.4946,3.7188,3.8279,3.9373,4.2346
2026-01-07,3.4934,3.6959,3.7990,3.9039,4.1939
2026-01-08,3.5105,3.7421,3.8486,3.9541,4.2379
2026-01-09,3.5612,3.7546,3.8500,3.9477,4.2219
2026-01-12,3.5621,3.7646,3.8624,3.9616,4.2362
2026-01-13,3.5424,3.7488,3.8494,3.9503,4.2256
2026-01-14,3.5332,3.7211,3.8179,3.9165,4.1902
2026-01-15,3.5853,3.7692,3.8605,3.9540,4.2162
2026-01-16,3.6192,3.8257,3.9189,4.0132,4.2748
2026-01-20,3.6165,3.8652,3.9697,4.0727,4.3482
2026-01-21,3.6095,3.8363,3.9372,4.0377,4.3101
2026-01-22,3.6248,3.8537,3.9515,4.0479,4.3058
2026-01-23,3.6127,3.8437,3.9415,4.0373,4.2919
2026-01-26,3.6000,3.8300,3.9267,4.0208,4.2698
2026-01-27,3.5792,3.8343,3.9362,4.0340,4.2897
2026-01-28,3.5961,3.8534,3.9566,4.0558,4.3144
2026-01-29,3.5639,3.8151,3.9207,4.0229,4.2914
2026-01-30,3.5355,3.8113,3.9208,4.0255,4.2971
2026-02-02,3.5772,3.8444,3.9530,4.0576,4.3312
2026-02-03,3.5784,3.8429,3.9508,4.0549,4.3273
2026-02-04,3.5712,3.8528,3.9621,4.0664,4.3368
2026-02-05,3.4873,3.7542,3.8663,3.9745,4.2576
2026-02-06,3.5136,3.7669,3.8762,3.9826,4.2634
2026-02-09,3.5040,3.7574,3.8675,3.9749,4.2582
2026-02-10,3.4704,3.7109,3.8181,3.9228,4.2001
2026-02-11,3.5314,3.7532,3.8564,3.9588,4.2347
2026-02-12,3.4827,3.6782,3.7784,3.8790,4.1522
2026-02-13,3.4212,3.6141,3.7177,3.8214,4.1019
2026-02-17,3.4565,3.6315,3.7298,3.8297,4.1036
2026-02-18,3.4806,3.6614,3.7603,3.8606,4.1354
2026-02-19,3.4844,3.6532,3.7502,3.8495,4.1245
2026-02-20,3.4967,3.6559,3.7516,3.8511,4.1310
2026-02-23,3.4527,3.5906,3.6880,3.7901,4.0793
2026-02-24,3.4737,3.6083,3.7033,3.8032,4.0880
2026-02-25,3.4910,3.6251,3.7174,3.8150,4.0950
2026-02-26,3.4636,3.5890,3.6817,3.7800,4.0616
2026-02-27,3.4028,3.5294,3.6268,3.7290,4.0177
2026-03-02,3.4989,3.6251,3.7159,3.8129,4.0950
2026-03-03,3.5189,3.6400,3.7292,3.8250,4.1052
2026-03-04,3.5616,3.6786,3.7632,3.8549,4.1283
2026-03-05,3.5961,3.7255,3.8081,3.8978,4.1685
2026-03-06,3.5862,3.7312,3.8162,3.9081,4.1849
2026-03-09,3.5858,3.7128,3.7955,3.8857,4.1585
2026-03-10,3.6026,3.7370,3.8185,3.9077,4.1813
2026-03-11,3.6473,3.7995,3.8829,3.9733,4.2497
2026-03-12,3.7463,3.9041,3.9825,4.0662,4.3199
2026-03-13,3.7297,3.8949,3.9777,4.0661,4.3329
2026-03-16,3.6820,3.8248,3.9057,3.9939,4.2652
2026-03-17,3.6719,3.8069,3.8864,3.9735,4.2435
2026-03-18,3.7462,3.8939,3.9711,4.0544,4.3091
2026-03-19,3.7949,3.9136,3.9840,4.0613,4.3025
2026-03-20,3.8976,4.0488,4.1261,4.2088,4.4590
2026-03-23,3.8459,3.9920,4.0694,4.1526,4.4058
2026-03-24,3.9195,4.0672,4.1403,4.2183,4.4540
2026-03-25,3.8713,4.0067,4.0775,4.1537,4.3875
2026-03-26,3.9679,4.1361,4.2063,4.2789,4.4920
2026-03-27,3.9078,4.0965,4.1764,4.2589,4.4995
2026-03-30,3.8290,3.9968,4.0747,4.1566,4.4008
2026-03-31,3.7943,3.9486,4.0247,4.1058,4.3511
2026-04-01,3.8109,3.9890,4.0676,4.1496,4.3926
2026-04-02,3.8001,3.9626,4.0391,4.1199,4.3621
2026-04-03,3.8512,4.0145,4.0900,4.1696,4.4073
2026-04-06,3.8442,4.0103,4.0842,4.1616,4.3916
2026-04-07,3.8179,3.9793,4.0557,4.1365,4.3793
2026-04-08,3.7921,3.9434,4.0188,4.0993,4.3439
2026-04-09,3.7816,3.9365,4.0134,4.0955,4.3446
2026-04-10,3.8000,3.9617,4.0392,4.1215,4.3692
2026-04-13,3.7827,3.9369,4.0140,4.0965,4.3467
2026-04-14,3.7533,3.8900,3.9651,4.0466,4.2983
2026-04-15,3.7649,3.9161,3.9929,4.0753,4.3263
2026-04-16,3.7714,3.9360,4.0158,4.1007,4.3569
2026-04-17,3.7112,3.8609,3.9409,4.0273,4.2918
2026-04-20,3.7217,3.8706,3.9492,4.0341,4.2935
2026-04-21,3.7700,3.9283,4.0053,4.0873,4.3353
2026-04-22,3.7792,3.9411,4.0179,4.0992,4.3445
2026-04-23,3.8094,3.9852,4.0626,4.1433,4.3834
2026-04-24,3.7696,3.9373,4.0161,4.0993,4.3491
2026-04-27,3.7921,3.9725,4.0528,4.1367,4.3859
2026-04-28,3.8230,4.0082,4.0866,4.1678,4.4069
2026-04-29,3.8922,4.0875,4.1648,4.2437,4.4725
2026-04-30,3.8481,4.0477,4.1280,4.2102,4.4497
2026-05-01,3.8548,4.0510,4.1295,4.2100,4.4441
2026-05-04,3.9144,4.1203,4.1991,4.2789,4.5087
2026-05-05,3.8963,4.1082,4.1863,4.2647,4.4882
2026-05-06,3.8372,4.0269,4.1032,4.1816,4.4108
2026-05-07,3.8771,4.0801,4.1569,4.2345,4.4583
2026-05-08,3.8597,4.0519,4.1271,4.2038,4.4269
2026-05-11,3.9013,4.1069,4.1828,4.2590,4.4772
2026-05-12,3.9420,4.1638,4.2415,4.3185,4.5350
2026-05-13,3.9306,4.1557,4.2348,4.3132,4.5341
2026-05-14,3.9486,4.1712,4.2477,4.3232,4.5343
2026-05-15,4.0269,4.3019,4.3864,4.4666,4.6792
2026-05-18,4.0298,4.3049,4.3900,4.4708,4.6856
2026-05-19,4.0656,4.3694,4.4582,4.5408,4.7533
2026-05-20,3.9978,4.2637,4.3480,4.4288,4.6463
2026-05-21,4.0297,4.2851,4.3656,4.4428,4.6501
2026-05-22,4.0717,4.3091,4.3836,4.4548,4.6466
2026-05-26,4.0042,4.2259,4.3002,4.3728,4.5741
2026-05-27,3.9932,4.2117,4.2853,4.3575,4.5578
2026-05-28,3.9819,4.1922,4.2637,4.3341,4.5307
2026-05-29,3.9718,4.1753,4.2470,4.3183,4.5198
2026-06-01,4.0057,4.2172,4.2879,4.3571,4.5491
2026-06-02,4.0032,4.2084,4.2771,4.3445,4.5318
2026-06-03,4.0337,4.2510,4.3209,4.3885,4.5733
2026-06-04,4.0057,4.2194,4.2901,4.3589,4.5490
2026-06-05,4.1077,4.3275,4.3955,4.4604,4.6342
2026-06-08,4.1038,4.3254,4.3949,4.4615,4.6408
2026-06-09,4.0789,4.2946,4.3636,4.4301,4.6109
2026-06-10,4.0841,4.3053,4.3758,4.4437,4.6280
2026-06-11,4.0194,4.2091,4.2754,4.3411,4.5266
2026-06-12,4.0446,4.2441,4.3112,4.3770,4.5599
2026-06-15,4.0229,4.2178,4.2850,4.3513,4.5378
2026-06-16,4.0105,4.1848,4.2481,4.3115,4.4936
2026-06-17,4.1563,4.3048,4.3584,4.4122,4.5673
2026-06-18,4.1320,4.2670,4.3185,4.3712,4.5260
2026-06-22,4.1899,4.3258,4.3772,4.4294,4.5822
2026-06-23,4.1581,4.3013,4.3550,4.4094,4.5678
2026-06-24,4.1082,4.2140,4.2620,4.3130,4.4699
2026-06-25,4.0892,4.1873,4.2360,4.2886,4.4529
2026-06-26,4.0608,4.1561,4.2061,4.2607,4.4331
2026-06-29,4.0769,4.1658,4.2139,4.2666,4.4343
2026-06-30,4.1117,4.2196,4.2710,4.3261,4.4966
2026-07-01,4.1421,4.2656,4.3192,4.3755,4.5464
2026-07-02,4.1195,4.2559,4.3141,4.3748,4.5568
2026-07-06,4.0970,4.2334,4.2926,4.3546,4.5414
2026-07-07,4.1539,4.3032,4.3636,4.4258,4.6102
2026-07-08,4.1740,4.3303,4.3916,4.4543,4.6381
2026-07-09,4.1380,4.2943,4.3571,4.4218,4.6123
2026-07-10,4.1751,4.3306,4.3918,4.4546,4.6390
2026-07-13,4.2330,4.3934,4.4539,4.5152,4.6930
2026-07-14,4.1578,4.3354,4.4006,4.4660,4.6538
2026-07-15,4.1044,4.2823,4.3496,4.4178,4.6153
2026-07-16,4.1280,4.3064,4.3734,4.4412,4.6369
2026-07-17,4.1418,4.3070,4.3702,4.4344,4.6215
2026-07-20,4.1754,4.3506,4.4154,4.4807,4.6691
2026-07-21,4.2226,4.3999,4.4636,4.5274,4.7095
2026-07-22,4.2662,4.4437,4.5068,4.5698,4.7488
2026-07-23,4.3109,4.4908,4.5536,4.6158,4.7912
2026-07-24,4.2917,4.4596,4.5215,4.5839,4.7628
2026-07-27,4.2832,4.4362,4.4947,4.5543,4.7279
2026-07-28,4.2390,4.3875,4.4462,4.5065,4.6840
2026-07-29,4.2094,4.4022,4.4730,4.5440,4.7472
2026-07-30,4.2071,4.4127,4.4849,4.5566,4.7585
2026-07-31,4.2541,4.4769,4.5522,4.6260,4.8302
2026-08-03,4.2267,4.4300,4.5018,4.5730,4.7744
2026-08-04,4.1714,4.3598,4.4301,4.5012,4.7062
2026-08-05,4.1632,4.3567,4.4279,4.4994,4.7044
2026-08-06,4.2181,4.4240,4.4951,4.5653,4.7628
2026-08-07,4.1680,4.3720,4.4453,4.5184,4.7260
2026-08-10,4.2145,4.4371,4.5125,4.5865,4.7920
2026-08-11,4.1970,4.4184,4.4942,4.5688,4.7769
2026-08-12,4.1742,4.3985,4.4757,4.5519,4.7647
2026-08-13,4.1240,4.3410,4.4181,4.4947,4.7115
2026-08-14,4.1445,4.3867,4.4677,4.5467,4.7650
